0 	 1.3500983652 	300.0000000006 	 0.9242362171 	 0.0201379863 	 0.2283075701 	 0.0000000000 	 0.0000000000 	 0.0000000000 	 0.0000000000 	-0.0000000000 	 0.0000000000 	 0.7515544436 	
1 	 1.3500983652 	300.0000000006 	 0.9242362171 	 0.0201379863 	 0.2283075701 	 0.0000000000 	 0.0000000000 	 0.0000000000 	 0.0000000000 	-0.0000000000 	 0.0000000000 	 0.7515544436 	
2 	 1.3500983652 	300.0000000006 	 0.9242362171 	 0.0201379863 	 0.2283075701 	 0.0000000000 	 0.0000000000 	 0.0000000000 	 0.0000000000 	-0.0000000000 	 0.0000000000 	 0.7515544436 	
3 	 1.3500983652 	300.0000000006 	 0.9242362171 	 0.0201379863 	 0.2283075701 	 0.0000000000 	 0.0000000000 	 0.0000000000 	 0.0000000000 	-0.0000000000 	 0.0000000000 	 0.7515544436 	
4 	 1.3500983652 	300.0000000006 	 0.9242362171 	 0.0201379863 	 0.2283075701 	 0.0000000000 	 0.0000000000 	 0.0000000000 	 0.0000000000 	-0.0000000000 	 0.0000000000 	 0.7515544436 	
5 	 1.3500983652 	300.0000000006 	 0.9242362171 	 0.0201379863 	 0.2283075701 	 0.0000000000 	 0.0000000000 	 0.0000000000 	 0.0000000000 	-0.0000000000 	 0.0000000000 	 0.7515544436 	
6 	 1.3500983652 	300.0000000006 	 0.9242362171 	 0.0201379863 	 0.2283075701 	 0.0000000000 	 0.0000000000 	 0.0000000000 	 0.0000000000 	-0.0000000000 	 0.0000000000 	 0.7515544436 	
7 	 1.3500983652 	300.0000000006 	 0.9242362171 	 0.0201379863 	 0.2283075701 	 0.0000000000 	 0.0000000000 	 0.0000000000 	 0.0000000000 	-0.0000000000 	 0.0000000000 	 0.7515544436 	
8 	 1.3500983652 	300.0000000006 	 0.9242362171 	 0.0201379863 	 0.2283075701 	 0.0000000000 	 0.0000000000 	 0.0000000000 	 0.0000000000 	-0.0000000000 	 0.0000000000 	 0.7515544436 	
9 	 1.3500983652 	300.0000000006 	 0.9242362171 	 0.0201379863 	 0.2283075701 	 0.0000000000 	 0.0000000000 	 0.0000000000 	 0.0000000000 	-0.0000000000 	 0.0000000000 	 0.7515544436 	
10 	 1.3500983652 	300.0000000006 	 0.9242362171 	 0.0201379863 	 0.2283075701 	 0.0000000000 	 0.0000000000 	 0.0000000000 	 0.0000000000 	-0.0000000000 	 0.0000000000 	 0.7515544436 	
11 	 1.3500983652 	300.0000000006 	 0.9242362171 	 0.0201379863 	 0.2283075701 	 0.0000000000 	 0.0000000000 	 0.0000000000 	 0.0000000000 	-0.0000000000 	 0.0000000000 	 0.7515544436 	
12 	 1.3500983652 	300.0000000006 	 0.9242362171 	 0.0201379863 	 0.2283075701 	 0.0000000000 	 0.0000000000 	 0.0000000000 	 0.0000000000 	-0.0000000000 	 0.0000000000 	 0.7515544436 	
13 	 1.3500983652 	300.0000000006 	 0.9242362171 	 0.0201379863 	 0.2283075701 	 0.0000000000 	 0.0000000000 	 0.0000000000 	 0.0000000000 	-0.0000000000 	 0.0000000000 	 0.7515544436 	
14 	 1.3500983652 	300.0000000006 	 0.9242362171 	 0.0201379863 	 0.2283075701 	 0.0000000000 	 0.0000000000 	 0.0000000000 	 0.0000000000 	-0.0000000000 	 0.0000000000 	 0.7515544436 	
15 	 1.3500983652 	300.0000000006 	 0.9242362171 	 0.0201379863 	 0.2283075701 	 0.0000000000 	 0.0000000000 	 0.0000000000 	 0.0000000000 	-0.0000000000 	 0.0000000000 	 0.7515544436 	
16 	 1.3500983652 	300.0000000006 	 0.9242362171 	 0.0201379863 	 0.2283075701 	 0.0000000000 	 0.0000000000 	 0.0000000000 	 0.0000000000 	-0.0000000000 	 0.0000000000 	 0.7515544436 	
17 	 1.3500983652 	300.0000000006 	 0.9242362171 	 0.0201379863 	 0.2283075701 	 0.0000000000 	 0.0000000000 	 0.0000000000 	 0.0000000000 	-0.0000000000 	 0.0000000000 	 0.7515544436 	
18 	 1.3500983652 	300.0000000006 	 0.9242362171 	 0.0201379863 	 0.2283075701 	 0.0000000000 	 0.0000000000 	 0.0000000000 	 0.0000000000 	-0.0000000000 	 0.0000000000 	 0.7515544436 	
19 	 1.3500983652 	300.0000000006 	 0.9242362171 	 0.0201379863 	 0.2283075701 	 0.0000000000 	 0.0000000000 	 0.0000000000 	 0.0000000000 	-0.0000000000 	 0.0000000000 	 0.7515544436 	
20 	 1.3500983652 	300.0000000006 	 0.9242362171 	 0.0201379863 	 0.2283075701 	 0.0000000000 	 0.0000000000 	 0.0000000000 	 0.0000000000 	-0.0000000000 	 0.0000000000 	 0.7515544436 	
21 	 1.3500983652 	300.0000000006 	 0.9242362171 	 0.0201379863 	 0.2283075701 	 0.0000000000 	 0.0000000000 	 0.0000000000 	 0.0000000000 	-0.0000000000 	 0.0000000000 	 0.7515544436 	
22 	 1.3500983652 	300.0000000006 	 0.9242362171 	 0.0201379863 	 0.2283075701 	 0.0000000000 	 0.0000000000 	 0.0000000000 	 0.0000000000 	-0.0000000000 	 0.0000000000 	 0.7515544436 	
23 	 1.3500983652 	300.0000000006 	 0.9242362171 	 0.0201379863 	 0.2283075701 	 0.0000000000 	 0.0000000000 	 0.0000000000 	 0.0000000000 	-0.0000000000 	 0.0000000000 	 0.7515544436 	
24 	 1.3500983652 	300.0000000006 	 0.9242362171 	 0.0201379863 	 0.2283075701 	 0.0000000000 	 0.0000000000 	 0.0000000000 	 0.0000000000 	-0.0000000000 	 0.0000000000 	 0.7515544436 	
25 	 1.3500983652 	300.0000000006 	 0.9242362171 	 0.0201379863 	 0.2283075701 	 0.0000000000 	 0.0000000000 	 0.0000000000 	 0.0000000000 	-0.0000000000 	 0.0000000000 	 0.7515544436 	
26 	 1.3500983652 	300.0000000006 	 0.9242362171 	 0.0201379863 	 0.2283075701 	 0.0000000000 	 0.0000000000 	 0.0000000000 	 0.0000000000 	-0.0000000000 	 0.0000000000 	 0.7515544436 	
27 	 1.3500983652 	300.0000000006 	 0.9242362171 	 0.0201379863 	 0.2283075701 	 0.0000000000 	 0.0000000000 	 0.0000000000 	 0.0000000000 	-0.0000000000 	 0.0000000000 	 0.7515544436 	
28 	 1.3500983652 	300.0000000006 	 0.9242362171 	 0.0201379863 	 0.2283075701 	 0.0000000000 	 0.0000000000 	 0.0000000000 	 0.0000000000 	-0.0000000000 	 0.0000000000 	 0.7515544436 	
29 	 1.3500983652 	300.0000000006 	 0.9242362171 	 0.0201379863 	 0.2283075701 	 0.0000000000 	 0.0000000000 	 0.0000000000 	 0.0000000000 	-0.0000000000 	 0.0000000000 	 0.7515544436 	
30 	 1.3500983652 	300.0000000006 	 0.9242362171 	 0.0201379863 	 0.2283075701 	 0.0000000000 	 0.0000000000 	 0.0000000000 	 0.0000000000 	-0.0000000000 	 0.0000000000 	 0.7515544436 	
31 	 1.3500983652 	300.0000000006 	 0.9242362171 	 0.0201379863 	 0.2283075701 	 0.0000000000 	 0.0000000000 	 0.0000000000 	 0.0000000000 	-0.0000000000 	 0.0000000000 	 0.7515544436 	
32 	 1.3500983652 	300.0000000006 	 0.9242362171 	 0.0201379863 	 0.2283075701 	 0.0000000000 	 0.0000000000 	 0.0000000000 	 0.0000000000 	-0.0000000000 	 0.0000000000 	 0.7515544436 	
33 	 1.3500983652 	300.0000000006 	 0.9242362171 	 0.0201379863 	 0.2283075701 	 0.0000000000 	 0.0000000000 	 0.0000000000 	 0.0000000000 	-0.0000000000 	 0.0000000000 	 0.7515544436 	
34 	 1.3500983652 	300.0000000006 	 0.9242362171 	 0.0201379863 	 0.2283075701 	 0.0000000000 	 0.0000000000 	 0.0000000000 	 0.0000000000 	-0.0000000000 	 0.0000000000 	 0.7515544436 	
35 	 1.3500983652 	300.0000000006 	 0.9242362171 	 0.0201379863 	 0.2283075701 	 0.0000000000 	 0.0000000000 	 0.0000000000 	 0.0000000000 	-0.0000000000 	 0.0000000000 	 0.7515544436 	
36 	 1.3500983652 	300.0000000006 	 0.9242362171 	 0.0201379863 	 0.2283075701 	 0.0000000000 	 0.0000000000 	 0.0000000000 	 0.0000000000 	-0.0000000000 	 0.0000000000 	 0.7515544436 	
37 	 1.3500983652 	300.0000000006 	 0.9242362171 	 0.0201379863 	 0.2283075701 	 0.0000000000 	 0.0000000000 	 0.0000000000 	 0.0000000000 	-0.0000000000 	 0.0000000000 	 0.7515544436 	
38 	 1.3500983652 	300.0000000006 	 0.9242362171 	 0.0201379863 	 0.2283075701 	 0.0000000000 	 0.0000000000 	 0.0000000000 	 0.0000000000 	-0.0000000000 	 0.0000000000 	 0.7515544436 	
39 	 1.3500983652 	300.0000000006 	 0.9242362171 	 0.0201379863 	 0.2283075701 	 0.0000000000 	 0.0000000000 	 0.0000000000 	 0.0000000000 	-0.0000000000 	 0.0000000000 	 0.7515544436 	
40 	 1.3500983652 	300.0000000006 	 0.9242362171 	 0.0201379863 	 0.2283075701 	 0.0000000000 	 0.0000000000 	 0.0000000000 	 0.0000000000 	-0.0000000000 	 0.0000000000 	 0.7515544436 	
41 	 1.3500983652 	300.0000000006 	 0.9242362171 	 0.0201379863 	 0.2283075701 	 0.0000000000 	 0.0000000000 	 0.0000000000 	 0.0000000000 	-0.0000000000 	 0.0000000000 	 0.7515544436 	
42 	 1.3500983652 	300.0000000006 	 0.9242362171 	 0.0201379863 	 0.2283075701 	 0.0000000000 	 0.0000000000 	 0.0000000000 	 0.0000000000 	-0.0000000000 	 0.0000000000 	 0.7515544436 	
43 	 1.3500983652 	300.0000000006 	 0.9242362171 	 0.0201379863 	 0.2283075701 	 0.0000000000 	 0.0000000000 	 0.0000000000 	 0.0000000000 	-0.0000000000 	 0.0000000000 	 0.7515544436 	
44 	 1.3500983652 	300.0000000006 	 0.9242362171 	 0.0201379863 	 0.2283075701 	 0.0000000000 	 0.0000000000 	 0.0000000000 	 0.0000000000 	-0.0000000000 	 0.0000000000 	 0.7515544436 	
45 	 1.3500983652 	300.0000000006 	 0.9242362171 	 0.0201379863 	 0.2283075701 	 0.0000000000 	 0.0000000000 	 0.0000000000 	 0.0000000000 	-0.0000000000 	 0.0000000000 	 0.7515544436 	
46 	 1.3500983652 	300.0000000006 	 0.9242362171 	 0.0201379863 	 0.2283075701 	 0.0000000000 	 0.0000000000 	 0.0000000000 	 0.0000000000 	-0.0000000000 	 0.0000000000 	 0.7515544436 	
47 	 1.3500983652 	300.0000000006 	 0.9242362171 	 0.0201379863 	 0.2283075701 	 0.0000000000 	 0.0000000000 	 0.0000000000 	 0.0000000000 	-0.0000000000 	 0.0000000000 	 0.7515544436 	
48 	 1.3500983652 	300.0000000006 	 0.9242362171 	 0.0201379863 	 0.2283075701 	 0.0000000000 	 0.0000000000 	 0.0000000000 	 0.0000000000 	-0.0000000000 	 0.0000000000 	 0.7515544436 	
49 	 1.3500983652 	300.0000000006 	 0.9242362171 	 0.0201379863 	 0.2283075701 	 0.0000000000 	 0.0000000000 	 0.0000000000 	 0.0000000000 	-0.0000000000 	 0.0000000000 	 0.7515544436 	
50 	 1.3500983652 	300.0000000006 	 0.9242362171 	 0.0201379863 	 0.2283075701 	 0.0000000000 	 0.0000000000 	 0.0000000000 	 0.0000000000 	-0.0000000000 	 0.0000000000 	 0.7515544436 	
51 	 1.3500983652 	300.0000000006 	 0.9242362171 	 0.0201379863 	 0.2283075701 	 0.0000000000 	 0.0000000000 	 0.0000000000 	 0.0000000000 	-0.0000000000 	 0.0000000000 	 0.7515544436 	
52 	 1.3500983652 	300.0000000006 	 0.9242362171 	 0.0201379863 	 0.2283075701 	 0.0000000000 	 0.0000000000 	 0.0000000000 	 0.0000000000 	-0.0000000000 	 0.0000000000 	 0.7515544436 	
53 	 1.3500983652 	300.0000000006 	 0.9242362171 	 0.0201379863 	 0.2283075701 	 0.0000000000 	 0.0000000000 	 0.0000000000 	 0.0000000000 	-0.0000000000 	 0.0000000000 	 0.7515544436 	
54 	 1.3500983652 	300.0000000006 	 0.9242362171 	 0.0201379863 	 0.2283075701 	 0.0000000000 	 0.0000000000 	 0.0000000000 	 0.0000000000 	-0.0000000000 	 0.0000000000 	 0.7515544436 	
55 	 1.3500983652 	300.0000000006 	 0.9242362171 	 0.0201379863 	 0.2283075701 	 0.0000000000 	 0.0000000000 	 0.0000000000 	 0.0000000000 	-0.0000000000 	 0.0000000000 	 0.7515544436 	
56 	 1.3500983652 	300.0000000006 	 0.9242362171 	 0.0201379863 	 0.2283075701 	 0.0000000000 	 0.0000000000 	 0.0000000000 	 0.0000000000 	-0.0000000000 	 0.0000000000 	 0.7515544436 	
57 	 1.3500983652 	300.0000000006 	 0.9242362171 	 0.0201379863 	 0.2283075701 	 0.0000000000 	 0.0000000000 	 0.0000000000 	 0.0000000000 	-0.0000000000 	 0.0000000000 	 0.7515544436 	
58 	 1.3500983652 	300.0000000006 	 0.9242362171 	 0.0201379863 	 0.2283075701 	 0.0000000000 	 0.0000000000 	 0.0000000000 	 0.0000000000 	-0.0000000000 	 0.0000000000 	 0.7515544436 	
59 	 1.3500983652 	300.0000000006 	 0.9242362171 	 0.0201379863 	 0.2283075701 	 0.0000000000 	 0.0000000000 	 0.0000000000 	 0.0000000000 	-0.0000000000 	 0.0000000000 	 0.7515544436 	
60 	 1.3500983652 	300.0000000006 	 0.9242362171 	 0.0201379863 	 0.2283075701 	 0.0000000000 	 0.0000000000 	 0.0000000000 	 0.0000000000 	-0.0000000000 	 0.0000000000 	 0.7515544436 	
61 	 1.3500983652 	300.0000000006 	 0.9242362171 	 0.0201379863 	 0.2283075701 	 0.0000000000 	 0.0000000000 	 0.0000000000 	 0.0000000000 	-0.0000000000 	 0.0000000000 	 0.7515544436 	
62 	 1.3500983652 	300.0000000006 	 0.9242362171 	 0.0201379863 	 0.2283075701 	 0.0000000000 	 0.0000000000 	 0.0000000000 	 0.0000000000 	-0.0000000000 	 0.0000000000 	 0.7515544436 	
63 	 1.3500983652 	300.0000000006 	 0.9242362171 	 0.0201379863 	 0.2283075701 	 0.0000000000 	 0.0000000000 	 0.0000000000 	 0.0000000000 	-0.0000000000 	 0.0000000000 	 0.7515544436 	
64 	 1.3500983652 	300.0000000006 	 0.9242362171 	 0.0201379863 	 0.2283075701 	 0.0000000000 	 0.0000000000 	 0.0000000000 	 0.0000000000 	-0.0000000000 	 0.0000000000 	 0.7515544436 	
65 	 1.3500983652 	300.0000000006 	 0.9242362171 	 0.0201379863 	 0.2283075701 	 0.0000000000 	 0.0000000000 	 0.0000000000 	 0.0000000000 	-0.0000000000 	 0.0000000000 	 0.7515544436 	
66 	 1.3500983652 	300.0000000006 	 0.9242362171 	 0.0201379863 	 0.2283075701 	 0.0000000000 	 0.0000000000 	 0.0000000000 	 0.0000000000 	-0.0000000000 	 0.0000000000 	 0.7515544436 	
67 	 1.3500983652 	300.0000000006 	 0.9242362171 	 0.0201379863 	 0.2283075701 	 0.0000000000 	 0.0000000000 	 0.0000000000 	 0.0000000000 	-0.0000000000 	 0.0000000000 	 0.7515544436 	
68 	 1.3500983652 	300.0000000006 	 0.9242362171 	 0.0201379863 	 0.2283075701 	 0.0000000000 	 0.0000000000 	 0.0000000000 	 0.0000000000 	-0.0000000000 	 0.0000000000 	 0.7515544436 	
69 	 1.3500983652 	300.0000000006 	 0.9242362171 	 0.0201379863 	 0.2283075701 	 0.0000000000 	 0.0000000000 	 0.0000000000 	 0.0000000000 	-0.0000000000 	 0.0000000000 	 0.7515544436 	
70 	 1.3500983652 	300.0000000006 	 0.9242362171 	 0.0201379863 	 0.2283075701 	 0.0000000000 	 0.0000000000 	 0.0000000000 	 0.0000000000 	-0.0000000000 	 0.0000000000 	 0.7515544436 	
71 	 1.3500983652 	300.0000000006 	 0.9242362171 	 0.0201379863 	 0.2283075701 	 0.0000000000 	 0.0000000000 	 0.0000000000 	 0.0000000000 	-0.0000000000 	 0.0000000000 	 0.7515544436 	
72 	 1.3500983652 	300.0000000006 	 0.9242362171 	 0.0201379863 	 0.2283075701 	 0.0000000000 	 0.0000000000 	 0.0000000000 	 0.0000000000 	-0.0000000000 	 0.0000000000 	 0.7515544436 	
73 	 1.3500983652 	300.0000000006 	 0.9242362171 	 0.0201379863 	 0.2283075701 	 0.0000000000 	 0.0000000000 	 0.0000000000 	 0.0000000000 	-0.0000000000 	 0.0000000000 	 0.7515544436 	
74 	 1.3500983652 	300.0000000006 	 0.9242362171 	 0.0201379863 	 0.2283075701 	 0.0000000000 	 0.0000000000 	 0.0000000000 	 0.0000000000 	-0.0000000000 	 0.0000000000 	 0.7515544436 	
75 	 1.3500983652 	300.0000000006 	 0.9242362171 	 0.0201379863 	 0.2283075701 	 0.0000000000 	 0.0000000000 	 0.0000000000 	 0.0000000000 	-0.0000000000 	 0.0000000000 	 0.7515544436 	
76 	 1.3500983652 	300.0000000006 	 0.9242362171 	 0.0201379863 	 0.2283075701 	 0.0000000000 	 0.0000000000 	 0.0000000000 	 0.0000000000 	-0.0000000000 	 0.0000000000 	 0.7515544436 	
77 	 1.3500983652 	300.0000000006 	 0.9242362171 	 0.0201379863 	 0.2283075701 	 0.0000000000 	 0.0000000000 	 0.0000000000 	 0.0000000000 	-0.0000000000 	 0.0000000000 	 0.7515544436 	
78 	 1.3500983652 	300.0000000006 	 0.9242362171 	 0.0201379863 	 0.2283075701 	 0.0000000000 	 0.0000000000 	 0.0000000000 	 0.0000000000 	-0.0000000000 	 0.0000000000 	 0.7515544436 	
79 	 1.3500983652 	300.0000000006 	 0.9242362171 	 0.0201379863 	 0.2283075701 	 0.0000000000 	 0.0000000000 	 0.0000000000 	 0.0000000000 	-0.0000000000 	 0.0000000000 	 0.7515544436 	
80 	 1.3500983652 	300.0000000006 	 0.9242362171 	 0.0201379863 	 0.2283075701 	 0.0000000000 	 0.0000000000 	 0.0000000000 	 0.0000000000 	-0.0000000000 	 0.0000000000 	 0.7515544436 	
81 	 1.3500983652 	300.0000000006 	 0.9242362171 	 0.0201379863 	 0.2283075701 	 0.0000000000 	 0.0000000000 	 0.0000000000 	 0.0000000000 	-0.0000000000 	 0.0000000000 	 0.7515544436 	
82 	 1.3500983652 	300.0000000006 	 0.9242362171 	 0.0201379863 	 0.2283075701 	 0.0000000000 	 0.0000000000 	 0.0000000000 	 0.0000000000 	-0.0000000000 	 0.0000000000 	 0.7515544436 	
83 	 1.3500983652 	300.0000000006 	 0.9242362171 	 0.0201379863 	 0.2283075701 	 0.0000000000 	 0.0000000000 	 0.0000000000 	 0.0000000000 	-0.0000000000 	 0.0000000000 	 0.7515544436 	
84 	 1.3500983652 	300.0000000006 	 0.9242362171 	 0.0201379863 	 0.2283075701 	 0.0000000000 	 0.0000000000 	 0.0000000000 	 0.0000000000 	-0.0000000000 	 0.0000000000 	 0.7515544436 	
85 	 1.3500983652 	300.0000000006 	 0.9242362171 	 0.0201379863 	 0.2283075701 	 0.0000000000 	 0.0000000000 	 0.0000000000 	 0.0000000000 	-0.0000000000 	 0.0000000000 	 0.7515544436 	
86 	 1.3500983652 	300.0000000006 	 0.9242362171 	 0.0201379863 	 0.2283075701 	 0.0000000000 	 0.0000000000 	 0.0000000000 	 0.0000000000 	-0.0000000000 	 0.0000000000 	 0.7515544436 	
87 	 1.3500983652 	300.0000000006 	 0.9242362171 	 0.0201379863 	 0.2283075701 	 0.0000000000 	 0.0000000000 	 0.0000000000 	 0.0000000000 	-0.0000000000 	 0.0000000000 	 0.7515544436 	
88 	 1.3500983652 	300.0000000006 	 0.9242362171 	 0.0201379863 	 0.2283075701 	 0.0000000000 	 0.0000000000 	 0.0000000000 	 0.0000000000 	-0.0000000000 	 0.0000000000 	 0.7515544436 	
89 	 1.3500983652 	300.0000000006 	 0.9242362171 	 0.0201379863 	 0.2283075701 	 0.0000000000 	 0.0000000000 	 0.0000000000 	 0.0000000000 	-0.0000000000 	 0.0000000000 	 0.7515544436 	
90 	 1.3500983652 	300.0000000006 	 0.9242362171 	 0.0201379863 	 0.2283075701 	 0.0000000000 	 0.0000000000 	 0.0000000000 	 0.0000000000 	-0.0000000000 	 0.0000000000 	 0.7515544436 	
91 	 1.3500983652 	300.0000000006 	 0.9242362171 	 0.0201379863 	 0.2283075701 	 0.0000000000 	 0.0000000000 	 0.0000000000 	 0.0000000000 	-0.0000000000 	 0.0000000000 	 0.7515544436 	
92 	 1.3500983652 	300.0000000006 	 0.9242362171 	 0.0201379863 	 0.2283075701 	 0.0000000000 	 0.0000000000 	 0.0000000000 	 0.0000000000 	-0.0000000000 	 0.0000000000 	 0.7515544436 	
93 	 1.3500983652 	300.0000000006 	 0.9242362171 	 0.0201379863 	 0.2283075701 	 0.0000000000 	 0.0000000000 	 0.0000000000 	 0.0000000000 	-0.0000000000 	 0.0000000000 	 0.7515544436 	
94 	 1.3500983652 	300.0000000006 	 0.9242362171 	 0.0201379863 	 0.2283075701 	 0.0000000000 	 0.0000000000 	 0.0000000000 	 0.0000000000 	-0.0000000000 	 0.0000000000 	 0.7515544436 	
95 	 1.3500983652 	300.0000000006 	 0.9242362171 	 0.0201379863 	 0.2283075701 	 0.0000000000 	 0.0000000000 	 0.0000000000 	 0.0000000000 	-0.0000000000 	 0.0000000000 	 0.7515544436 	
96 	 1.3500983652 	300.0000000006 	 0.9242362171 	 0.0201379863 	 0.2283075701 	 0.0000000000 	 0.0000000000 	 0.0000000000 	 0.0000000000 	-0.0000000000 	 0.0000000000 	 0.7515544436 	
97 	 1.3500983652 	300.0000000006 	 0.9242362171 	 0.0201379863 	 0.2283075701 	 0.0000000000 	 0.0000000000 	 0.0000000000 	 0.0000000000 	-0.0000000000 	 0.0000000000 	 0.7515544436 	
98 	 1.3500983652 	300.0000000006 	 0.9242362171 	 0.0201379863 	 0.2283075701 	 0.0000000000 	 0.0000000000 	 0.0000000000 	 0.0000000000 	-0.0000000000 	 0.0000000000 	 0.7515544436 	
99 	 1.3500983652 	300.0000000006 	 0.9242362171 	 0.0201379863 	 0.2283075701 	 0.0000000000 	 0.0000000000 	 0.0000000000 	 0.0000000000 	-0.0000000000 	 0.0000000000 	 0.7515544436 	
100 	 1.3500983652 	300.0000000006 	 0.9242362171 	 0.0201379863 	 0.2283075701 	 0.0000000000 	 0.0000000000 	 0.0000000000 	 0.0000000000 	-0.0000000000 	 0.0000000000 	 0.7515544436 	
101 	 1.3500983652 	300.0000000006 	 0.9242362171 	 0.0201379863 	 0.2283075701 	 0.0000000000 	 0.0000000000 	 0.0000000000 	 0.0000000000 	-0.0000000000 	 0.0000000000 	 0.7515544436 	
102 	 1.3500983652 	300.0000000006 	 0.9242362171 	 0.0201379863 	 0.2283075701 	 0.0000000000 	 0.0000000000 	 0.0000000000 	 0.0000000000 	-0.0000000000 	 0.0000000000 	 0.7515544436 	
103 	 1.3500983652 	300.0000000006 	 0.9242362171 	 0.0201379863 	 0.2283075701 	 0.0000000000 	 0.0000000000 	 0.0000000000 	 0.0000000000 	-0.0000000000 	 0.0000000000 	 0.7515544436 	
104 	 1.3500983652 	300.0000000006 	 0.9242362171 	 0.0201379863 	 0.2283075701 	 0.0000000000 	 0.0000000000 	 0.0000000000 	 0.0000000000 	-0.0000000000 	 0.0000000000 	 0.7515544436 	
105 	 1.3500983652 	300.0000000006 	 0.9242362171 	 0.0201379863 	 0.2283075701 	 0.0000000000 	 0.0000000000 	 0.0000000000 	 0.0000000000 	-0.0000000000 	 0.0000000000 	 0.7515544436 	
106 	 1.3500983652 	300.0000000006 	 0.9242362171 	 0.0201379863 	 0.2283075701 	 0.0000000000 	 0.0000000000 	 0.0000000000 	 0.0000000000 	-0.0000000000 	 0.0000000000 	 0.7515544436 	
107 	 1.3500983652 	300.0000000006 	 0.9242362171 	 0.0201379863 	 0.2283075701 	 0.0000000000 	 0.0000000000 	 0.0000000000 	 0.0000000000 	-0.0000000000 	 0.0000000000 	 0.7515544436 	
108 	 1.3500983652 	300.0000000006 	 0.9242362171 	 0.0201379863 	 0.2283075701 	 0.0000000000 	 0.0000000000 	 0.0000000000 	 0.0000000000 	-0.0000000000 	 0.0000000000 	 0.7515544436 	
109 	 1.3500983652 	300.0000000006 	 0.9242362171 	 0.0201379863 	 0.2283075701 	 0.0000000000 	 0.0000000000 	 0.0000000000 	 0.0000000000 	-0.0000000000 	 0.0000000000 	 0.7515544436 	
110 	 1.3500983652 	300.0000000006 	 0.9242362171 	 0.0201379863 	 0.2283075701 	 0.0000000000 	 0.0000000000 	 0.0000000000 	 0.0000000000 	-0.0000000000 	 0.0000000000 	 0.7515544436 	
111 	 1.3500983652 	300.0000000006 	 0.9242362171 	 0.0201379863 	 0.2283075701 	 0.0000000000 	 0.0000000000 	 0.0000000000 	 0.0000000000 	-0.0000000000 	 0.0000000000 	 0.7515544436 	
112 	 1.3500983652 	300.0000000006 	 0.9242362171 	 0.0201379863 	 0.2283075701 	 0.0000000000 	 0.0000000000 	 0.0000000000 	 0.0000000000 	-0.0000000000 	 0.0000000000 	 0.7515544436 	
113 	 1.3500983652 	300.0000000006 	 0.9242362171 	 0.0201379863 	 0.2283075701 	 0.0000000000 	 0.0000000000 	 0.0000000000 	 0.0000000000 	-0.0000000000 	 0.0000000000 	 0.7515544436 	
114 	 1.3500983652 	300.0000000006 	 0.9242362171 	 0.0201379863 	 0.2283075701 	 0.0000000000 	 0.0000000000 	 0.0000000000 	 0.0000000000 	-0.0000000000 	 0.0000000000 	 0.7515544436 	
115 	 1.3500983652 	300.0000000006 	 0.9242362171 	 0.0201379863 	 0.2283075701 	 0.0000000000 	 0.0000000000 	 0.0000000000 	 0.0000000000 	-0.0000000000 	 0.0000000000 	 0.7515544436 	
116 	 1.3500983652 	300.0000000006 	 0.9242362171 	 0.0201379863 	 0.2283075701 	 0.0000000000 	 0.0000000000 	 0.0000000000 	 0.0000000000 	-0.0000000000 	 0.0000000000 	 0.7515544436 	
117 	 1.3500983652 	300.0000000006 	 0.9242362171 	 0.0201379863 	 0.2283075701 	 0.0000000000 	 0.0000000000 	 0.0000000000 	 0.0000000000 	-0.0000000000 	 0.0000000000 	 0.7515544436 	
118 	 1.3500983652 	300.0000000006 	 0.9242362171 	 0.0201379863 	 0.2283075701 	 0.0000000000 	 0.0000000000 	 0.0000000000 	 0.0000000000 	-0.0000000000 	 0.0000000000 	 0.7515544436 	
119 	 1.3500983652 	300.0000000006 	 0.9242362171 	 0.0201379863 	 0.2283075701 	 0.0000000000 	 0.0000000000 	 0.0000000000 	 0.0000000000 	-0.0000000000 	 0.0000000000 	 0.7515544436 	
120 	 1.3500983652 	300.0000000006 	 0.9242362171 	 0.0201379863 	 0.2283075701 	 0.0000000000 	 0.0000000000 	 0.0000000000 	 0.0000000000 	-0.0000000000 	 0.0000000000 	 0.7515544436 	
121 	 1.3500983652 	300.0000000006 	 0.9242362171 	 0.0201379863 	 0.2283075701 	 0.0000000000 	 0.0000000000 	 0.0000000000 	 0.0000000000 	-0.0000000000 	 0.0000000000 	 0.7515544436 	
122 	 1.3500983652 	300.0000000006 	 0.9242362171 	 0.0201379863 	 0.2283075701 	 0.0000000000 	 0.0000000000 	 0.0000000000 	 0.0000000000 	-0.0000000000 	 0.0000000000 	 0.7515544436 	
123 	 1.3500983652 	300.0000000006 	 0.9242362171 	 0.0201379863 	 0.2283075701 	 0.0000000000 	 0.0000000000 	 0.0000000000 	 0.0000000000 	-0.0000000000 	 0.0000000000 	 0.7515544436 	
124 	 1.3500983652 	300.0000000006 	 0.9242362171 	 0.0201379863 	 0.2283075701 	 0.0000000000 	 0.0000000000 	 0.0000000000 	 0.0000000000 	-0.0000000000 	 0.0000000000 	 0.7515544436 	
125 	 1.3500983652 	300.0000000006 	 0.9242362171 	 0.0201379863 	 0.2283075701 	 0.0000000000 	 0.0000000000 	 0.0000000000 	 0.0000000000 	-0.0000000000 	 0.0000000000 	 0.7515544436 	
126 	 1.3500983652 	300.0000000006 	 0.9242362171 	 0.0201379863 	 0.2283075701 	 0.0000000000 	 0.0000000000 	 0.0000000000 	 0.0000000000 	-0.0000000000 	 0.0000000000 	 0.7515544436 	
127 	 1.3500983652 	300.0000000006 	 0.9242362171 	 0.0201379863 	 0.2283075701 	 0.0000000000 	 0.0000000000 	 0.0000000000 	 0.0000000000 	-0.0000000000 	 0.0000000000 	 0.7515544436 	
128 	 1.3500983652 	300.0000000006 	 0.9242362171 	 0.0201379863 	 0.2283075701 	 0.0000000000 	 0.0000000000 	 0.0000000000 	 0.0000000000 	-0.0000000000 	 0.0000000000 	 0.7515544436 	
129 	 1.3500983652 	300.0000000006 	 0.9242362171 	 0.0201379863 	 0.2283075701 	 0.0000000000 	 0.0000000000 	 0.0000000000 	 0.0000000000 	-0.0000000000 	 0.0000000000 	 0.7515544436 	
130 	 1.3500983652 	300.0000000006 	 0.9242362171 	 0.0201379863 	 0.2283075701 	 0.0000000000 	 0.0000000000 	 0.0000000000 	 0.0000000000 	-0.0000000000 	 0.0000000000 	 0.7515544436 	
131 	 1.3500983652 	300.0000000006 	 0.9242362171 	 0.0201379863 	 0.2283075701 	 0.0000000000 	 0.0000000000 	 0.0000000000 	 0.0000000000 	-0.0000000000 	 0.0000000000 	 0.7515544436 	
132 	 1.3500983652 	300.0000000006 	 0.9242362171 	 0.0201379863 	 0.2283075701 	 0.0000000000 	 0.0000000000 	 0.0000000000 	 0.0000000000 	-0.0000000000 	 0.0000000000 	 0.7515544436 	
133 	 1.3500983652 	300.0000000006 	 0.9242362171 	 0.0201379863 	 0.2283075701 	 0.0000000000 	 0.0000000000 	 0.0000000000 	 0.0000000000 	-0.0000000000 	 0.0000000000 	 0.7515544436 	
134 	 1.3500983652 	300.0000000006 	 0.9242362171 	 0.0201379863 	 0.2283075701 	 0.0000000000 	 0.0000000000 	 0.0000000000 	 0.0000000000 	-0.0000000000 	 0.0000000000 	 0.7515544436 	
135 	 1.3500983652 	300.0000000006 	 0.9242362171 	 0.0201379863 	 0.2283075701 	 0.0000000000 	 0.0000000000 	 0.0000000000 	 0.0000000000 	-0.0000000000 	 0.0000000000 	 0.7515544436 	
136 	 1.3500983652 	300.0000000006 	 0.9242362171 	 0.0201379863 	 0.2283075701 	 0.0000000000 	 0.0000000000 	 0.0000000000 	 0.0000000000 	-0.0000000000 	 0.0000000000 	 0.7515544436 	
137 	 1.3500983652 	300.0000000006 	 0.9242362171 	 0.0201379863 	 0.2283075701 	 0.0000000000 	 0.0000000000 	 0.0000000000 	 0.0000000000 	-0.0000000000 	 0.0000000000 	 0.7515544436 	
138 	 1.3500983652 	300.0000000006 	 0.9242362171 	 0.0201379863 	 0.2283075701 	 0.0000000000 	 0.0000000000 	 0.0000000000 	 0.0000000000 	-0.0000000000 	 0.0000000000 	 0.7515544436 	
139 	 1.3500983652 	300.0000000006 	 0.9242362171 	 0.0201379863 	 0.2283075701 	 0.0000000000 	 0.0000000000 	 0.0000000000 	 0.0000000000 	-0.0000000000 	 0.0000000000 	 0.7515544436 	
140 	 1.3500983652 	300.0000000006 	 0.9242362171 	 0.0201379863 	 0.2283075701 	 0.0000000000 	 0.0000000000 	 0.0000000000 	 0.0000000000 	-0.0000000000 	 0.0000000000 	 0.7515544436 	
141 	 1.3500983652 	300.0000000006 	 0.9242362171 	 0.0201379863 	 0.2283075701 	 0.0000000000 	 0.0000000000 	 0.0000000000 	 0.0000000000 	-0.0000000000 	 0.0000000000 	 0.7515544436 	
142 	 1.3500983652 	300.0000000006 	 0.9242362171 	 0.0201379863 	 0.2283075701 	 0.0000000000 	 0.0000000000 	 0.0000000000 	 0.0000000000 	-0.0000000000 	 0.0000000000 	 0.7515544436 	
143 	 1.3500983652 	300.0000000006 	 0.9242362171 	 0.0201379863 	 0.2283075701 	 0.0000000000 	 0.0000000000 	 0.0000000000 	 0.0000000000 	-0.0000000000 	 0.0000000000 	 0.7515544436 	
144 	 1.3500983652 	300.0000000006 	 0.9242362171 	 0.0201379863 	 0.2283075701 	 0.0000000000 	 0.0000000000 	 0.0000000000 	 0.0000000000 	-0.0000000000 	 0.0000000000 	 0.7515544436 	
145 	 1.3500983652 	300.0000000006 	 0.9242362171 	 0.0201379863 	 0.2283075701 	 0.0000000000 	 0.0000000000 	 0.0000000000 	 0.0000000000 	-0.0000000000 	 0.0000000000 	 0.7515544436 	
146 	 1.3500983652 	300.0000000006 	 0.9242362171 	 0.0201379863 	 0.2283075701 	 0.0000000000 	 0.0000000000 	 0.0000000000 	 0.0000000000 	-0.0000000000 	 0.0000000000 	 0.7515544436 	
147 	 1.3500983652 	300.0000000006 	 0.9242362171 	 0.0201379863 	 0.2283075701 	 0.0000000000 	 0.0000000000 	 0.0000000000 	 0.0000000000 	-0.0000000000 	 0.0000000000 	 0.7515544436 	
148 	 1.3500983652 	300.0000000006 	 0.9242362171 	 0.0201379863 	 0.2283075701 	 0.0000000000 	 0.0000000000 	 0.0000000000 	 0.0000000000 	-0.0000000000 	 0.0000000000 	 0.7515544436 	
149 	 1.3500983652 	300.0000000006 	 0.9242362171 	 0.0201379863 	 0.2283075701 	 0.0000000000 	 0.0000000000 	 0.0000000000 	 0.0000000000 	-0.0000000000 	 0.0000000000 	 0.7515544436 	
150 	 1.3500983652 	300.0000000006 	 0.9242362171 	 0.0201379863 	 0.2283075701 	 0.0000000000 	 0.0000000000 	 0.0000000000 	 0.0000000000 	-0.0000000000 	 0.0000000000 	 0.7515544436 	
151 	 1.3500983652 	300.0000000006 	 0.9242362171 	 0.0201379863 	 0.2283075701 	 0.0000000000 	 0.0000000000 	 0.0000000000 	 0.0000000000 	-0.0000000000 	 0.0000000000 	 0.7515544436 	
152 	 1.3500983652 	300.0000000006 	 0.9242362171 	 0.0201379863 	 0.2283075701 	 0.0000000000 	 0.0000000000 	 0.0000000000 	 0.0000000000 	-0.0000000000 	 0.0000000000 	 0.7515544436 	
153 	 1.3500983652 	300.0000000006 	 0.9242362171 	 0.0201379863 	 0.2283075701 	 0.0000000000 	 0.0000000000 	 0.0000000000 	 0.0000000000 	-0.0000000000 	 0.0000000000 	 0.7515544436 	
154 	 1.3500983652 	300.0000000006 	 0.9242362171 	 0.0201379863 	 0.2283075701 	 0.0000000000 	 0.0000000000 	 0.0000000000 	 0.0000000000 	-0.0000000000 	 0.0000000000 	 0.7515544436 	
155 	 1.3500983652 	300.0000000006 	 0.9242362171 	 0.0201379863 	 0.2283075701 	 0.0000000000 	 0.0000000000 	 0.0000000000 	 0.0000000000 	-0.0000000000 	 0.0000000000 	 0.7515544436 	
156 	 1.3500983652 	300.0000000006 	 0.9242362171 	 0.0201379863 	 0.2283075701 	 0.0000000000 	 0.0000000000 	 0.0000000000 	 0.0000000000 	-0.0000000000 	 0.0000000000 	 0.7515544436 	
157 	 1.3500983652 	300.0000000006 	 0.9242362171 	 0.0201379863 	 0.2283075701 	 0.0000000000 	 0.0000000000 	 0.0000000000 	 0.0000000000 	-0.0000000000 	 0.0000000000 	 0.7515544436 	
158 	 1.3500983652 	300.0000000006 	 0.9242362171 	 0.0201379863 	 0.2283075701 	 0.0000000000 	 0.0000000000 	 0.0000000000 	 0.0000000000 	-0.0000000000 	 0.0000000000 	 0.7515544436 	
159 	 1.3500983652 	300.0000000006 	 0.9242362171 	 0.0201379863 	 0.2283075701 	 0.0000000000 	 0.0000000000 	 0.0000000000 	 0.0000000000 	-0.0000000000 	 0.0000000000 	 0.7515544436 	
160 	 1.3500983652 	300.0000000006 	 0.9242362171 	 0.0201379863 	 0.2283075701 	 0.0000000000 	 0.0000000000 	 0.0000000000 	 0.0000000000 	-0.0000000000 	 0.0000000000 	 0.7515544436 	
161 	 1.3500983652 	300.0000000006 	 0.9242362171 	 0.0201379863 	 0.2283075701 	 0.0000000000 	 0.0000000000 	 0.0000000000 	 0.0000000000 	-0.0000000000 	 0.0000000000 	 0.7515544436 	
162 	 1.3500983652 	300.0000000006 	 0.9242362171 	 0.0201379863 	 0.2283075701 	 0.0000000000 	 0.0000000000 	 0.0000000000 	 0.0000000000 	-0.0000000000 	 0.0000000000 	 0.7515544436 	
163 	 1.3500983652 	300.0000000006 	 0.9242362171 	 0.0201379863 	 0.2283075701 	 0.0000000000 	 0.0000000000 	 0.0000000000 	 0.0000000000 	-0.0000000000 	 0.0000000000 	 0.7515544436 	
164 	 1.3500983652 	300.0000000006 	 0.9242362171 	 0.0201379863 	 0.2283075701 	 0.0000000000 	 0.0000000000 	 0.0000000000 	 0.0000000000 	-0.0000000000 	 0.0000000000 	 0.7515544436 	
165 	 1.3500983652 	300.0000000006 	 0.9242362171 	 0.0201379863 	 0.2283075701 	 0.0000000000 	 0.0000000000 	 0.0000000000 	 0.0000000000 	-0.0000000000 	 0.0000000000 	 0.7515544436 	
166 	 1.3500983652 	300.0000000006 	 0.9242362171 	 0.0201379863 	 0.2283075701 	 0.0000000000 	 0.0000000000 	 0.0000000000 	 0.0000000000 	-0.0000000000 	 0.0000000000 	 0.7515544436 	
167 	 1.3500983652 	300.0000000006 	 0.9242362171 	 0.0201379863 	 0.2283075701 	 0.0000000000 	 0.0000000000 	 0.0000000000 	 0.0000000000 	-0.0000000000 	 0.0000000000 	 0.7515544436 	
168 	 1.3500983652 	300.0000000006 	 0.9242362171 	 0.0201379863 	 0.2283075701 	 0.0000000000 	 0.0000000000 	 0.0000000000 	 0.0000000000 	-0.0000000000 	 0.0000000000 	 0.7515544436 	
169 	 1.3500983652 	300.0000000006 	 0.9242362171 	 0.0201379863 	 0.2283075701 	 0.0000000000 	 0.0000000000 	 0.0000000000 	 0.0000000000 	-0.0000000000 	 0.0000000000 	 0.7515544436 	
170 	 1.3500983652 	300.0000000006 	 0.9242362171 	 0.0201379863 	 0.2283075701 	 0.0000000000 	 0.0000000000 	 0.0000000000 	 0.0000000000 	-0.0000000000 	 0.0000000000 	 0.7515544436 	
171 	 1.3500983652 	300.0000000006 	 0.9242362171 	 0.0201379863 	 0.2283075701 	 0.0000000000 	 0.0000000000 	 0.0000000000 	 0.0000000000 	-0.0000000000 	 0.0000000000 	 0.7515544436 	
172 	 1.3500983652 	300.0000000006 	 0.9242362171 	 0.0201379863 	 0.2283075701 	 0.0000000000 	 0.0000000000 	 0.0000000000 	 0.0000000000 	-0.0000000000 	 0.0000000000 	 0.7515544436 	
173 	 1.3500983652 	300.0000000006 	 0.9242362171 	 0.0201379863 	 0.2283075701 	 0.0000000000 	 0.0000000000 	 0.0000000000 	 0.0000000000 	-0.0000000000 	 0.0000000000 	 0.7515544436 	
174 	 1.3500983652 	300.0000000006 	 0.9242362171 	 0.0201379863 	 0.2283075701 	 0.0000000000 	 0.0000000000 	 0.0000000000 	 0.0000000000 	-0.0000000000 	 0.0000000000 	 0.7515544436 	
175 	 1.3500983652 	300.0000000006 	 0.9242362171 	 0.0201379863 	 0.2283075701 	 0.0000000000 	 0.0000000000 	 0.0000000000 	 0.0000000000 	-0.0000000000 	 0.0000000000 	 0.7515544436 	
176 	 1.3500983652 	300.0000000006 	 0.9242362171 	 0.0201379863 	 0.2283075701 	 0.0000000000 	 0.0000000000 	 0.0000000000 	 0.0000000000 	-0.0000000000 	 0.0000000000 	 0.7515544436 	
177 	 1.3500983652 	300.0000000006 	 0.9242362171 	 0.0201379863 	 0.2283075701 	 0.0000000000 	 0.0000000000 	 0.0000000000 	 0.0000000000 	-0.0000000000 	 0.0000000000 	 0.7515544436 	
178 	 1.3500983652 	300.0000000006 	 0.9242362171 	 0.0201379863 	 0.2283075701 	 0.0000000000 	 0.0000000000 	 0.0000000000 	 0.0000000000 	-0.0000000000 	 0.0000000000 	 0.7515544436 	
179 	 1.3500983652 	300.0000000006 	 0.9242362171 	 0.0201379863 	 0.2283075701 	 0.0000000000 	 0.0000000000 	 0.0000000000 	 0.0000000000 	-0.0000000000 	 0.0000000000 	 0.7515544436 	
180 	 1.3500983652 	300.0000000006 	 0.9242362171 	 0.0201379863 	 0.2283075701 	 0.0000000000 	 0.0000000000 	 0.0000000000 	 0.0000000000 	-0.0000000000 	 0.0000000000 	 0.7515544436 	
181 	 1.3500983652 	300.0000000006 	 0.9242362171 	 0.0201379863 	 0.2283075701 	 0.0000000000 	 0.0000000000 	 0.0000000000 	 0.0000000000 	-0.0000000000 	 0.0000000000 	 0.7515544436 	
182 	 1.3500983652 	300.0000000006 	 0.9242362171 	 0.0201379863 	 0.2283075701 	 0.0000000000 	 0.0000000000 	 0.0000000000 	 0.0000000000 	-0.0000000000 	 0.0000000000 	 0.7515544436 	
183 	 1.3500983652 	300.0000000006 	 0.9242362171 	 0.0201379863 	 0.2283075701 	 0.0000000000 	 0.0000000000 	 0.0000000000 	 0.0000000000 	-0.0000000000 	 0.0000000000 	 0.7515544436 	
184 	 1.3500983652 	300.0000000006 	 0.9242362171 	 0.0201379863 	 0.2283075701 	 0.0000000000 	 0.0000000000 	 0.0000000000 	 0.0000000000 	-0.0000000000 	 0.0000000000 	 0.7515544436 	
185 	 1.3500983652 	300.0000000006 	 0.9242362171 	 0.0201379863 	 0.2283075701 	 0.0000000000 	 0.0000000000 	 0.0000000000 	 0.0000000000 	-0.0000000000 	 0.0000000000 	 0.7515544436 	
186 	 1.3500983652 	300.0000000006 	 0.9242362171 	 0.0201379863 	 0.2283075701 	 0.0000000000 	 0.0000000000 	 0.0000000000 	 0.0000000000 	-0.0000000000 	 0.0000000000 	 0.7515544436 	
187 	 1.3500983652 	300.0000000006 	 0.9242362171 	 0.0201379863 	 0.2283075701 	 0.0000000000 	 0.0000000000 	 0.0000000000 	 0.0000000000 	-0.0000000000 	 0.0000000000 	 0.7515544436 	
188 	 1.3500983652 	300.0000000006 	 0.9242362171 	 0.0201379863 	 0.2283075701 	 0.0000000000 	 0.0000000000 	 0.0000000000 	 0.0000000000 	-0.0000000000 	 0.0000000000 	 0.7515544436 	
189 	 1.3500983652 	300.0000000006 	 0.9242362171 	 0.0201379863 	 0.2283075701 	 0.0000000000 	 0.0000000000 	 0.0000000000 	 0.0000000000 	-0.0000000000 	 0.0000000000 	 0.7515544436 	
190 	 1.3500983652 	300.0000000006 	 0.9242362171 	 0.0201379863 	 0.2283075701 	 0.0000000000 	 0.0000000000 	 0.0000000000 	 0.0000000000 	-0.0000000000 	 0.0000000000 	 0.7515544436 	
191 	 1.3500983652 	300.0000000006 	 0.9242362171 	 0.0201379863 	 0.2283075701 	 0.0000000000 	 0.0000000000 	 0.0000000000 	 0.0000000000 	-0.0000000000 	 0.0000000000 	 0.7515544436 	
192 	 1.3500983652 	300.0000000006 	 0.9242362171 	 0.0201379863 	 0.2283075701 	 0.0000000000 	 0.0000000000 	 0.0000000000 	 0.0000000000 	-0.0000000000 	 0.0000000000 	 0.7515544436 	
193 	 1.3500983652 	300.0000000006 	 0.9242362171 	 0.0201379863 	 0.2283075701 	 0.0000000000 	 0.0000000000 	 0.0000000000 	 0.0000000000 	-0.0000000000 	 0.0000000000 	 0.7515544436 	
194 	 1.3500983652 	300.0000000006 	 0.9242362171 	 0.0201379863 	 0.2283075701 	 0.0000000000 	 0.0000000000 	 0.0000000000 	 0.0000000000 	-0.0000000000 	 0.0000000000 	 0.7515544436 	
195 	 1.3500983652 	300.0000000006 	 0.9242362171 	 0.0201379863 	 0.2283075701 	 0.0000000000 	 0.0000000000 	 0.0000000000 	 0.0000000000 	-0.0000000000 	 0.0000000000 	 0.7515544436 	
196 	 1.3500983652 	300.0000000006 	 0.9242362171 	 0.0201379863 	 0.2283075701 	 0.0000000000 	 0.0000000000 	 0.0000000000 	 0.0000000000 	-0.0000000000 	 0.0000000000 	 0.7515544436 	
197 	 1.3500983652 	300.0000000006 	 0.9242362171 	 0.0201379863 	 0.2283075701 	 0.0000000000 	 0.0000000000 	 0.0000000000 	 0.0000000000 	-0.0000000000 	 0.0000000000 	 0.7515544436 	
198 	 1.3500983652 	300.0000000006 	 0.9242362171 	 0.0201379863 	 0.2283075701 	 0.0000000000 	 0.0000000000 	 0.0000000000 	 0.0000000000 	-0.0000000000 	 0.0000000000 	 0.7515544436 	
199 	 1.3500983652 	300.0000000006 	 0.9242362171 	 0.0201379863 	 0.2283075701 	 0.0000000000 	 0.0000000000 	 0.0000000000 	 0.0000000000 	-0.0000000000 	 0.0000000000 	 0.7515544436 	
200 	 1.3500983652 	300.0000000006 	 0.9242362171 	 0.0201379863 	 0.2283075701 	 0.0000000000 	 0.0000000000 	 0.0000000000 	 0.0000000000 	-0.0000000000 	 0.0000000000 	 0.7515544436 	
201 	 1.3500983652 	300.0000000006 	 0.9242362171 	 0.0201379863 	 0.2283075701 	 0.0000000000 	 0.0000000000 	 0.0000000000 	 0.0000000000 	-0.0000000000 	 0.0000000000 	 0.7515544436 	
202 	 1.3500983652 	300.0000000006 	 0.9242362171 	 0.0201379863 	 0.2283075701 	 0.0000000000 	 0.0000000000 	 0.0000000000 	 0.0000000000 	-0.0000000000 	 0.0000000000 	 0.7515544436 	
203 	 1.3500983652 	300.0000000006 	 0.9242362171 	 0.0201379863 	 0.2283075701 	 0.0000000000 	 0.0000000000 	 0.0000000000 	 0.0000000000 	-0.0000000000 	 0.0000000000 	 0.7515544436 	
204 	 1.3500983652 	300.0000000006 	 0.9242362171 	 0.0201379863 	 0.2283075701 	 0.0000000000 	 0.0000000000 	 0.0000000000 	 0.0000000000 	-0.0000000000 	 0.0000000000 	 0.7515544436 	
205 	 1.3500983652 	300.0000000006 	 0.9242362171 	 0.0201379863 	 0.2283075701 	 0.0000000000 	 0.0000000000 	 0.0000000000 	 0.0000000000 	-0.0000000000 	 0.0000000000 	 0.7515544436 	
206 	 1.3500983652 	300.0000000006 	 0.9242362171 	 0.0201379863 	 0.2283075701 	 0.0000000000 	 0.0000000000 	 0.0000000000 	 0.0000000000 	-0.0000000000 	 0.0000000000 	 0.7515544436 	
207 	 1.3500983652 	300.0000000006 	 0.9242362171 	 0.0201379863 	 0.2283075701 	 0.0000000000 	 0.0000000000 	 0.0000000000 	 0.0000000000 	-0.0000000000 	 0.0000000000 	 0.7515544436 	
208 	 1.3500983652 	300.0000000006 	 0.9242362171 	 0.0201379863 	 0.2283075701 	 0.0000000000 	 0.0000000000 	 0.0000000000 	 0.0000000000 	-0.0000000000 	 0.0000000000 	 0.7515544436 	
209 	 1.3500983652 	300.0000000006 	 0.9242362171 	 0.0201379863 	 0.2283075701 	 0.0000000000 	 0.0000000000 	 0.0000000000 	 0.0000000000 	-0.0000000000 	 0.0000000000 	 0.7515544436 	
210 	 1.3500983652 	300.0000000006 	 0.9242362171 	 0.0201379863 	 0.2283075701 	 0.0000000000 	 0.0000000000 	 0.0000000000 	 0.0000000000 	-0.0000000000 	 0.0000000000 	 0.7515544436 	
211 	 1.3500983652 	300.0000000006 	 0.9242362171 	 0.0201379863 	 0.2283075701 	 0.0000000000 	 0.0000000000 	 0.0000000000 	 0.0000000000 	-0.0000000000 	 0.0000000000 	 0.7515544436 	
212 	 1.3500983652 	300.0000000006 	 0.9242362171 	 0.0201379863 	 0.2283075701 	 0.0000000000 	 0.0000000000 	 0.0000000000 	 0.0000000000 	-0.0000000000 	 0.0000000000 	 0.7515544436 	
213 	 1.3500983652 	300.0000000006 	 0.9242362171 	 0.0201379863 	 0.2283075701 	 0.0000000000 	 0.0000000000 	 0.0000000000 	 0.0000000000 	-0.0000000000 	 0.0000000000 	 0.7515544436 	
214 	 1.3500983652 	300.0000000006 	 0.9242362171 	 0.0201379863 	 0.2283075701 	 0.0000000000 	 0.0000000000 	 0.0000000000 	 0.0000000000 	-0.0000000000 	 0.0000000000 	 0.7515544436 	
215 	 1.3500983652 	300.0000000006 	 0.9242362171 	 0.0201379863 	 0.2283075701 	 0.0000000000 	 0.0000000000 	 0.0000000000 	 0.0000000000 	-0.0000000000 	 0.0000000000 	 0.7515544436 	
216 	 1.3500983652 	300.0000000006 	 0.9242362171 	 0.0201379863 	 0.2283075701 	 0.0000000000 	 0.0000000000 	 0.0000000000 	 0.0000000000 	-0.0000000000 	 0.0000000000 	 0.7515544436 	
217 	 1.3500983652 	300.0000000006 	 0.9242362171 	 0.0201379863 	 0.2283075701 	 0.0000000000 	 0.0000000000 	 0.0000000000 	 0.0000000000 	-0.0000000000 	 0.0000000000 	 0.7515544436 	
218 	 1.3500983652 	300.0000000006 	 0.9242362171 	 0.0201379863 	 0.2283075701 	 0.0000000000 	 0.0000000000 	 0.0000000000 	 0.0000000000 	-0.0000000000 	 0.0000000000 	 0.7515544436 	
219 	 1.3500983652 	300.0000000006 	 0.9242362171 	 0.0201379863 	 0.2283075701 	 0.0000000000 	 0.0000000000 	 0.0000000000 	 0.0000000000 	-0.0000000000 	 0.0000000000 	 0.7515544436 	
220 	 1.3500983652 	300.0000000006 	 0.9242362171 	 0.0201379863 	 0.2283075701 	 0.0000000000 	 0.0000000000 	 0.0000000000 	 0.0000000000 	-0.0000000000 	 0.0000000000 	 0.7515544436 	
221 	 1.3500983652 	300.0000000006 	 0.9242362171 	 0.0201379863 	 0.2283075701 	 0.0000000000 	 0.0000000000 	 0.0000000000 	 0.0000000000 	-0.0000000000 	 0.0000000000 	 0.7515544436 	
222 	 1.3500983652 	300.0000000006 	 0.9242362171 	 0.0201379863 	 0.2283075701 	 0.0000000000 	 0.0000000000 	 0.0000000000 	 0.0000000000 	-0.0000000000 	 0.0000000000 	 0.7515544436 	
223 	 1.3500983652 	300.0000000006 	 0.9242362171 	 0.0201379863 	 0.2283075701 	 0.0000000000 	 0.0000000000 	 0.0000000000 	 0.0000000000 	-0.0000000000 	 0.0000000000 	 0.7515544436 	
224 	 1.3500983652 	300.0000000006 	 0.9242362171 	 0.0201379863 	 0.2283075701 	 0.0000000000 	 0.0000000000 	 0.0000000000 	 0.0000000000 	-0.0000000000 	 0.0000000000 	 0.7515544436 	
225 	 1.3500983652 	300.0000000006 	 0.9242362171 	 0.0201379863 	 0.2283075701 	 0.0000000000 	 0.0000000000 	 0.0000000000 	 0.0000000000 	-0.0000000000 	 0.0000000000 	 0.7515544436 	
226 	 1.3500983652 	300.0000000006 	 0.9242362171 	 0.0201379863 	 0.2283075701 	 0.0000000000 	 0.0000000000 	 0.0000000000 	 0.0000000000 	-0.0000000000 	 0.0000000000 	 0.7515544436 	
227 	 1.3500983652 	300.0000000006 	 0.9242362171 	 0.0201379863 	 0.2283075701 	 0.0000000000 	 0.0000000000 	 0.0000000000 	 0.0000000000 	-0.0000000000 	 0.0000000000 	 0.7515544436 	
228 	 1.3500983652 	300.0000000006 	 0.9242362171 	 0.0201379863 	 0.2283075701 	 0.0000000000 	 0.0000000000 	 0.0000000000 	 0.0000000000 	-0.0000000000 	 0.0000000000 	 0.7515544436 	
229 	 1.3500983652 	300.0000000006 	 0.9242362171 	 0.0201379863 	 0.2283075701 	 0.0000000000 	 0.0000000000 	 0.0000000000 	 0.0000000000 	-0.0000000000 	 0.0000000000 	 0.7515544436 	
230 	 1.3500983652 	300.0000000006 	 0.9242362171 	 0.0201379863 	 0.2283075701 	 0.0000000000 	 0.0000000000 	 0.0000000000 	 0.0000000000 	-0.0000000000 	 0.0000000000 	 0.7515544436 	
231 	 1.3500983652 	300.0000000006 	 0.9242362171 	 0.0201379863 	 0.2283075701 	 0.0000000000 	 0.0000000000 	 0.0000000000 	 0.0000000000 	-0.0000000000 	 0.0000000000 	 0.7515544436 	
232 	 1.3500983652 	300.0000000006 	 0.9242362171 	 0.0201379863 	 0.2283075701 	 0.0000000000 	 0.0000000000 	 0.0000000000 	 0.0000000000 	-0.0000000000 	 0.0000000000 	 0.7515544436 	
233 	 1.3500983652 	300.0000000006 	 0.9242362171 	 0.0201379863 	 0.2283075701 	 0.0000000000 	 0.0000000000 	 0.0000000000 	 0.0000000000 	-0.0000000000 	 0.0000000000 	 0.7515544436 	
234 	 1.3500983652 	300.0000000006 	 0.9242362171 	 0.0201379863 	 0.2283075701 	 0.0000000000 	 0.0000000000 	 0.0000000000 	 0.0000000000 	-0.0000000000 	 0.0000000000 	 0.7515544436 	
235 	 1.3500983652 	300.0000000006 	 0.9242362171 	 0.0201379863 	 0.2283075701 	 0.0000000000 	 0.0000000000 	 0.0000000000 	 0.0000000000 	-0.0000000000 	 0.0000000000 	 0.7515544436 	
236 	 1.3500983652 	300.0000000006 	 0.9242362171 	 0.0201379863 	 0.2283075701 	 0.0000000000 	 0.0000000000 	 0.0000000000 	 0.0000000000 	-0.0000000000 	 0.0000000000 	 0.7515544436 	
237 	 1.3500983652 	300.0000000006 	 0.9242362171 	 0.0201379863 	 0.2283075701 	 0.0000000000 	 0.0000000000 	 0.0000000000 	 0.0000000000 	-0.0000000000 	 0.0000000000 	 0.7515544436 	
238 	 1.3500983652 	300.0000000006 	 0.9242362171 	 0.0201379863 	 0.2283075701 	 0.0000000000 	 0.0000000000 	 0.0000000000 	 0.0000000000 	-0.0000000000 	 0.0000000000 	 0.7515544436 	
239 	 1.3500983652 	300.0000000006 	 0.9242362171 	 0.0201379863 	 0.2283075701 	 0.0000000000 	 0.0000000000 	 0.0000000000 	 0.0000000000 	-0.0000000000 	 0.0000000000 	 0.7515544436 	
240 	 1.3500983652 	300.0000000006 	 0.9242362171 	 0.0201379863 	 0.2283075701 	 0.0000000000 	 0.0000000000 	 0.0000000000 	 0.0000000000 	-0.0000000000 	 0.0000000000 	 0.7515544436 	
241 	 1.3500983652 	300.0000000006 	 0.9242362171 	 0.0201379863 	 0.2283075701 	 0.0000000000 	 0.0000000000 	 0.0000000000 	 0.0000000000 	-0.0000000000 	 0.0000000000 	 0.7515544436 	
242 	 1.3500983652 	300.0000000006 	 0.9242362171 	 0.0201379863 	 0.2283075701 	 0.0000000000 	 0.0000000000 	 0.0000000000 	 0.0000000000 	-0.0000000000 	 0.0000000000 	 0.7515544436 	
243 	 1.3500983652 	300.0000000006 	 0.9242362171 	 0.0201379863 	 0.2283075701 	 0.0000000000 	 0.0000000000 	 0.0000000000 	 0.0000000000 	-0.0000000000 	 0.0000000000 	 0.7515544436 	
244 	 1.3500983652 	300.0000000006 	 0.9242362171 	 0.0201379863 	 0.2283075701 	 0.0000000000 	 0.0000000000 	 0.0000000000 	 0.0000000000 	-0.0000000000 	 0.0000000000 	 0.7515544436 	
245 	 1.3500983652 	300.0000000006 	 0.9242362171 	 0.0201379863 	 0.2283075701 	 0.0000000000 	 0.0000000000 	 0.0000000000 	 0.0000000000 	-0.0000000000 	 0.0000000000 	 0.7515544436 	
246 	 1.3500983652 	300.0000000006 	 0.9242362171 	 0.0201379863 	 0.2283075701 	 0.0000000000 	 0.0000000000 	 0.0000000000 	 0.0000000000 	-0.0000000000 	 0.0000000000 	 0.7515544436 	
247 	 1.3500983652 	300.0000000006 	 0.9242362171 	 0.0201379863 	 0.2283075701 	 0.0000000000 	 0.0000000000 	 0.0000000000 	 0.0000000000 	-0.0000000000 	 0.0000000000 	 0.7515544436 	
248 	 1.3500983652 	300.0000000006 	 0.9242362171 	 0.0201379863 	 0.2283075701 	 0.0000000000 	 0.0000000000 	 0.0000000000 	 0.0000000000 	-0.0000000000 	 0.0000000000 	 0.7515544436 	
249 	 1.3500983652 	300.0000000006 	 0.9242362171 	 0.0201379863 	 0.2283075701 	 0.0000000000 	 0.0000000000 	 0.0000000000 	 0.0000000000 	-0.0000000000 	 0.0000000000 	 0.7515544436 	
250 	 1.3500983652 	300.0000000006 	 0.9242362171 	 0.0201379863 	 0.2283075701 	 0.0000000000 	 0.0000000000 	 0.0000000000 	 0.0000000000 	-0.0000000000 	 0.0000000000 	 0.7515544436 	
251 	 1.3500983652 	300.0000000006 	 0.9242362171 	 0.0201379863 	 0.2283075701 	 0.0000000000 	 0.0000000000 	 0.0000000000 	 0.0000000000 	-0.0000000000 	 0.0000000000 	 0.7515544436 	
252 	 1.3500983652 	300.0000000006 	 0.9242362171 	 0.0201379863 	 0.2283075701 	 0.0000000000 	 0.0000000000 	 0.0000000000 	 0.0000000000 	-0.0000000000 	 0.0000000000 	 0.7515544436 	
253 	 1.3500983652 	300.0000000006 	 0.9242362171 	 0.0201379863 	 0.2283075701 	 0.0000000000 	 0.0000000000 	 0.0000000000 	 0.0000000000 	-0.0000000000 	 0.0000000000 	 0.7515544436 	
254 	 1.3500983652 	300.0000000006 	 0.9242362171 	 0.0201379863 	 0.2283075701 	 0.0000000000 	 0.0000000000 	 0.0000000000 	 0.0000000000 	-0.0000000000 	 0.0000000000 	 0.7515544436 	
255 	 1.3500983652 	300.0000000006 	 0.9242362171 	 0.0201379863 	 0.2283075701 	 0.0000000000 	 0.0000000000 	 0.0000000000 	 0.0000000000 	-0.0000000000 	 0.0000000000 	 0.7515544436 	
256 	 1.3500983652 	300.0000000006 	 0.9242362171 	 0.0201379863 	 0.2283075701 	 0.0000000000 	 0.0000000000 	 0.0000000000 	 0.0000000000 	-0.0000000000 	 0.0000000000 	 0.7515544436 	
257 	 1.3500983652 	300.0000000006 	 0.9242362171 	 0.0201379863 	 0.2283075701 	 0.0000000000 	 0.0000000000 	 0.0000000000 	 0.0000000000 	-0.0000000000 	 0.0000000000 	 0.7515544436 	
258 	 1.3500983652 	300.0000000006 	 0.9242362171 	 0.0201379863 	 0.2283075701 	 0.0000000000 	 0.0000000000 	 0.0000000000 	 0.0000000000 	-0.0000000000 	 0.0000000000 	 0.7515544436 	
259 	 1.3500983652 	300.0000000006 	 0.9242362171 	 0.0201379863 	 0.2283075701 	 0.0000000000 	 0.0000000000 	 0.0000000000 	 0.0000000000 	-0.0000000000 	 0.0000000000 	 0.7515544436 	
260 	 1.3500983652 	300.0000000006 	 0.9242362171 	 0.0201379863 	 0.2283075701 	 0.0000000000 	 0.0000000000 	 0.0000000000 	 0.0000000000 	-0.0000000000 	 0.0000000000 	 0.7515544436 	
261 	 1.3500983652 	300.0000000006 	 0.9242362171 	 0.0201379863 	 0.2283075701 	 0.0000000000 	 0.0000000000 	 0.0000000000 	 0.0000000000 	-0.0000000000 	 0.0000000000 	 0.7515544436 	
262 	 1.3500983652 	300.0000000006 	 0.9242362171 	 0.0201379863 	 0.2283075701 	 0.0000000000 	 0.0000000000 	 0.0000000000 	 0.0000000000 	-0.0000000000 	 0.0000000000 	 0.7515544436 	
263 	 1.3500983652 	300.0000000006 	 0.9242362171 	 0.0201379863 	 0.2283075701 	 0.0000000000 	 0.0000000000 	 0.0000000000 	 0.0000000000 	-0.0000000000 	 0.0000000000 	 0.7515544436 	
264 	 1.3500983652 	300.0000000006 	 0.9242362171 	 0.0201379863 	 0.2283075701 	 0.0000000000 	 0.0000000000 	 0.0000000000 	 0.0000000000 	-0.0000000000 	 0.0000000000 	 0.7515544436 	
265 	 1.3500983652 	300.0000000006 	 0.9242362171 	 0.0201379863 	 0.2283075701 	 0.0000000000 	 0.0000000000 	 0.0000000000 	 0.0000000000 	-0.0000000000 	 0.0000000000 	 0.7515544436 	
266 	 1.3500983652 	300.0000000006 	 0.9242362171 	 0.0201379863 	 0.2283075701 	 0.0000000000 	 0.0000000000 	 0.0000000000 	 0.0000000000 	-0.0000000000 	 0.0000000000 	 0.7515544436 	
267 	 1.3500983652 	300.0000000006 	 0.9242362171 	 0.0201379863 	 0.2283075701 	 0.0000000000 	 0.0000000000 	 0.0000000000 	 0.0000000000 	-0.0000000000 	 0.0000000000 	 0.7515544436 	
268 	 1.3500983652 	300.0000000006 	 0.9242362171 	 0.0201379863 	 0.2283075701 	 0.0000000000 	 0.0000000000 	 0.0000000000 	 0.0000000000 	-0.0000000000 	 0.0000000000 	 0.7515544436 	
269 	 1.3500983652 	300.0000000006 	 0.9242362171 	 0.0201379863 	 0.2283075701 	 0.0000000000 	 0.0000000000 	 0.0000000000 	 0.0000000000 	-0.0000000000 	 0.0000000000 	 0.7515544436 	
270 	 1.3500983652 	300.0000000006 	 0.9242362171 	 0.0201379863 	 0.2283075701 	 0.0000000000 	 0.0000000000 	 0.0000000000 	 0.0000000000 	-0.0000000000 	 0.0000000000 	 0.7515544436 	
271 	 1.3500983652 	300.0000000006 	 0.9242362171 	 0.0201379863 	 0.2283075701 	 0.0000000000 	 0.0000000000 	 0.0000000000 	 0.0000000000 	-0.0000000000 	 0.0000000000 	 0.7515544436 	
272 	 1.3500983652 	300.0000000006 	 0.9242362171 	 0.0201379863 	 0.2283075701 	 0.0000000000 	 0.0000000000 	 0.0000000000 	 0.0000000000 	-0.0000000000 	 0.0000000000 	 0.7515544436 	
273 	 1.3500983652 	300.0000000006 	 0.9242362171 	 0.0201379863 	 0.2283075701 	 0.0000000000 	 0.0000000000 	 0.0000000000 	 0.0000000000 	-0.0000000000 	 0.0000000000 	 0.7515544436 	
274 	 1.3500983652 	300.0000000006 	 0.9242362171 	 0.0201379863 	 0.2283075701 	 0.0000000000 	 0.0000000000 	 0.0000000000 	 0.0000000000 	-0.0000000000 	 0.0000000000 	 0.7515544436 	
275 	 1.3500983652 	300.0000000006 	 0.9242362171 	 0.0201379863 	 0.2283075701 	 0.0000000000 	 0.0000000000 	 0.0000000000 	 0.0000000000 	-0.0000000000 	 0.0000000000 	 0.7515544436 	
276 	 1.3500983652 	300.0000000006 	 0.9242362171 	 0.0201379863 	 0.2283075701 	 0.0000000000 	 0.0000000000 	 0.0000000000 	 0.0000000000 	-0.0000000000 	 0.0000000000 	 0.7515544436 	
277 	 1.3500983652 	300.0000000006 	 0.9242362171 	 0.0201379863 	 0.2283075701 	 0.0000000000 	 0.0000000000 	 0.0000000000 	 0.0000000000 	-0.0000000000 	 0.0000000000 	 0.7515544436 	
278 	 1.3500983652 	300.0000000006 	 0.9242362171 	 0.0201379863 	 0.2283075701 	 0.0000000000 	 0.0000000000 	 0.0000000000 	 0.0000000000 	-0.0000000000 	 0.0000000000 	 0.7515544436 	
279 	 1.3500983652 	300.0000000006 	 0.9242362171 	 0.0201379863 	 0.2283075701 	 0.0000000000 	 0.0000000000 	 0.0000000000 	 0.0000000000 	-0.0000000000 	 0.0000000000 	 0.7515544436 	
280 	 1.3500983652 	300.0000000006 	 0.9242362171 	 0.0201379863 	 0.2283075701 	 0.0000000000 	 0.0000000000 	 0.0000000000 	 0.0000000000 	-0.0000000000 	 0.0000000000 	 0.7515544436 	
281 	 1.3500983652 	300.0000000006 	 0.9242362171 	 0.0201379863 	 0.2283075701 	 0.0000000000 	 0.0000000000 	 0.0000000000 	 0.0000000000 	-0.0000000000 	 0.0000000000 	 0.7515544436 	
282 	 1.3500983652 	300.0000000006 	 0.9242362171 	 0.0201379863 	 0.2283075701 	 0.0000000000 	 0.0000000000 	 0.0000000000 	 0.0000000000 	-0.0000000000 	 0.0000000000 	 0.7515544436 	
283 	 1.3500983652 	300.0000000006 	 0.9242362171 	 0.0201379863 	 0.2283075701 	 0.0000000000 	 0.0000000000 	 0.0000000000 	 0.0000000000 	-0.0000000000 	 0.0000000000 	 0.7515544436 	
284 	 1.3500983652 	300.0000000006 	 0.9242362171 	 0.0201379863 	 0.2283075701 	 0.0000000000 	 0.0000000000 	 0.0000000000 	 0.0000000000 	-0.0000000000 	 0.0000000000 	 0.7515544436 	
285 	 1.3500983652 	300.0000000006 	 0.9242362171 	 0.0201379863 	 0.2283075701 	 0.0000000000 	 0.0000000000 	 0.0000000000 	 0.0000000000 	-0.0000000000 	 0.0000000000 	 0.7515544436 	
286 	 1.3500983652 	300.0000000006 	 0.9242362171 	 0.0201379863 	 0.2283075701 	 0.0000000000 	 0.0000000000 	 0.0000000000 	 0.0000000000 	-0.0000000000 	 0.0000000000 	 0.7515544436 	
287 	 1.3500983652 	300.0000000006 	 0.9242362171 	 0.0201379863 	 0.2283075701 	 0.0000000000 	 0.0000000000 	 0.0000000000 	 0.0000000000 	-0.0000000000 	 0.0000000000 	 0.7515544436 	
288 	 1.3500983652 	300.0000000006 	 0.9242362171 	 0.0201379863 	 0.2283075701 	 0.0000000000 	 0.0000000000 	 0.0000000000 	 0.0000000000 	-0.0000000000 	 0.0000000000 	 0.7515544436 	
289 	 1.3500983652 	300.0000000006 	 0.9242362171 	 0.0201379863 	 0.2283075701 	 0.0000000000 	 0.0000000000 	 0.0000000000 	 0.0000000000 	-0.0000000000 	 0.0000000000 	 0.7515544436 	
290 	 1.3500983652 	300.0000000006 	 0.9242362171 	 0.0201379863 	 0.2283075701 	 0.0000000000 	 0.0000000000 	 0.0000000000 	 0.0000000000 	-0.0000000000 	 0.0000000000 	 0.7515544436 	
291 	 1.3500983652 	300.0000000006 	 0.9242362171 	 0.0201379863 	 0.2283075701 	 0.0000000000 	 0.0000000000 	 0.0000000000 	 0.0000000000 	-0.0000000000 	 0.0000000000 	 0.7515544436 	
292 	 1.3500983652 	300.0000000006 	 0.9242362171 	 0.0201379863 	 0.2283075701 	 0.0000000000 	 0.0000000000 	 0.0000000000 	 0.0000000000 	-0.0000000000 	 0.0000000000 	 0.7515544436 	
293 	 1.3500983652 	300.0000000006 	 0.9242362171 	 0.0201379863 	 0.2283075701 	 0.0000000000 	 0.0000000000 	 0.0000000000 	 0.0000000000 	-0.0000000000 	 0.0000000000 	 0.7515544436 	
294 	 1.3500983652 	300.0000000006 	 0.9242362171 	 0.0201379863 	 0.2283075701 	 0.0000000000 	 0.0000000000 	 0.0000000000 	 0.0000000000 	-0.0000000000 	 0.0000000000 	 0.7515544436 	
295 	 1.3500983652 	300.0000000006 	 0.9242362171 	 0.0201379863 	 0.2283075701 	 0.0000000000 	 0.0000000000 	 0.0000000000 	 0.0000000000 	-0.0000000000 	 0.0000000000 	 0.7515544436 	
296 	 1.3500983652 	300.0000000006 	 0.9242362171 	 0.0201379863 	 0.2283075701 	 0.0000000000 	 0.0000000000 	 0.0000000000 	 0.0000000000 	-0.0000000000 	 0.0000000000 	 0.7515544436 	
297 	 1.3500983652 	300.0000000006 	 0.9242362171 	 0.0201379863 	 0.2283075701 	 0.0000000000 	 0.0000000000 	 0.0000000000 	 0.0000000000 	-0.0000000000 	 0.0000000000 	 0.7515544436 	
298 	 1.3500983652 	300.0000000006 	 0.9242362171 	 0.0201379863 	 0.2283075701 	 0.0000000000 	 0.0000000000 	 0.0000000000 	 0.0000000000 	-0.0000000000 	 0.0000000000 	 0.7515544436 	
299 	 1.3500983652 	300.0000000006 	 0.9242362171 	 0.0201379863 	 0.2283075701 	 0.0000000000 	 0.0000000000 	 0.0000000000 	 0.0000000000 	-0.0000000000 	 0.0000000000 	 0.7515544436 	
300 	 1.3500983652 	300.0000000006 	 0.9242362171 	 0.0201379863 	 0.2283075701 	 0.0000000000 	 0.0000000000 	 0.0000000000 	 0.0000000000 	-0.0000000000 	 0.0000000000 	 0.7515544436 	
301 	 1.3500983652 	300.0000000006 	 0.9242362171 	 0.0201379863 	 0.2283075701 	 0.0000000000 	 0.0000000000 	 0.0000000000 	 0.0000000000 	-0.0000000000 	 0.0000000000 	 0.7515544436 	
302 	 1.3500983652 	300.0000000006 	 0.9242362171 	 0.0201379863 	 0.2283075701 	 0.0000000000 	 0.0000000000 	 0.0000000000 	 0.0000000000 	-0.0000000000 	 0.0000000000 	 0.7515544436 	
303 	 1.3500983652 	300.0000000006 	 0.9242362171 	 0.0201379863 	 0.2283075701 	 0.0000000000 	 0.0000000000 	 0.0000000000 	 0.0000000000 	-0.0000000000 	 0.0000000000 	 0.7515544436 	
304 	 1.3500983652 	300.0000000006 	 0.9242362171 	 0.0201379863 	 0.2283075701 	 0.0000000000 	 0.0000000000 	 0.0000000000 	 0.0000000000 	-0.0000000000 	 0.0000000000 	 0.7515544436 	
305 	 1.3500983652 	300.0000000006 	 0.9242362171 	 0.0201379863 	 0.2283075701 	 0.0000000000 	 0.0000000000 	 0.0000000000 	 0.0000000000 	-0.0000000000 	 0.0000000000 	 0.7515544436 	
306 	 1.3500983652 	300.0000000006 	 0.9242362171 	 0.0201379863 	 0.2283075701 	 0.0000000000 	 0.0000000000 	 0.0000000000 	 0.0000000000 	-0.0000000000 	 0.0000000000 	 0.7515544436 	
307 	 1.3500983652 	300.0000000006 	 0.9242362171 	 0.0201379863 	 0.2283075701 	 0.0000000000 	 0.0000000000 	 0.0000000000 	 0.0000000000 	-0.0000000000 	 0.0000000000 	 0.7515544436 	
308 	 1.3500983652 	300.0000000006 	 0.9242362171 	 0.0201379863 	 0.2283075701 	 0.0000000000 	 0.0000000000 	 0.0000000000 	 0.0000000000 	-0.0000000000 	 0.0000000000 	 0.7515544436 	
309 	 1.3500983652 	300.0000000006 	 0.9242362171 	 0.0201379863 	 0.2283075701 	 0.0000000000 	 0.0000000000 	 0.0000000000 	 0.0000000000 	-0.0000000000 	 0.0000000000 	 0.7515544436 	
310 	 1.3500983652 	300.0000000006 	 0.9242362171 	 0.0201379863 	 0.2283075701 	 0.0000000000 	 0.0000000000 	 0.0000000000 	 0.0000000000 	-0.0000000000 	 0.0000000000 	 0.7515544436 	
311 	 1.3500983652 	300.0000000006 	 0.9242362171 	 0.0201379863 	 0.2283075701 	 0.0000000000 	 0.0000000000 	 0.0000000000 	 0.0000000000 	-0.0000000000 	 0.0000000000 	 0.7515544436 	
312 	 1.3500983652 	300.0000000006 	 0.9242362171 	 0.0201379863 	 0.2283075701 	 0.0000000000 	 0.0000000000 	 0.0000000000 	 0.0000000000 	-0.0000000000 	 0.0000000000 	 0.7515544436 	
313 	 1.3500983652 	300.0000000006 	 0.9242362171 	 0.0201379863 	 0.2283075701 	 0.0000000000 	 0.0000000000 	 0.0000000000 	 0.0000000000 	-0.0000000000 	 0.0000000000 	 0.7515544436 	
314 	 1.3500983652 	300.0000000006 	 0.9242362171 	 0.0201379863 	 0.2283075701 	 0.0000000000 	 0.0000000000 	 0.0000000000 	 0.0000000000 	-0.0000000000 	 0.0000000000 	 0.7515544436 	
315 	 1.3500983652 	300.0000000006 	 0.9242362171 	 0.0201379863 	 0.2283075701 	 0.0000000000 	 0.0000000000 	 0.0000000000 	 0.0000000000 	-0.0000000000 	 0.0000000000 	 0.7515544436 	
316 	 1.3500983652 	300.0000000006 	 0.9242362171 	 0.0201379863 	 0.2283075701 	 0.0000000000 	 0.0000000000 	 0.0000000000 	 0.0000000000 	-0.0000000000 	 0.0000000000 	 0.7515544436 	
317 	 1.3500983652 	300.0000000006 	 0.9242362171 	 0.0201379863 	 0.2283075701 	 0.0000000000 	 0.0000000000 	 0.0000000000 	 0.0000000000 	-0.0000000000 	 0.0000000000 	 0.7515544436 	
318 	 1.3500983652 	300.0000000006 	 0.9242362171 	 0.0201379863 	 0.2283075701 	 0.0000000000 	 0.0000000000 	 0.0000000000 	 0.0000000000 	-0.0000000000 	 0.0000000000 	 0.7515544436 	
319 	 1.3500983652 	300.0000000006 	 0.9242362171 	 0.0201379863 	 0.2283075701 	 0.0000000000 	 0.0000000000 	 0.0000000000 	 0.0000000000 	-0.0000000000 	 0.0000000000 	 0.7515544436 	
320 	 1.3500983652 	300.0000000006 	 0.9242362171 	 0.0201379863 	 0.2283075701 	 0.0000000000 	 0.0000000000 	 0.0000000000 	 0.0000000000 	-0.0000000000 	 0.0000000000 	 0.7515544436 	
321 	 1.3500983652 	300.0000000006 	 0.9242362171 	 0.0201379863 	 0.2283075701 	 0.0000000000 	 0.0000000000 	 0.0000000000 	 0.0000000000 	-0.0000000000 	 0.0000000000 	 0.7515544436 	
322 	 1.3500983652 	300.0000000006 	 0.9242362171 	 0.0201379863 	 0.2283075701 	 0.0000000000 	 0.0000000000 	 0.0000000000 	 0.0000000000 	-0.0000000000 	 0.0000000000 	 0.7515544436 	
323 	 1.3500983652 	300.0000000006 	 0.9242362171 	 0.0201379863 	 0.2283075701 	 0.0000000000 	 0.0000000000 	 0.0000000000 	 0.0000000000 	-0.0000000000 	 0.0000000000 	 0.7515544436 	
324 	 1.3500983652 	300.0000000006 	 0.9242362171 	 0.0201379863 	 0.2283075701 	 0.0000000000 	 0.0000000000 	 0.0000000000 	 0.0000000000 	-0.0000000000 	 0.0000000000 	 0.7515544436 	
325 	 1.3500983652 	300.0000000006 	 0.9242362171 	 0.0201379863 	 0.2283075701 	 0.0000000000 	 0.0000000000 	 0.0000000000 	 0.0000000000 	-0.0000000000 	 0.0000000000 	 0.7515544436 	
326 	 1.3500983652 	300.0000000006 	 0.9242362171 	 0.0201379863 	 0.2283075701 	 0.0000000000 	 0.0000000000 	 0.0000000000 	 0.0000000000 	-0.0000000000 	 0.0000000000 	 0.7515544436 	
327 	 1.3500983652 	300.0000000006 	 0.9242362171 	 0.0201379863 	 0.2283075701 	 0.0000000000 	 0.0000000000 	 0.0000000000 	 0.0000000000 	-0.0000000000 	 0.0000000000 	 0.7515544436 	
328 	 1.3500983652 	300.0000000006 	 0.9242362171 	 0.0201379863 	 0.2283075701 	 0.0000000000 	 0.0000000000 	 0.0000000000 	 0.0000000000 	-0.0000000000 	 0.0000000000 	 0.7515544436 	
329 	 1.3500983652 	300.0000000006 	 0.9242362171 	 0.0201379863 	 0.2283075701 	 0.0000000000 	 0.0000000000 	 0.0000000000 	 0.0000000000 	-0.0000000000 	 0.0000000000 	 0.7515544436 	
330 	 1.3500983652 	300.0000000006 	 0.9242362171 	 0.0201379863 	 0.2283075701 	 0.0000000000 	 0.0000000000 	 0.0000000000 	 0.0000000000 	-0.0000000000 	 0.0000000000 	 0.7515544436 	
331 	 1.3500983652 	300.0000000006 	 0.9242362171 	 0.0201379863 	 0.2283075701 	 0.0000000000 	 0.0000000000 	 0.0000000000 	 0.0000000000 	-0.0000000000 	 0.0000000000 	 0.7515544436 	
332 	 1.3500983652 	300.0000000006 	 0.9242362171 	 0.0201379863 	 0.2283075701 	 0.0000000000 	 0.0000000000 	 0.0000000000 	 0.0000000000 	-0.0000000000 	 0.0000000000 	 0.7515544436 	
333 	 1.3500983652 	300.0000000006 	 0.9242362171 	 0.0201379863 	 0.2283075701 	 0.0000000000 	 0.0000000000 	 0.0000000000 	 0.0000000000 	-0.0000000000 	 0.0000000000 	 0.7515544436 	
334 	 1.3500983652 	300.0000000006 	 0.9242362171 	 0.0201379863 	 0.2283075701 	 0.0000000000 	 0.0000000000 	 0.0000000000 	 0.0000000000 	-0.0000000000 	 0.0000000000 	 0.7515544436 	
335 	 1.3500983652 	300.0000000006 	 0.9242362171 	 0.0201379863 	 0.2283075701 	 0.0000000000 	 0.0000000000 	 0.0000000000 	 0.0000000000 	-0.0000000000 	 0.0000000000 	 0.7515544436 	
336 	 1.3500983652 	300.0000000006 	 0.9242362171 	 0.0201379863 	 0.2283075701 	 0.0000000000 	 0.0000000000 	 0.0000000000 	 0.0000000000 	-0.0000000000 	 0.0000000000 	 0.7515544436 	
337 	 1.3500983652 	300.0000000006 	 0.9242362171 	 0.0201379863 	 0.2283075701 	 0.0000000000 	 0.0000000000 	 0.0000000000 	 0.0000000000 	-0.0000000000 	 0.0000000000 	 0.7515544436 	
338 	 1.3500983652 	300.0000000006 	 0.9242362171 	 0.0201379863 	 0.2283075701 	 0.0000000000 	 0.0000000000 	 0.0000000000 	 0.0000000000 	-0.0000000000 	 0.0000000000 	 0.7515544436 	
339 	 1.3500983652 	300.0000000006 	 0.9242362171 	 0.0201379863 	 0.2283075701 	 0.0000000000 	 0.0000000000 	 0.0000000000 	 0.0000000000 	-0.0000000000 	 0.0000000000 	 0.7515544436 	
340 	 1.3500983652 	300.0000000006 	 0.9242362171 	 0.0201379863 	 0.2283075701 	 0.0000000000 	 0.0000000000 	 0.0000000000 	 0.0000000000 	-0.0000000000 	 0.0000000000 	 0.7515544436 	
341 	 1.3500983652 	300.0000000006 	 0.9242362171 	 0.0201379863 	 0.2283075701 	 0.0000000000 	 0.0000000000 	 0.0000000000 	 0.0000000000 	-0.0000000000 	 0.0000000000 	 0.7515544436 	
342 	 1.3500983652 	300.0000000006 	 0.9242362171 	 0.0201379863 	 0.2283075701 	 0.0000000000 	 0.0000000000 	 0.0000000000 	 0.0000000000 	-0.0000000000 	 0.0000000000 	 0.7515544436 	
343 	 1.3500983652 	300.0000000006 	 0.9242362171 	 0.0201379863 	 0.2283075701 	 0.0000000000 	 0.0000000000 	 0.0000000000 	 0.0000000000 	-0.0000000000 	 0.0000000000 	 0.7515544436 	
344 	 1.3500983652 	300.0000000006 	 0.9242362171 	 0.0201379863 	 0.2283075701 	 0.0000000000 	 0.0000000000 	 0.0000000000 	 0.0000000000 	-0.0000000000 	 0.0000000000 	 0.7515544436 	
345 	 1.3500983652 	300.0000000006 	 0.9242362171 	 0.0201379863 	 0.2283075701 	 0.0000000000 	 0.0000000000 	 0.0000000000 	 0.0000000000 	-0.0000000000 	 0.0000000000 	 0.7515544436 	
346 	 1.3500983652 	300.0000000006 	 0.9242362171 	 0.0201379863 	 0.2283075701 	 0.0000000000 	 0.0000000000 	 0.0000000000 	 0.0000000000 	-0.0000000000 	 0.0000000000 	 0.7515544436 	
347 	 1.3500983652 	300.0000000006 	 0.9242362171 	 0.0201379863 	 0.2283075701 	 0.0000000000 	 0.0000000000 	 0.0000000000 	 0.0000000000 	-0.0000000000 	 0.0000000000 	 0.7515544436 	
348 	 1.3500983652 	300.0000000006 	 0.9242362171 	 0.0201379863 	 0.2283075701 	 0.0000000000 	 0.0000000000 	 0.0000000000 	 0.0000000000 	-0.0000000000 	 0.0000000000 	 0.7515544436 	
349 	 1.3500983652 	300.0000000006 	 0.9242362171 	 0.0201379863 	 0.2283075701 	 0.0000000000 	 0.0000000000 	 0.0000000000 	 0.0000000000 	-0.0000000000 	 0.0000000000 	 0.7515544436 	
350 	 1.3500983652 	300.0000000006 	 0.9242362171 	 0.0201379863 	 0.2283075701 	 0.0000000000 	 0.0000000000 	 0.0000000000 	 0.0000000000 	-0.0000000000 	 0.0000000000 	 0.7515544436 	
351 	 1.3500983652 	300.0000000006 	 0.9242362171 	 0.0201379863 	 0.2283075701 	 0.0000000000 	 0.0000000000 	 0.0000000000 	 0.0000000000 	-0.0000000000 	 0.0000000000 	 0.7515544436 	
352 	 1.3500983652 	300.0000000006 	 0.9242362171 	 0.0201379863 	 0.2283075701 	 0.0000000000 	 0.0000000000 	 0.0000000000 	 0.0000000000 	-0.0000000000 	 0.0000000000 	 0.7515544436 	
353 	 1.3500983652 	300.0000000006 	 0.9242362171 	 0.0201379863 	 0.2283075701 	 0.0000000000 	 0.0000000000 	 0.0000000000 	 0.0000000000 	-0.0000000000 	 0.0000000000 	 0.7515544436 	
354 	 1.3500983652 	300.0000000006 	 0.9242362171 	 0.0201379863 	 0.2283075701 	 0.0000000000 	 0.0000000000 	 0.0000000000 	 0.0000000000 	-0.0000000000 	 0.0000000000 	 0.7515544436 	
355 	 1.3500983652 	300.0000000006 	 0.9242362171 	 0.0201379863 	 0.2283075701 	 0.0000000000 	 0.0000000000 	 0.0000000000 	 0.0000000000 	-0.0000000000 	 0.0000000000 	 0.7515544436 	
356 	 1.3500983652 	300.0000000006 	 0.9242362171 	 0.0201379863 	 0.2283075701 	 0.0000000000 	 0.0000000000 	 0.0000000000 	 0.0000000000 	-0.0000000000 	 0.0000000000 	 0.7515544436 	
357 	 1.3500983652 	300.0000000006 	 0.9242362171 	 0.0201379863 	 0.2283075701 	 0.0000000000 	 0.0000000000 	 0.0000000000 	 0.0000000000 	-0.0000000000 	 0.0000000000 	 0.7515544436 	
358 	 1.3500983652 	300.0000000006 	 0.9242362171 	 0.0201379863 	 0.2283075701 	 0.0000000000 	 0.0000000000 	 0.0000000000 	 0.0000000000 	-0.0000000000 	 0.0000000000 	 0.7515544436 	
359 	 1.3500983652 	300.0000000006 	 0.9242362171 	 0.0201379863 	 0.2283075701 	 0.0000000000 	 0.0000000000 	 0.0000000000 	 0.0000000000 	-0.0000000000 	 0.0000000000 	 0.7515544436 	
360 	 1.3500983652 	300.0000000006 	 0.9242362171 	 0.0201379863 	 0.2283075701 	 0.0000000000 	 0.0000000000 	 0.0000000000 	 0.0000000000 	-0.0000000000 	 0.0000000000 	 0.7515544436 	
361 	 1.3500983652 	300.0000000006 	 0.9242362171 	 0.0201379863 	 0.2283075701 	 0.0000000000 	 0.0000000000 	 0.0000000000 	 0.0000000000 	-0.0000000000 	 0.0000000000 	 0.7515544436 	
362 	 1.3500983652 	300.0000000006 	 0.9242362171 	 0.0201379863 	 0.2283075701 	 0.0000000000 	 0.0000000000 	 0.0000000000 	 0.0000000000 	-0.0000000000 	 0.0000000000 	 0.7515544436 	
363 	 1.3500983652 	300.0000000006 	 0.9242362171 	 0.0201379863 	 0.2283075701 	 0.0000000000 	 0.0000000000 	 0.0000000000 	 0.0000000000 	-0.0000000000 	 0.0000000000 	 0.7515544436 	
364 	 1.3500983652 	300.0000000006 	 0.9242362171 	 0.0201379863 	 0.2283075701 	 0.0000000000 	 0.0000000000 	 0.0000000000 	 0.0000000000 	-0.0000000000 	 0.0000000000 	 0.7515544436 	
365 	 1.3500983652 	300.0000000006 	 0.9242362171 	 0.0201379863 	 0.2283075701 	 0.0000000000 	 0.0000000000 	 0.0000000000 	 0.0000000000 	-0.0000000000 	 0.0000000000 	 0.7515544436 	
366 	 1.3500983652 	300.0000000006 	 0.9242362171 	 0.0201379863 	 0.2283075701 	 0.0000000000 	 0.0000000000 	 0.0000000000 	 0.0000000000 	-0.0000000000 	 0.0000000000 	 0.7515544436 	
367 	 1.3500983652 	300.0000000006 	 0.9242362171 	 0.0201379863 	 0.2283075701 	 0.0000000000 	 0.0000000000 	 0.0000000000 	 0.0000000000 	-0.0000000000 	 0.0000000000 	 0.7515544436 	
368 	 1.3500983652 	300.0000000006 	 0.9242362171 	 0.0201379863 	 0.2283075701 	 0.0000000000 	 0.0000000000 	 0.0000000000 	 0.0000000000 	-0.0000000000 	 0.0000000000 	 0.7515544436 	
369 	 1.3500983652 	300.0000000006 	 0.9242362171 	 0.0201379863 	 0.2283075701 	 0.0000000000 	 0.0000000000 	 0.0000000000 	 0.0000000000 	-0.0000000000 	 0.0000000000 	 0.7515544436 	
370 	 1.3500983652 	300.0000000006 	 0.9242362171 	 0.0201379863 	 0.2283075701 	 0.0000000000 	 0.0000000000 	 0.0000000000 	 0.0000000000 	-0.0000000000 	 0.0000000000 	 0.7515544436 	
371 	 1.3500983652 	300.0000000006 	 0.9242362171 	 0.0201379863 	 0.2283075701 	 0.0000000000 	 0.0000000000 	 0.0000000000 	 0.0000000000 	-0.0000000000 	 0.0000000000 	 0.7515544436 	
372 	 1.3500983652 	300.0000000006 	 0.9242362171 	 0.0201379863 	 0.2283075701 	 0.0000000000 	 0.0000000000 	 0.0000000000 	 0.0000000000 	-0.0000000000 	 0.0000000000 	 0.7515544436 	
373 	 1.3500983652 	300.0000000006 	 0.9242362171 	 0.0201379863 	 0.2283075701 	 0.0000000000 	 0.0000000000 	 0.0000000000 	 0.0000000000 	-0.0000000000 	 0.0000000000 	 0.7515544436 	
374 	 1.3500983652 	300.0000000006 	 0.9242362171 	 0.0201379863 	 0.2283075701 	 0.0000000000 	 0.0000000000 	 0.0000000000 	 0.0000000000 	-0.0000000000 	 0.0000000000 	 0.7515544436 	
375 	 1.3500983652 	300.0000000006 	 0.9242362171 	 0.0201379863 	 0.2283075701 	 0.0000000000 	 0.0000000000 	 0.0000000000 	 0.0000000000 	-0.0000000000 	 0.0000000000 	 0.7515544436 	
376 	 1.3500983652 	300.0000000006 	 0.9242362171 	 0.0201379863 	 0.2283075701 	 0.0000000000 	 0.0000000000 	 0.0000000000 	 0.0000000000 	-0.0000000000 	 0.0000000000 	 0.7515544436 	
377 	 1.3500983652 	300.0000000006 	 0.9242362171 	 0.0201379863 	 0.2283075701 	 0.0000000000 	 0.0000000000 	 0.0000000000 	 0.0000000000 	-0.0000000000 	 0.0000000000 	 0.7515544436 	
378 	 1.3500983652 	300.0000000006 	 0.9242362171 	 0.0201379863 	 0.2283075701 	 0.0000000000 	 0.0000000000 	 0.0000000000 	 0.0000000000 	-0.0000000000 	 0.0000000000 	 0.7515544436 	
379 	 1.3500983652 	300.0000000006 	 0.9242362171 	 0.0201379863 	 0.2283075701 	 0.0000000000 	 0.0000000000 	 0.0000000000 	 0.0000000000 	-0.0000000000 	 0.0000000000 	 0.7515544436 	
380 	 1.3500983652 	300.0000000006 	 0.9242362171 	 0.0201379863 	 0.2283075701 	 0.0000000000 	 0.0000000000 	 0.0000000000 	 0.0000000000 	-0.0000000000 	 0.0000000000 	 0.7515544436 	
381 	 1.3500983652 	300.0000000006 	 0.9242362171 	 0.0201379863 	 0.2283075701 	 0.0000000000 	 0.0000000000 	 0.0000000000 	 0.0000000000 	-0.0000000000 	 0.0000000000 	 0.7515544436 	
382 	 1.3500983652 	300.0000000006 	 0.9242362171 	 0.0201379863 	 0.2283075701 	 0.0000000000 	 0.0000000000 	 0.0000000000 	 0.0000000000 	-0.0000000000 	 0.0000000000 	 0.7515544436 	
383 	 1.3500983652 	300.0000000006 	 0.9242362171 	 0.0201379863 	 0.2283075701 	 0.0000000000 	 0.0000000000 	 0.0000000000 	 0.0000000000 	-0.0000000000 	 0.0000000000 	 0.7515544436 	
384 	 1.3500983652 	300.0000000006 	 0.9242362171 	 0.0201379863 	 0.2283075701 	 0.0000000000 	 0.0000000000 	 0.0000000000 	 0.0000000000 	-0.0000000000 	 0.0000000000 	 0.7515544436 	
385 	 1.3500983652 	300.0000000006 	 0.9242362171 	 0.0201379863 	 0.2283075701 	 0.0000000000 	 0.0000000000 	 0.0000000000 	 0.0000000000 	-0.0000000000 	 0.0000000000 	 0.7515544436 	
386 	 1.3500983652 	300.0000000006 	 0.9242362171 	 0.0201379863 	 0.2283075701 	 0.0000000000 	 0.0000000000 	 0.0000000000 	 0.0000000000 	-0.0000000000 	 0.0000000000 	 0.7515544436 	
387 	 1.3500983652 	300.0000000006 	 0.9242362171 	 0.0201379863 	 0.2283075701 	 0.0000000000 	 0.0000000000 	 0.0000000000 	 0.0000000000 	-0.0000000000 	 0.0000000000 	 0.7515544436 	
388 	 1.3500983652 	300.0000000006 	 0.9242362171 	 0.0201379863 	 0.2283075701 	 0.0000000000 	 0.0000000000 	 0.0000000000 	 0.0000000000 	-0.0000000000 	 0.0000000000 	 0.7515544436 	
389 	 1.3500983652 	300.0000000006 	 0.9242362171 	 0.0201379863 	 0.2283075701 	 0.0000000000 	 0.0000000000 	 0.0000000000 	 0.0000000000 	-0.0000000000 	 0.0000000000 	 0.7515544436 	
390 	 1.3500983652 	300.0000000006 	 0.9242362171 	 0.0201379863 	 0.2283075701 	 0.0000000000 	 0.0000000000 	 0.0000000000 	 0.0000000000 	-0.0000000000 	 0.0000000000 	 0.7515544436 	
391 	 1.3500983652 	300.0000000006 	 0.9242362171 	 0.0201379863 	 0.2283075701 	 0.0000000000 	 0.0000000000 	 0.0000000000 	 0.0000000000 	-0.0000000000 	 0.0000000000 	 0.7515544436 	
392 	 1.3500983652 	300.0000000006 	 0.9242362171 	 0.0201379863 	 0.2283075701 	 0.0000000000 	 0.0000000000 	 0.0000000000 	 0.0000000000 	-0.0000000000 	 0.0000000000 	 0.7515544436 	
393 	 1.3500983652 	300.0000000006 	 0.9242362171 	 0.0201379863 	 0.2283075701 	 0.0000000000 	 0.0000000000 	 0.0000000000 	 0.0000000000 	-0.0000000000 	 0.0000000000 	 0.7515544436 	
394 	 1.3500983652 	300.0000000006 	 0.9242362171 	 0.0201379863 	 0.2283075701 	 0.0000000000 	 0.0000000000 	 0.0000000000 	 0.0000000000 	-0.0000000000 	 0.0000000000 	 0.7515544436 	
395 	 1.3500983652 	300.0000000006 	 0.9242362171 	 0.0201379863 	 0.2283075701 	 0.0000000000 	 0.0000000000 	 0.0000000000 	 0.0000000000 	-0.0000000000 	 0.0000000000 	 0.7515544436 	
396 	 1.3500983652 	300.0000000006 	 0.9242362171 	 0.0201379863 	 0.2283075701 	 0.0000000000 	 0.0000000000 	 0.0000000000 	 0.0000000000 	-0.0000000000 	 0.0000000000 	 0.7515544436 	
397 	 1.3500983652 	300.0000000006 	 0.9242362171 	 0.0201379863 	 0.2283075701 	 0.0000000000 	 0.0000000000 	 0.0000000000 	 0.0000000000 	-0.0000000000 	 0.0000000000 	 0.7515544436 	
398 	 1.3500983652 	300.0000000006 	 0.9242362171 	 0.0201379863 	 0.2283075701 	 0.0000000000 	 0.0000000000 	 0.0000000000 	 0.0000000000 	-0.0000000000 	 0.0000000000 	 0.7515544436 	
399 	 1.3500983652 	300.0000000006 	 0.9242362171 	 0.0201379863 	 0.2283075701 	 0.0000000000 	 0.0000000000 	 0.0000000000 	 0.0000000000 	-0.0000000000 	 0.0000000000 	 0.7515544436 	
400 	 1.3500983652 	300.0000000006 	 0.9242362171 	 0.0201379863 	 0.2283075701 	 0.0000000000 	 0.0000000000 	 0.0000000000 	 0.0000000000 	-0.0000000000 	 0.0000000000 	 0.7515544436 	
401 	 1.3500983652 	300.0000000006 	 0.9242362171 	 0.0201379863 	 0.2283075701 	 0.0000000000 	 0.0000000000 	 0.0000000000 	 0.0000000000 	-0.0000000000 	 0.0000000000 	 0.7515544436 	
402 	 1.3500983652 	300.0000000006 	 0.9242362171 	 0.0201379863 	 0.2283075701 	 0.0000000000 	 0.0000000000 	 0.0000000000 	 0.0000000000 	-0.0000000000 	 0.0000000000 	 0.7515544436 	
403 	 1.3500983652 	300.0000000006 	 0.9242362171 	 0.0201379863 	 0.2283075701 	 0.0000000000 	 0.0000000000 	 0.0000000000 	 0.0000000000 	-0.0000000000 	 0.0000000000 	 0.7515544436 	
404 	 1.3500983652 	300.0000000006 	 0.9242362171 	 0.0201379863 	 0.2283075701 	 0.0000000000 	 0.0000000000 	 0.0000000000 	 0.0000000000 	-0.0000000000 	 0.0000000000 	 0.7515544436 	
405 	 1.3500983652 	300.0000000006 	 0.9242362171 	 0.0201379863 	 0.2283075701 	 0.0000000000 	 0.0000000000 	 0.0000000000 	 0.0000000000 	-0.0000000000 	 0.0000000000 	 0.7515544436 	
406 	 1.3500983652 	300.0000000006 	 0.9242362171 	 0.0201379863 	 0.2283075701 	 0.0000000000 	 0.0000000000 	 0.0000000000 	 0.0000000000 	-0.0000000000 	 0.0000000000 	 0.7515544436 	
407 	 1.3500983652 	300.0000000006 	 0.9242362171 	 0.0201379863 	 0.2283075701 	 0.0000000000 	 0.0000000000 	 0.0000000000 	 0.0000000000 	-0.0000000000 	 0.0000000000 	 0.7515544436 	
408 	 1.3500983652 	300.0000000006 	 0.9242362171 	 0.0201379863 	 0.2283075701 	 0.0000000000 	 0.0000000000 	 0.0000000000 	 0.0000000000 	-0.0000000000 	 0.0000000000 	 0.7515544436 	
409 	 1.3500983652 	300.0000000006 	 0.9242362171 	 0.0201379863 	 0.2283075701 	 0.0000000000 	 0.0000000000 	 0.0000000000 	 0.0000000000 	-0.0000000000 	 0.0000000000 	 0.7515544436 	
410 	 1.3500983652 	300.0000000006 	 0.9242362171 	 0.0201379863 	 0.2283075701 	 0.0000000000 	 0.0000000000 	 0.0000000000 	 0.0000000000 	-0.0000000000 	 0.0000000000 	 0.7515544436 	
411 	 1.3500983652 	300.0000000006 	 0.9242362171 	 0.0201379863 	 0.2283075701 	 0.0000000000 	 0.0000000000 	 0.0000000000 	 0.0000000000 	-0.0000000000 	 0.0000000000 	 0.7515544436 	
412 	 1.3500983652 	300.0000000006 	 0.9242362171 	 0.0201379863 	 0.2283075701 	 0.0000000000 	 0.0000000000 	 0.0000000000 	 0.0000000000 	-0.0000000000 	 0.0000000000 	 0.7515544436 	
413 	 1.3500983652 	300.0000000006 	 0.9242362171 	 0.0201379863 	 0.2283075701 	 0.0000000000 	 0.0000000000 	 0.0000000000 	 0.0000000000 	-0.0000000000 	 0.0000000000 	 0.7515544436 	
414 	 1.3500983652 	300.0000000006 	 0.9242362171 	 0.0201379863 	 0.2283075701 	 0.0000000000 	 0.0000000000 	 0.0000000000 	 0.0000000000 	-0.0000000000 	 0.0000000000 	 0.7515544436 	
415 	 1.3500983652 	300.0000000006 	 0.9242362171 	 0.0201379863 	 0.2283075701 	 0.0000000000 	 0.0000000000 	 0.0000000000 	 0.0000000000 	-0.0000000000 	 0.0000000000 	 0.7515544436 	
416 	 1.3500983652 	300.0000000006 	 0.9242362171 	 0.0201379863 	 0.2283075701 	 0.0000000000 	 0.0000000000 	 0.0000000000 	 0.0000000000 	-0.0000000000 	 0.0000000000 	 0.7515544436 	
417 	 1.3500983652 	300.0000000006 	 0.9242362171 	 0.0201379863 	 0.2283075701 	 0.0000000000 	 0.0000000000 	 0.0000000000 	 0.0000000000 	-0.0000000000 	 0.0000000000 	 0.7515544436 	
418 	 1.3500983652 	300.0000000006 	 0.9242362171 	 0.0201379863 	 0.2283075701 	 0.0000000000 	 0.0000000000 	 0.0000000000 	 0.0000000000 	-0.0000000000 	 0.0000000000 	 0.7515544436 	
419 	 1.3500983652 	300.0000000006 	 0.9242362171 	 0.0201379863 	 0.2283075701 	 0.0000000000 	 0.0000000000 	 0.0000000000 	 0.0000000000 	-0.0000000000 	 0.0000000000 	 0.7515544436 	
420 	 1.3500983652 	300.0000000006 	 0.9242362171 	 0.0201379863 	 0.2283075701 	 0.0000000000 	 0.0000000000 	 0.0000000000 	 0.0000000000 	-0.0000000000 	 0.0000000000 	 0.7515544436 	
421 	 1.3500983652 	300.0000000006 	 0.9242362171 	 0.0201379863 	 0.2283075701 	 0.0000000000 	 0.0000000000 	 0.0000000000 	 0.0000000000 	-0.0000000000 	 0.0000000000 	 0.7515544436 	
422 	 1.3500983652 	300.0000000006 	 0.9242362171 	 0.0201379863 	 0.2283075701 	 0.0000000000 	 0.0000000000 	 0.0000000000 	 0.0000000000 	-0.0000000000 	 0.0000000000 	 0.7515544436 	
423 	 1.3500983652 	300.0000000006 	 0.9242362171 	 0.0201379863 	 0.2283075701 	 0.0000000000 	 0.0000000000 	 0.0000000000 	 0.0000000000 	-0.0000000000 	 0.0000000000 	 0.7515544436 	
424 	 1.3500983652 	300.0000000006 	 0.9242362171 	 0.0201379863 	 0.2283075701 	 0.0000000000 	 0.0000000000 	 0.0000000000 	 0.0000000000 	-0.0000000000 	 0.0000000000 	 0.7515544436 	
425 	 1.3500983652 	300.0000000006 	 0.9242362171 	 0.0201379863 	 0.2283075701 	 0.0000000000 	 0.0000000000 	 0.0000000000 	 0.0000000000 	-0.0000000000 	 0.0000000000 	 0.7515544436 	
426 	 1.3500983652 	300.0000000006 	 0.9242362171 	 0.0201379863 	 0.2283075701 	 0.0000000000 	 0.0000000000 	 0.0000000000 	 0.0000000000 	-0.0000000000 	 0.0000000000 	 0.7515544436 	
427 	 1.3500983652 	300.0000000006 	 0.9242362171 	 0.0201379863 	 0.2283075701 	 0.0000000000 	 0.0000000000 	 0.0000000000 	 0.0000000000 	-0.0000000000 	 0.0000000000 	 0.7515544436 	
428 	 1.3500983652 	300.0000000006 	 0.9242362171 	 0.0201379863 	 0.2283075701 	 0.0000000000 	 0.0000000000 	 0.0000000000 	 0.0000000000 	-0.0000000000 	 0.0000000000 	 0.7515544436 	
429 	 1.3500983652 	300.0000000006 	 0.9242362171 	 0.0201379863 	 0.2283075701 	 0.0000000000 	 0.0000000000 	 0.0000000000 	 0.0000000000 	-0.0000000000 	 0.0000000000 	 0.7515544436 	
430 	 1.3500983652 	300.0000000006 	 0.9242362171 	 0.0201379863 	 0.2283075701 	 0.0000000000 	 0.0000000000 	 0.0000000000 	 0.0000000000 	-0.0000000000 	 0.0000000000 	 0.7515544436 	
431 	 1.3500983652 	300.0000000006 	 0.9242362171 	 0.0201379863 	 0.2283075701 	 0.0000000000 	 0.0000000000 	 0.0000000000 	 0.0000000000 	-0.0000000000 	 0.0000000000 	 0.7515544436 	
432 	 1.3500983652 	300.0000000006 	 0.9242362171 	 0.0201379863 	 0.2283075701 	 0.0000000000 	 0.0000000000 	 0.0000000000 	 0.0000000000 	-0.0000000000 	 0.0000000000 	 0.7515544436 	
433 	 1.3500983652 	300.0000000006 	 0.9242362171 	 0.0201379863 	 0.2283075701 	 0.0000000000 	 0.0000000000 	 0.0000000000 	 0.0000000000 	-0.0000000000 	 0.0000000000 	 0.7515544436 	
434 	 1.3500983652 	300.0000000006 	 0.9242362171 	 0.0201379863 	 0.2283075701 	 0.0000000000 	 0.0000000000 	 0.0000000000 	 0.0000000000 	-0.0000000000 	 0.0000000000 	 0.7515544436 	
435 	 1.3500983652 	300.0000000006 	 0.9242362171 	 0.0201379863 	 0.2283075701 	 0.0000000000 	 0.0000000000 	 0.0000000000 	 0.0000000000 	-0.0000000000 	 0.0000000000 	 0.7515544436 	
436 	 1.3500983652 	300.0000000006 	 0.9242362171 	 0.0201379863 	 0.2283075701 	 0.0000000000 	 0.0000000000 	 0.0000000000 	 0.0000000000 	-0.0000000000 	 0.0000000000 	 0.7515544436 	
437 	 1.3500983652 	300.0000000006 	 0.9242362171 	 0.0201379863 	 0.2283075701 	 0.0000000000 	 0.0000000000 	 0.0000000000 	 0.0000000000 	-0.0000000000 	 0.0000000000 	 0.7515544436 	
438 	 1.3500983652 	300.0000000006 	 0.9242362171 	 0.0201379863 	 0.2283075701 	 0.0000000000 	 0.0000000000 	 0.0000000000 	 0.0000000000 	-0.0000000000 	 0.0000000000 	 0.7515544436 	
439 	 1.3500983652 	300.0000000006 	 0.9242362171 	 0.0201379863 	 0.2283075701 	 0.0000000000 	 0.0000000000 	 0.0000000000 	 0.0000000000 	-0.0000000000 	 0.0000000000 	 0.7515544436 	
440 	 1.3500983652 	300.0000000006 	 0.9242362171 	 0.0201379863 	 0.2283075701 	 0.0000000000 	 0.0000000000 	 0.0000000000 	 0.0000000000 	-0.0000000000 	 0.0000000000 	 0.7515544436 	
441 	 1.3500983652 	300.0000000006 	 0.9242362171 	 0.0201379863 	 0.2283075701 	 0.0000000000 	 0.0000000000 	 0.0000000000 	 0.0000000000 	-0.0000000000 	 0.0000000000 	 0.7515544436 	
442 	 1.3500983652 	300.0000000006 	 0.9242362171 	 0.0201379863 	 0.2283075701 	 0.0000000000 	 0.0000000000 	 0.0000000000 	 0.0000000000 	-0.0000000000 	 0.0000000000 	 0.7515544436 	
443 	 1.3500983652 	300.0000000006 	 0.9242362171 	 0.0201379863 	 0.2283075701 	 0.0000000000 	 0.0000000000 	 0.0000000000 	 0.0000000000 	-0.0000000000 	 0.0000000000 	 0.7515544436 	
444 	 1.3500983652 	300.0000000006 	 0.9242362171 	 0.0201379863 	 0.2283075701 	 0.0000000000 	 0.0000000000 	 0.0000000000 	 0.0000000000 	-0.0000000000 	 0.0000000000 	 0.7515544436 	
445 	 1.3500983652 	300.0000000006 	 0.9242362171 	 0.0201379863 	 0.2283075701 	 0.0000000000 	 0.0000000000 	 0.0000000000 	 0.0000000000 	-0.0000000000 	 0.0000000000 	 0.7515544436 	
446 	 1.3500983652 	300.0000000006 	 0.9242362171 	 0.0201379863 	 0.2283075701 	 0.0000000000 	 0.0000000000 	 0.0000000000 	 0.0000000000 	-0.0000000000 	 0.0000000000 	 0.7515544436 	
447 	 1.3500983652 	300.0000000006 	 0.9242362171 	 0.0201379863 	 0.2283075701 	 0.0000000000 	 0.0000000000 	 0.0000000000 	 0.0000000000 	-0.0000000000 	 0.0000000000 	 0.7515544436 	
448 	 1.3500983652 	300.0000000006 	 0.9242362171 	 0.0201379863 	 0.2283075701 	 0.0000000000 	 0.0000000000 	 0.0000000000 	 0.0000000000 	-0.0000000000 	 0.0000000000 	 0.7515544436 	
449 	 1.3500983652 	300.0000000006 	 0.9242362171 	 0.0201379863 	 0.2283075701 	 0.0000000000 	 0.0000000000 	 0.0000000000 	 0.0000000000 	-0.0000000000 	 0.0000000000 	 0.7515544436 	
450 	 1.3500983652 	300.0000000006 	 0.9242362171 	 0.0201379863 	 0.2283075701 	 0.0000000000 	 0.0000000000 	 0.0000000000 	 0.0000000000 	-0.0000000000 	 0.0000000000 	 0.7515544436 	
451 	 1.3500983652 	300.0000000006 	 0.9242362171 	 0.0201379863 	 0.2283075701 	 0.0000000000 	 0.0000000000 	 0.0000000000 	 0.0000000000 	-0.0000000000 	 0.0000000000 	 0.7515544436 	
452 	 1.3500983652 	300.0000000006 	 0.9242362171 	 0.0201379863 	 0.2283075701 	 0.0000000000 	 0.0000000000 	 0.0000000000 	 0.0000000000 	-0.0000000000 	 0.0000000000 	 0.7515544436 	
453 	 1.3500983652 	300.0000000006 	 0.9242362171 	 0.0201379863 	 0.2283075701 	 0.0000000000 	 0.0000000000 	 0.0000000000 	 0.0000000000 	-0.0000000000 	 0.0000000000 	 0.7515544436 	
454 	 1.3500983652 	300.0000000006 	 0.9242362171 	 0.0201379863 	 0.2283075701 	 0.0000000000 	 0.0000000000 	 0.0000000000 	 0.0000000000 	-0.0000000000 	 0.0000000000 	 0.7515544436 	
455 	 1.3500983652 	300.0000000006 	 0.9242362171 	 0.0201379863 	 0.2283075701 	 0.0000000000 	 0.0000000000 	 0.0000000000 	 0.0000000000 	-0.0000000000 	 0.0000000000 	 0.7515544436 	
456 	 1.3500983652 	300.0000000006 	 0.9242362171 	 0.0201379863 	 0.2283075701 	 0.0000000000 	 0.0000000000 	 0.0000000000 	 0.0000000000 	-0.0000000000 	 0.0000000000 	 0.7515544436 	
457 	 1.3500983652 	300.0000000006 	 0.9242362171 	 0.0201379863 	 0.2283075701 	 0.0000000000 	 0.0000000000 	 0.0000000000 	 0.0000000000 	-0.0000000000 	 0.0000000000 	 0.7515544436 	
458 	 1.3500983652 	300.0000000006 	 0.9242362171 	 0.0201379863 	 0.2283075701 	 0.0000000000 	 0.0000000000 	 0.0000000000 	 0.0000000000 	-0.0000000000 	 0.0000000000 	 0.7515544436 	
459 	 1.3500983652 	300.0000000006 	 0.9242362171 	 0.0201379863 	 0.2283075701 	 0.0000000000 	 0.0000000000 	 0.0000000000 	 0.0000000000 	-0.0000000000 	 0.0000000000 	 0.7515544436 	
460 	 1.3500983652 	300.0000000006 	 0.9242362171 	 0.0201379863 	 0.2283075701 	 0.0000000000 	 0.0000000000 	 0.0000000000 	 0.0000000000 	-0.0000000000 	 0.0000000000 	 0.7515544436 	
461 	 1.3500983652 	300.0000000006 	 0.9242362171 	 0.0201379863 	 0.2283075701 	 0.0000000000 	 0.0000000000 	 0.0000000000 	 0.0000000000 	-0.0000000000 	 0.0000000000 	 0.7515544436 	
462 	 1.3500983652 	300.0000000006 	 0.9242362171 	 0.0201379863 	 0.2283075701 	 0.0000000000 	 0.0000000000 	 0.0000000000 	 0.0000000000 	-0.0000000000 	 0.0000000000 	 0.7515544436 	
463 	 1.3500983652 	300.0000000006 	 0.9242362171 	 0.0201379863 	 0.2283075701 	 0.0000000000 	 0.0000000000 	 0.0000000000 	 0.0000000000 	-0.0000000000 	 0.0000000000 	 0.7515544436 	
464 	 1.3500983652 	300.0000000006 	 0.9242362171 	 0.0201379863 	 0.2283075701 	 0.0000000000 	 0.0000000000 	 0.0000000000 	 0.0000000000 	-0.0000000000 	 0.0000000000 	 0.7515544436 	
465 	 1.3500983652 	300.0000000006 	 0.9242362171 	 0.0201379863 	 0.2283075701 	 0.0000000000 	 0.0000000000 	 0.0000000000 	 0.0000000000 	-0.0000000000 	 0.0000000000 	 0.7515544436 	
466 	 1.3500983652 	300.0000000006 	 0.9242362171 	 0.0201379863 	 0.2283075701 	 0.0000000000 	 0.0000000000 	 0.0000000000 	 0.0000000000 	-0.0000000000 	 0.0000000000 	 0.7515544436 	
467 	 1.3500983652 	300.0000000006 	 0.9242362171 	 0.0201379863 	 0.2283075701 	 0.0000000000 	 0.0000000000 	 0.0000000000 	 0.0000000000 	-0.0000000000 	 0.0000000000 	 0.7515544436 	
468 	 1.3500983652 	300.0000000006 	 0.9242362171 	 0.0201379863 	 0.2283075701 	 0.0000000000 	 0.0000000000 	 0.0000000000 	 0.0000000000 	-0.0000000000 	 0.0000000000 	 0.7515544436 	
469 	 1.3500983652 	300.0000000006 	 0.9242362171 	 0.0201379863 	 0.2283075701 	 0.0000000000 	 0.0000000000 	 0.0000000000 	 0.0000000000 	-0.0000000000 	 0.0000000000 	 0.7515544436 	
470 	 1.3500983652 	300.0000000006 	 0.9242362171 	 0.0201379863 	 0.2283075701 	 0.0000000000 	 0.0000000000 	 0.0000000000 	 0.0000000000 	-0.0000000000 	 0.0000000000 	 0.7515544436 	
471 	 1.3500983652 	300.0000000006 	 0.9242362171 	 0.0201379863 	 0.2283075701 	 0.0000000000 	 0.0000000000 	 0.0000000000 	 0.0000000000 	-0.0000000000 	 0.0000000000 	 0.7515544436 	
472 	 1.3500983652 	300.0000000006 	 0.9242362171 	 0.0201379863 	 0.2283075701 	 0.0000000000 	 0.0000000000 	 0.0000000000 	 0.0000000000 	-0.0000000000 	 0.0000000000 	 0.7515544436 	
473 	 1.3500983652 	300.0000000006 	 0.9242362171 	 0.0201379863 	 0.2283075701 	 0.0000000000 	 0.0000000000 	 0.0000000000 	 0.0000000000 	-0.0000000000 	 0.0000000000 	 0.7515544436 	
474 	 1.3500983652 	300.0000000006 	 0.9242362171 	 0.0201379863 	 0.2283075701 	 0.0000000000 	 0.0000000000 	 0.0000000000 	 0.0000000000 	-0.0000000000 	 0.0000000000 	 0.7515544436 	
475 	 1.3500983652 	300.0000000006 	 0.9242362171 	 0.0201379863 	 0.2283075701 	 0.0000000000 	 0.0000000000 	 0.0000000000 	 0.0000000000 	-0.0000000000 	 0.0000000000 	 0.7515544436 	
476 	 1.3500983652 	300.0000000006 	 0.9242362171 	 0.0201379863 	 0.2283075701 	 0.0000000000 	 0.0000000000 	 0.0000000000 	 0.0000000000 	-0.0000000000 	 0.0000000000 	 0.7515544436 	
477 	 1.3500983652 	300.0000000006 	 0.9242362171 	 0.0201379863 	 0.2283075701 	 0.0000000000 	 0.0000000000 	 0.0000000000 	 0.0000000000 	-0.0000000000 	 0.0000000000 	 0.7515544436 	
478 	 1.3500983652 	300.0000000006 	 0.9242362171 	 0.0201379863 	 0.2283075701 	 0.0000000000 	 0.0000000000 	 0.0000000000 	 0.0000000000 	-0.0000000000 	 0.0000000000 	 0.7515544436 	
479 	 1.3500983652 	300.0000000006 	 0.9242362171 	 0.0201379863 	 0.2283075701 	 0.0000000000 	 0.0000000000 	 0.0000000000 	 0.0000000000 	-0.0000000000 	 0.0000000000 	 0.7515544436 	
480 	 1.3500983652 	300.0000000006 	 0.9242362171 	 0.0201379863 	 0.2283075701 	 0.0000000000 	 0.0000000000 	 0.0000000000 	 0.0000000000 	-0.0000000000 	 0.0000000000 	 0.7515544436 	
481 	 1.3500983652 	300.0000000006 	 0.9242362171 	 0.0201379863 	 0.2283075701 	 0.0000000000 	 0.0000000000 	 0.0000000000 	 0.0000000000 	-0.0000000000 	 0.0000000000 	 0.7515544436 	
482 	 1.3500983652 	300.0000000006 	 0.9242362171 	 0.0201379863 	 0.2283075701 	 0.0000000000 	 0.0000000000 	 0.0000000000 	 0.0000000000 	-0.0000000000 	 0.0000000000 	 0.7515544436 	
483 	 1.3500983652 	300.0000000006 	 0.9242362171 	 0.0201379863 	 0.2283075701 	 0.0000000000 	 0.0000000000 	 0.0000000000 	 0.0000000000 	-0.0000000000 	 0.0000000000 	 0.7515544436 	
484 	 1.3500983652 	300.0000000006 	 0.9242362171 	 0.0201379863 	 0.2283075701 	 0.0000000000 	 0.0000000000 	 0.0000000000 	 0.0000000000 	-0.0000000000 	 0.0000000000 	 0.7515544436 	
485 	 1.3500983652 	300.0000000006 	 0.9242362171 	 0.0201379863 	 0.2283075701 	 0.0000000000 	 0.0000000000 	 0.0000000000 	 0.0000000000 	-0.0000000000 	 0.0000000000 	 0.7515544436 	
486 	 1.3500983652 	300.0000000006 	 0.9242362171 	 0.0201379863 	 0.2283075701 	 0.0000000000 	 0.0000000000 	 0.0000000000 	 0.0000000000 	-0.0000000000 	 0.0000000000 	 0.7515544436 	
487 	 1.3500983652 	300.0000000006 	 0.9242362171 	 0.0201379863 	 0.2283075701 	 0.0000000000 	 0.0000000000 	 0.0000000000 	 0.0000000000 	-0.0000000000 	 0.0000000000 	 0.7515544436 	
488 	 1.3500983652 	300.0000000006 	 0.9242362171 	 0.0201379863 	 0.2283075701 	 0.0000000000 	 0.0000000000 	 0.0000000000 	 0.0000000000 	-0.0000000000 	 0.0000000000 	 0.7515544436 	
489 	 1.3500983652 	300.0000000006 	 0.9242362171 	 0.0201379863 	 0.2283075701 	 0.0000000000 	 0.0000000000 	 0.0000000000 	 0.0000000000 	-0.0000000000 	 0.0000000000 	 0.7515544436 	
490 	 1.3500983652 	300.0000000006 	 0.9242362171 	 0.0201379863 	 0.2283075701 	 0.0000000000 	 0.0000000000 	 0.0000000000 	 0.0000000000 	-0.0000000000 	 0.0000000000 	 0.7515544436 	
491 	 1.3500983652 	300.0000000006 	 0.9242362171 	 0.0201379863 	 0.2283075701 	 0.0000000000 	 0.0000000000 	 0.0000000000 	 0.0000000000 	-0.0000000000 	 0.0000000000 	 0.7515544436 	
492 	 1.3500983652 	300.0000000006 	 0.9242362171 	 0.0201379863 	 0.2283075701 	 0.0000000000 	 0.0000000000 	 0.0000000000 	 0.0000000000 	-0.0000000000 	 0.0000000000 	 0.7515544436 	
493 	 1.3500983652 	300.0000000006 	 0.9242362171 	 0.0201379863 	 0.2283075701 	 0.0000000000 	 0.0000000000 	 0.0000000000 	 0.0000000000 	-0.0000000000 	 0.0000000000 	 0.7515544436 	
494 	 1.3500983652 	300.0000000006 	 0.9242362171 	 0.0201379863 	 0.2283075701 	 0.0000000000 	 0.0000000000 	 0.0000000000 	 0.0000000000 	-0.0000000000 	 0.0000000000 	 0.7515544436 	
495 	 1.3500983652 	300.0000000006 	 0.9242362171 	 0.0201379863 	 0.2283075701 	 0.0000000000 	 0.0000000000 	 0.0000000000 	 0.0000000000 	-0.0000000000 	 0.0000000000 	 0.7515544436 	
496 	 1.3500983652 	300.0000000006 	 0.9242362171 	 0.0201379863 	 0.2283075701 	 0.0000000000 	 0.0000000000 	 0.0000000000 	 0.0000000000 	-0.0000000000 	 0.0000000000 	 0.7515544436 	
497 	 1.3500983652 	300.0000000006 	 0.9242362171 	 0.0201379863 	 0.2283075701 	 0.0000000000 	 0.0000000000 	 0.0000000000 	 0.0000000000 	-0.0000000000 	 0.0000000000 	 0.7515544436 	
498 	 1.3500983652 	300.0000000006 	 0.9242362171 	 0.0201379863 	 0.2283075701 	 0.0000000000 	 0.0000000000 	 0.0000000000 	 0.0000000000 	-0.0000000000 	 0.0000000000 	 0.7515544436 	
499 	 1.3500983652 	300.0000000006 	 0.9242362171 	 0.0201379863 	 0.2283075701 	 0.0000000000 	 0.0000000000 	 0.0000000000 	 0.0000000000 	-0.0000000000 	 0.0000000000 	 0.7515544436 	
500 	 1.3500983652 	300.0000000006 	 0.9242362171 	 0.0201379863 	 0.2283075701 	 0.0000000000 	 0.0000000000 	 0.0000000000 	 0.0000000000 	-0.0000000000 	 0.0000000000 	 0.7515544436 	
501 	 1.3500983652 	300.0000000006 	 0.9242362171 	 0.0201379863 	 0.2283075701 	 0.0000000000 	 0.0000000000 	 0.0000000000 	 0.0000000000 	-0.0000000000 	 0.0000000000 	 0.7515544436 	
502 	 1.3500983652 	300.0000000006 	 0.9242362171 	 0.0201379863 	 0.2283075701 	 0.0000000000 	 0.0000000000 	 0.0000000000 	 0.0000000000 	-0.0000000000 	 0.0000000000 	 0.7515544436 	
503 	 1.3500983652 	300.0000000006 	 0.9242362171 	 0.0201379863 	 0.2283075701 	 0.0000000000 	 0.0000000000 	 0.0000000000 	 0.0000000000 	-0.0000000000 	 0.0000000000 	 0.7515544436 	
504 	 1.3500983652 	300.0000000006 	 0.9242362171 	 0.0201379863 	 0.2283075701 	 0.0000000000 	 0.0000000000 	 0.0000000000 	 0.0000000000 	-0.0000000000 	 0.0000000000 	 0.7515544436 	
505 	 1.3500983652 	300.0000000006 	 0.9242362171 	 0.0201379863 	 0.2283075701 	 0.0000000000 	 0.0000000000 	 0.0000000000 	 0.0000000000 	-0.0000000000 	 0.0000000000 	 0.7515544436 	
506 	 1.3500983652 	300.0000000006 	 0.9242362171 	 0.0201379863 	 0.2283075701 	 0.0000000000 	 0.0000000000 	 0.0000000000 	 0.0000000000 	-0.0000000000 	 0.0000000000 	 0.7515544436 	
507 	 1.3500983652 	300.0000000006 	 0.9242362171 	 0.0201379863 	 0.2283075701 	 0.0000000000 	 0.0000000000 	 0.0000000000 	 0.0000000000 	-0.0000000000 	 0.0000000000 	 0.7515544436 	
508 	 1.3500983652 	300.0000000006 	 0.9242362171 	 0.0201379863 	 0.2283075701 	 0.0000000000 	 0.0000000000 	 0.0000000000 	 0.0000000000 	-0.0000000000 	 0.0000000000 	 0.7515544436 	
509 	 1.3500983652 	300.0000000006 	 0.9242362171 	 0.0201379863 	 0.2283075701 	 0.0000000000 	 0.0000000000 	 0.0000000000 	 0.0000000000 	-0.0000000000 	 0.0000000000 	 0.7515544436 	
510 	 1.3500983652 	300.0000000006 	 0.9242362171 	 0.0201379863 	 0.2283075701 	 0.0000000000 	 0.0000000000 	 0.0000000000 	 0.0000000000 	-0.0000000000 	 0.0000000000 	 0.7515544436 	
511 	 1.3500983652 	300.0000000006 	 0.9242362171 	 0.0201379863 	 0.2283075701 	 0.0000000000 	 0.0000000000 	 0.0000000000 	 0.0000000000 	-0.0000000000 	 0.0000000000 	 0.7515544436 	
512 	 1.3500983652 	300.0000000006 	 0.9242362171 	 0.0201379863 	 0.2283075701 	 0.0000000000 	 0.0000000000 	 0.0000000000 	 0.0000000000 	-0.0000000000 	 0.0000000000 	 0.7515544436 	
513 	 1.3500983652 	300.0000000006 	 0.9242362171 	 0.0201379863 	 0.2283075701 	 0.0000000000 	 0.0000000000 	 0.0000000000 	 0.0000000000 	-0.0000000000 	 0.0000000000 	 0.7515544436 	
514 	 1.3500983652 	300.0000000006 	 0.9242362171 	 0.0201379863 	 0.2283075701 	 0.0000000000 	 0.0000000000 	 0.0000000000 	 0.0000000000 	-0.0000000000 	 0.0000000000 	 0.7515544436 	
515 	 1.3500983652 	300.0000000006 	 0.9242362171 	 0.0201379863 	 0.2283075701 	 0.0000000000 	 0.0000000000 	 0.0000000000 	 0.0000000000 	-0.0000000000 	 0.0000000000 	 0.7515544436 	
516 	 1.3500983652 	300.0000000006 	 0.9242362171 	 0.0201379863 	 0.2283075701 	 0.0000000000 	 0.0000000000 	 0.0000000000 	 0.0000000000 	-0.0000000000 	 0.0000000000 	 0.7515544436 	
517 	 1.3500983652 	300.0000000006 	 0.9242362171 	 0.0201379863 	 0.2283075701 	 0.0000000000 	 0.0000000000 	 0.0000000000 	 0.0000000000 	-0.0000000000 	 0.0000000000 	 0.7515544436 	
518 	 1.3500983652 	300.0000000006 	 0.9242362171 	 0.0201379863 	 0.2283075701 	 0.0000000000 	 0.0000000000 	 0.0000000000 	 0.0000000000 	-0.0000000000 	 0.0000000000 	 0.7515544436 	
519 	 1.3500983652 	300.0000000006 	 0.9242362171 	 0.0201379863 	 0.2283075701 	 0.0000000000 	 0.0000000000 	 0.0000000000 	 0.0000000000 	-0.0000000000 	 0.0000000000 	 0.7515544436 	
520 	 1.3500983652 	300.0000000006 	 0.9242362171 	 0.0201379863 	 0.2283075701 	 0.0000000000 	 0.0000000000 	 0.0000000000 	 0.0000000000 	-0.0000000000 	 0.0000000000 	 0.7515544436 	
521 	 1.3500983652 	300.0000000006 	 0.9242362171 	 0.0201379863 	 0.2283075701 	 0.0000000000 	 0.0000000000 	 0.0000000000 	 0.0000000000 	-0.0000000000 	 0.0000000000 	 0.7515544436 	
522 	 1.3500983652 	300.0000000006 	 0.9242362171 	 0.0201379863 	 0.2283075701 	 0.0000000000 	 0.0000000000 	 0.0000000000 	 0.0000000000 	-0.0000000000 	 0.0000000000 	 0.7515544436 	
523 	 1.3500983652 	300.0000000006 	 0.9242362171 	 0.0201379863 	 0.2283075701 	 0.0000000000 	 0.0000000000 	 0.0000000000 	 0.0000000000 	-0.0000000000 	 0.0000000000 	 0.7515544436 	
524 	 1.3500983652 	300.0000000006 	 0.9242362171 	 0.0201379863 	 0.2283075701 	 0.0000000000 	 0.0000000000 	 0.0000000000 	 0.0000000000 	-0.0000000000 	 0.0000000000 	 0.7515544436 	
525 	 1.3500983652 	300.0000000006 	 0.9242362171 	 0.0201379863 	 0.2283075701 	 0.0000000000 	 0.0000000000 	 0.0000000000 	 0.0000000000 	-0.0000000000 	 0.0000000000 	 0.7515544436 	
526 	 1.3500983652 	300.0000000006 	 0.9242362171 	 0.0201379863 	 0.2283075701 	 0.0000000000 	 0.0000000000 	 0.0000000000 	 0.0000000000 	-0.0000000000 	 0.0000000000 	 0.7515544436 	
527 	 1.3500983652 	300.0000000006 	 0.9242362171 	 0.0201379863 	 0.2283075701 	 0.0000000000 	 0.0000000000 	 0.0000000000 	 0.0000000000 	-0.0000000000 	 0.0000000000 	 0.7515544436 	
528 	 1.3500983652 	300.0000000006 	 0.9242362171 	 0.0201379863 	 0.2283075701 	 0.0000000000 	 0.0000000000 	 0.0000000000 	 0.0000000000 	-0.0000000000 	 0.0000000000 	 0.7515544436 	
529 	 1.3500983652 	300.0000000006 	 0.9242362171 	 0.0201379863 	 0.2283075701 	 0.0000000000 	 0.0000000000 	 0.0000000000 	 0.0000000000 	-0.0000000000 	 0.0000000000 	 0.7515544436 	
530 	 1.3500983652 	300.0000000006 	 0.9242362171 	 0.0201379863 	 0.2283075701 	 0.0000000000 	 0.0000000000 	 0.0000000000 	 0.0000000000 	-0.0000000000 	 0.0000000000 	 0.7515544436 	
531 	 1.3500983652 	300.0000000006 	 0.9242362171 	 0.0201379863 	 0.2283075701 	 0.0000000000 	 0.0000000000 	 0.0000000000 	 0.0000000000 	-0.0000000000 	 0.0000000000 	 0.7515544436 	
532 	 1.3500983652 	300.0000000006 	 0.9242362171 	 0.0201379863 	 0.2283075701 	 0.0000000000 	 0.0000000000 	 0.0000000000 	 0.0000000000 	-0.0000000000 	 0.0000000000 	 0.7515544436 	
533 	 1.3500983652 	300.0000000006 	 0.9242362171 	 0.0201379863 	 0.2283075701 	 0.0000000000 	 0.0000000000 	 0.0000000000 	 0.0000000000 	-0.0000000000 	 0.0000000000 	 0.7515544436 	
534 	 1.3500983652 	300.0000000006 	 0.9242362171 	 0.0201379863 	 0.2283075701 	 0.0000000000 	 0.0000000000 	 0.0000000000 	 0.0000000000 	-0.0000000000 	 0.0000000000 	 0.7515544436 	
535 	 1.3500983652 	300.0000000006 	 0.9242362171 	 0.0201379863 	 0.2283075701 	 0.0000000000 	 0.0000000000 	 0.0000000000 	 0.0000000000 	-0.0000000000 	 0.0000000000 	 0.7515544436 	
536 	 1.3500983652 	300.0000000006 	 0.9242362171 	 0.0201379863 	 0.2283075701 	 0.0000000000 	 0.0000000000 	 0.0000000000 	 0.0000000000 	-0.0000000000 	 0.0000000000 	 0.7515544436 	
537 	 1.3500983652 	300.0000000006 	 0.9242362171 	 0.0201379863 	 0.2283075701 	 0.0000000000 	 0.0000000000 	 0.0000000000 	 0.0000000000 	-0.0000000000 	 0.0000000000 	 0.7515544436 	
538 	 1.3500983652 	300.0000000006 	 0.9242362171 	 0.0201379863 	 0.2283075701 	 0.0000000000 	 0.0000000000 	 0.0000000000 	 0.0000000000 	-0.0000000000 	 0.0000000000 	 0.7515544436 	
539 	 1.3500983652 	300.0000000006 	 0.9242362171 	 0.0201379863 	 0.2283075701 	 0.0000000000 	 0.0000000000 	 0.0000000000 	 0.0000000000 	-0.0000000000 	 0.0000000000 	 0.7515544436 	
540 	 1.3500983652 	300.0000000006 	 0.9242362171 	 0.0201379863 	 0.2283075701 	 0.0000000000 	 0.0000000000 	 0.0000000000 	 0.0000000000 	-0.0000000000 	 0.0000000000 	 0.7515544436 	
541 	 1.3500983652 	300.0000000006 	 0.9242362171 	 0.0201379863 	 0.2283075701 	 0.0000000000 	 0.0000000000 	 0.0000000000 	 0.0000000000 	-0.0000000000 	 0.0000000000 	 0.7515544436 	
542 	 1.3500983652 	300.0000000006 	 0.9242362171 	 0.0201379863 	 0.2283075701 	 0.0000000000 	 0.0000000000 	 0.0000000000 	 0.0000000000 	-0.0000000000 	 0.0000000000 	 0.7515544436 	
543 	 1.3500983652 	300.0000000006 	 0.9242362171 	 0.0201379863 	 0.2283075701 	 0.0000000000 	 0.0000000000 	 0.0000000000 	 0.0000000000 	-0.0000000000 	 0.0000000000 	 0.7515544436 	
544 	 1.3500983652 	300.0000000006 	 0.9242362171 	 0.0201379863 	 0.2283075701 	 0.0000000000 	 0.0000000000 	 0.0000000000 	 0.0000000000 	-0.0000000000 	 0.0000000000 	 0.7515544436 	
545 	 1.3500983652 	300.0000000006 	 0.9242362171 	 0.0201379863 	 0.2283075701 	 0.0000000000 	 0.0000000000 	 0.0000000000 	 0.0000000000 	-0.0000000000 	 0.0000000000 	 0.7515544436 	
546 	 1.3500983652 	300.0000000006 	 0.9242362171 	 0.0201379863 	 0.2283075701 	 0.0000000000 	 0.0000000000 	 0.0000000000 	 0.0000000000 	-0.0000000000 	 0.0000000000 	 0.7515544436 	
547 	 1.3500983652 	300.0000000006 	 0.9242362171 	 0.0201379863 	 0.2283075701 	 0.0000000000 	 0.0000000000 	 0.0000000000 	 0.0000000000 	-0.0000000000 	 0.0000000000 	 0.7515544436 	
548 	 1.3500983652 	300.0000000006 	 0.9242362171 	 0.0201379863 	 0.2283075701 	 0.0000000000 	 0.0000000000 	 0.0000000000 	 0.0000000000 	-0.0000000000 	 0.0000000000 	 0.7515544436 	
549 	 1.3500983652 	300.0000000006 	 0.9242362171 	 0.0201379863 	 0.2283075701 	 0.0000000000 	 0.0000000000 	 0.0000000000 	 0.0000000000 	-0.0000000000 	 0.0000000000 	 0.7515544436 	
550 	 1.3500983652 	300.0000000006 	 0.9242362171 	 0.0201379863 	 0.2283075701 	 0.0000000000 	 0.0000000000 	 0.0000000000 	 0.0000000000 	-0.0000000000 	 0.0000000000 	 0.7515544436 	
551 	 1.3500983652 	300.0000000006 	 0.9242362171 	 0.0201379863 	 0.2283075701 	 0.0000000000 	 0.0000000000 	 0.0000000000 	 0.0000000000 	-0.0000000000 	 0.0000000000 	 0.7515544436 	
552 	 1.3500983652 	300.0000000006 	 0.9242362171 	 0.0201379863 	 0.2283075701 	 0.0000000000 	 0.0000000000 	 0.0000000000 	 0.0000000000 	-0.0000000000 	 0.0000000000 	 0.7515544436 	
553 	 1.3500983652 	300.0000000006 	 0.9242362171 	 0.0201379863 	 0.2283075701 	 0.0000000000 	 0.0000000000 	 0.0000000000 	 0.0000000000 	-0.0000000000 	 0.0000000000 	 0.7515544436 	
554 	 1.3500983652 	300.0000000006 	 0.9242362171 	 0.0201379863 	 0.2283075701 	 0.0000000000 	 0.0000000000 	 0.0000000000 	 0.0000000000 	-0.0000000000 	 0.0000000000 	 0.7515544436 	
555 	 1.3500983652 	300.0000000006 	 0.9242362171 	 0.0201379863 	 0.2283075701 	 0.0000000000 	 0.0000000000 	 0.0000000000 	 0.0000000000 	-0.0000000000 	 0.0000000000 	 0.7515544436 	
556 	 1.3500983652 	300.0000000006 	 0.9242362171 	 0.0201379863 	 0.2283075701 	 0.0000000000 	 0.0000000000 	 0.0000000000 	 0.0000000000 	-0.0000000000 	 0.0000000000 	 0.7515544436 	
557 	 1.3500983652 	300.0000000006 	 0.9242362171 	 0.0201379863 	 0.2283075701 	 0.0000000000 	 0.0000000000 	 0.0000000000 	 0.0000000000 	-0.0000000000 	 0.0000000000 	 0.7515544436 	
558 	 1.3500983652 	300.0000000006 	 0.9242362171 	 0.0201379863 	 0.2283075701 	 0.0000000000 	 0.0000000000 	 0.0000000000 	 0.0000000000 	-0.0000000000 	 0.0000000000 	 0.7515544436 	
559 	 1.3500983652 	300.0000000006 	 0.9242362171 	 0.0201379863 	 0.2283075701 	 0.0000000000 	 0.0000000000 	 0.0000000000 	 0.0000000000 	-0.0000000000 	 0.0000000000 	 0.7515544436 	
560 	 1.3500983652 	300.0000000006 	 0.9242362171 	 0.0201379863 	 0.2283075701 	 0.0000000000 	 0.0000000000 	 0.0000000000 	 0.0000000000 	-0.0000000000 	 0.0000000000 	 0.7515544436 	
561 	 1.3500983652 	300.0000000006 	 0.9242362171 	 0.0201379863 	 0.2283075701 	 0.0000000000 	 0.0000000000 	 0.0000000000 	 0.0000000000 	-0.0000000000 	 0.0000000000 	 0.7515544436 	
562 	 1.3500983652 	300.0000000006 	 0.9242362171 	 0.0201379863 	 0.2283075701 	 0.0000000000 	 0.0000000000 	 0.0000000000 	 0.0000000000 	-0.0000000000 	 0.0000000000 	 0.7515544436 	
563 	 1.3500983652 	300.0000000006 	 0.9242362171 	 0.0201379863 	 0.2283075701 	 0.0000000000 	 0.0000000000 	 0.0000000000 	 0.0000000000 	-0.0000000000 	 0.0000000000 	 0.7515544436 	
564 	 1.3500983652 	300.0000000006 	 0.9242362171 	 0.0201379863 	 0.2283075701 	 0.0000000000 	 0.0000000000 	 0.0000000000 	 0.0000000000 	-0.0000000000 	 0.0000000000 	 0.7515544436 	
565 	 1.3500983652 	300.0000000006 	 0.9242362171 	 0.0201379863 	 0.2283075701 	 0.0000000000 	 0.0000000000 	 0.0000000000 	 0.0000000000 	-0.0000000000 	 0.0000000000 	 0.7515544436 	
566 	 1.3500983652 	300.0000000006 	 0.9242362171 	 0.0201379863 	 0.2283075701 	 0.0000000000 	 0.0000000000 	 0.0000000000 	 0.0000000000 	-0.0000000000 	 0.0000000000 	 0.7515544436 	
567 	 1.3500983652 	300.0000000006 	 0.9242362171 	 0.0201379863 	 0.2283075701 	 0.0000000000 	 0.0000000000 	 0.0000000000 	 0.0000000000 	-0.0000000000 	 0.0000000000 	 0.7515544436 	
568 	 1.3500983652 	300.0000000006 	 0.9242362171 	 0.0201379863 	 0.2283075701 	 0.0000000000 	 0.0000000000 	 0.0000000000 	 0.0000000000 	-0.0000000000 	 0.0000000000 	 0.7515544436 	
569 	 1.3500983652 	300.0000000006 	 0.9242362171 	 0.0201379863 	 0.2283075701 	 0.0000000000 	 0.0000000000 	 0.0000000000 	 0.0000000000 	-0.0000000000 	 0.0000000000 	 0.7515544436 	
570 	 1.3500983652 	300.0000000006 	 0.9242362171 	 0.0201379863 	 0.2283075701 	 0.0000000000 	 0.0000000000 	 0.0000000000 	 0.0000000000 	-0.0000000000 	 0.0000000000 	 0.7515544436 	
571 	 1.3500983652 	300.0000000006 	 0.9242362171 	 0.0201379863 	 0.2283075701 	 0.0000000000 	 0.0000000000 	 0.0000000000 	 0.0000000000 	-0.0000000000 	 0.0000000000 	 0.7515544436 	
572 	 1.3500983652 	300.0000000006 	 0.9242362171 	 0.0201379863 	 0.2283075701 	 0.0000000000 	 0.0000000000 	 0.0000000000 	 0.0000000000 	-0.0000000000 	 0.0000000000 	 0.7515544436 	
573 	 1.3500983652 	300.0000000006 	 0.9242362171 	 0.0201379863 	 0.2283075701 	 0.0000000000 	 0.0000000000 	 0.0000000000 	 0.0000000000 	-0.0000000000 	 0.0000000000 	 0.7515544436 	
574 	 1.3500983652 	300.0000000006 	 0.9242362171 	 0.0201379863 	 0.2283075701 	 0.0000000000 	 0.0000000000 	 0.0000000000 	 0.0000000000 	-0.0000000000 	 0.0000000000 	 0.7515544436 	
575 	 1.3500983652 	300.0000000006 	 0.9242362171 	 0.0201379863 	 0.2283075701 	 0.0000000000 	 0.0000000000 	 0.0000000000 	 0.0000000000 	-0.0000000000 	 0.0000000000 	 0.7515544436 	
576 	 1.3500983652 	300.0000000006 	 0.9242362171 	 0.0201379863 	 0.2283075701 	 0.0000000000 	 0.0000000000 	 0.0000000000 	 0.0000000000 	-0.0000000000 	 0.0000000000 	 0.7515544436 	
577 	 1.3500983652 	300.0000000006 	 0.9242362171 	 0.0201379863 	 0.2283075701 	 0.0000000000 	 0.0000000000 	 0.0000000000 	 0.0000000000 	-0.0000000000 	 0.0000000000 	 0.7515544436 	
578 	 1.3500983652 	300.0000000006 	 0.9242362171 	 0.0201379863 	 0.2283075701 	 0.0000000000 	 0.0000000000 	 0.0000000000 	 0.0000000000 	-0.0000000000 	 0.0000000000 	 0.7515544436 	
579 	 1.3500983652 	300.0000000006 	 0.9242362171 	 0.0201379863 	 0.2283075701 	 0.0000000000 	 0.0000000000 	 0.0000000000 	 0.0000000000 	-0.0000000000 	 0.0000000000 	 0.7515544436 	
580 	 1.3500983652 	300.0000000006 	 0.9242362171 	 0.0201379863 	 0.2283075701 	 0.0000000000 	 0.0000000000 	 0.0000000000 	 0.0000000000 	-0.0000000000 	 0.0000000000 	 0.7515544436 	
581 	 1.3500983652 	300.0000000006 	 0.9242362171 	 0.0201379863 	 0.2283075701 	 0.0000000000 	 0.0000000000 	 0.0000000000 	 0.0000000000 	-0.0000000000 	 0.0000000000 	 0.7515544436 	
582 	 1.3500983652 	300.0000000006 	 0.9242362171 	 0.0201379863 	 0.2283075701 	 0.0000000000 	 0.0000000000 	 0.0000000000 	 0.0000000000 	-0.0000000000 	 0.0000000000 	 0.7515544436 	
583 	 1.3500983652 	300.0000000006 	 0.9242362171 	 0.0201379863 	 0.2283075701 	 0.0000000000 	 0.0000000000 	 0.0000000000 	 0.0000000000 	-0.0000000000 	 0.0000000000 	 0.7515544436 	
584 	 1.3500983652 	300.0000000006 	 0.9242362171 	 0.0201379863 	 0.2283075701 	 0.0000000000 	 0.0000000000 	 0.0000000000 	 0.0000000000 	-0.0000000000 	 0.0000000000 	 0.7515544436 	
585 	 1.3500983652 	300.0000000006 	 0.9242362171 	 0.0201379863 	 0.2283075701 	 0.0000000000 	 0.0000000000 	 0.0000000000 	 0.0000000000 	-0.0000000000 	 0.0000000000 	 0.7515544436 	
586 	 1.3500983652 	300.0000000006 	 0.9242362171 	 0.0201379863 	 0.2283075701 	 0.0000000000 	 0.0000000000 	 0.0000000000 	 0.0000000000 	-0.0000000000 	 0.0000000000 	 0.7515544436 	
587 	 1.3500983652 	300.0000000006 	 0.9242362171 	 0.0201379863 	 0.2283075701 	 0.0000000000 	 0.0000000000 	 0.0000000000 	 0.0000000000 	-0.0000000000 	 0.0000000000 	 0.7515544436 	
588 	 1.3500983652 	300.0000000006 	 0.9242362171 	 0.0201379863 	 0.2283075701 	 0.0000000000 	 0.0000000000 	 0.0000000000 	 0.0000000000 	-0.0000000000 	 0.0000000000 	 0.7515544436 	
589 	 1.3500983652 	300.0000000006 	 0.9242362171 	 0.0201379863 	 0.2283075701 	 0.0000000000 	 0.0000000000 	 0.0000000000 	 0.0000000000 	-0.0000000000 	 0.0000000000 	 0.7515544436 	
590 	 1.3500983652 	300.0000000006 	 0.9242362171 	 0.0201379863 	 0.2283075701 	 0.0000000000 	 0.0000000000 	 0.0000000000 	 0.0000000000 	-0.0000000000 	 0.0000000000 	 0.7515544436 	
591 	 1.3500983652 	300.0000000006 	 0.9242362171 	 0.0201379863 	 0.2283075701 	 0.0000000000 	 0.0000000000 	 0.0000000000 	 0.0000000000 	-0.0000000000 	 0.0000000000 	 0.7515544436 	
592 	 1.3500983652 	300.0000000006 	 0.9242362171 	 0.0201379863 	 0.2283075701 	 0.0000000000 	 0.0000000000 	 0.0000000000 	 0.0000000000 	-0.0000000000 	 0.0000000000 	 0.7515544436 	
593 	 1.3500983652 	300.0000000006 	 0.9242362171 	 0.0201379863 	 0.2283075701 	 0.0000000000 	 0.0000000000 	 0.0000000000 	 0.0000000000 	-0.0000000000 	 0.0000000000 	 0.7515544436 	
594 	 1.3500983652 	300.0000000006 	 0.9242362171 	 0.0201379863 	 0.2283075701 	 0.0000000000 	 0.0000000000 	 0.0000000000 	 0.0000000000 	-0.0000000000 	 0.0000000000 	 0.7515544436 	
595 	 1.3500983652 	300.0000000006 	 0.9242362171 	 0.0201379863 	 0.2283075701 	 0.0000000000 	 0.0000000000 	 0.0000000000 	 0.0000000000 	-0.0000000000 	 0.0000000000 	 0.7515544436 	
596 	 1.3500983652 	300.0000000006 	 0.9242362171 	 0.0201379863 	 0.2283075701 	 0.0000000000 	 0.0000000000 	 0.0000000000 	 0.0000000000 	-0.0000000000 	 0.0000000000 	 0.7515544436 	
597 	 1.3500983652 	300.0000000006 	 0.9242362171 	 0.0201379863 	 0.2283075701 	 0.0000000000 	 0.0000000000 	 0.0000000000 	 0.0000000000 	-0.0000000000 	 0.0000000000 	 0.7515544436 	
598 	 1.3500983652 	300.0000000006 	 0.9242362171 	 0.0201379863 	 0.2283075701 	 0.0000000000 	 0.0000000000 	 0.0000000000 	 0.0000000000 	-0.0000000000 	 0.0000000000 	 0.7515544436 	
599 	 1.3500983652 	300.0000000006 	 0.9242362171 	 0.0201379863 	 0.2283075701 	 0.0000000000 	 0.0000000000 	 0.0000000000 	 0.0000000000 	-0.0000000000 	 0.0000000000 	 0.7515544436 	
600 	 1.3500983652 	300.0000000006 	 0.9242362171 	 0.0201379863 	 0.2283075701 	 0.0000000000 	 0.0000000000 	 0.0000000000 	 0.0000000000 	-0.0000000000 	 0.0000000000 	 0.7515544436 	
601 	 1.3500983652 	300.0000000006 	 0.9242362171 	 0.0201379863 	 0.2283075701 	 0.0000000000 	 0.0000000000 	 0.0000000000 	 0.0000000000 	-0.0000000000 	 0.0000000000 	 0.7515544436 	
602 	 1.3500983652 	300.0000000006 	 0.9242362171 	 0.0201379863 	 0.2283075701 	 0.0000000000 	 0.0000000000 	 0.0000000000 	 0.0000000000 	-0.0000000000 	 0.0000000000 	 0.7515544436 	
603 	 1.3500983652 	300.0000000006 	 0.9242362171 	 0.0201379863 	 0.2283075701 	 0.0000000000 	 0.0000000000 	 0.0000000000 	 0.0000000000 	-0.0000000000 	 0.0000000000 	 0.7515544436 	
604 	 1.3500983652 	300.0000000006 	 0.9242362171 	 0.0201379863 	 0.2283075701 	 0.0000000000 	 0.0000000000 	 0.0000000000 	 0.0000000000 	-0.0000000000 	 0.0000000000 	 0.7515544436 	
605 	 1.3500983652 	300.0000000006 	 0.9242362171 	 0.0201379863 	 0.2283075701 	 0.0000000000 	 0.0000000000 	 0.0000000000 	 0.0000000000 	-0.0000000000 	 0.0000000000 	 0.7515544436 	
606 	 1.3500983652 	300.0000000006 	 0.9242362171 	 0.0201379863 	 0.2283075701 	 0.0000000000 	 0.0000000000 	 0.0000000000 	 0.0000000000 	-0.0000000000 	 0.0000000000 	 0.7515544436 	
607 	 1.3500983652 	300.0000000006 	 0.9242362171 	 0.0201379863 	 0.2283075701 	 0.0000000000 	 0.0000000000 	 0.0000000000 	 0.0000000000 	-0.0000000000 	 0.0000000000 	 0.7515544436 	
608 	 1.3500983652 	300.0000000006 	 0.9242362171 	 0.0201379863 	 0.2283075701 	 0.0000000000 	 0.0000000000 	 0.0000000000 	 0.0000000000 	-0.0000000000 	 0.0000000000 	 0.7515544436 	
609 	 1.3500983652 	300.0000000006 	 0.9242362171 	 0.0201379863 	 0.2283075701 	 0.0000000000 	 0.0000000000 	 0.0000000000 	 0.0000000000 	-0.0000000000 	 0.0000000000 	 0.7515544436 	
610 	 1.3500983652 	300.0000000006 	 0.9242362171 	 0.0201379863 	 0.2283075701 	 0.0000000000 	 0.0000000000 	 0.0000000000 	 0.0000000000 	-0.0000000000 	 0.0000000000 	 0.7515544436 	
611 	 1.3500983652 	300.0000000006 	 0.9242362171 	 0.0201379863 	 0.2283075701 	 0.0000000000 	 0.0000000000 	 0.0000000000 	 0.0000000000 	-0.0000000000 	 0.0000000000 	 0.7515544436 	
612 	 1.3500983652 	300.0000000006 	 0.9242362171 	 0.0201379863 	 0.2283075701 	 0.0000000000 	 0.0000000000 	 0.0000000000 	 0.0000000000 	-0.0000000000 	 0.0000000000 	 0.7515544436 	
613 	 1.3500983652 	300.0000000006 	 0.9242362171 	 0.0201379863 	 0.2283075701 	 0.0000000000 	 0.0000000000 	 0.0000000000 	 0.0000000000 	-0.0000000000 	 0.0000000000 	 0.7515544436 	
614 	 1.3500983652 	300.0000000006 	 0.9242362171 	 0.0201379863 	 0.2283075701 	 0.0000000000 	 0.0000000000 	 0.0000000000 	 0.0000000000 	-0.0000000000 	 0.0000000000 	 0.7515544436 	
615 	 1.3500983652 	300.0000000006 	 0.9242362171 	 0.0201379863 	 0.2283075701 	 0.0000000000 	 0.0000000000 	 0.0000000000 	 0.0000000000 	-0.0000000000 	 0.0000000000 	 0.7515544436 	
616 	 1.3500983652 	300.0000000006 	 0.9242362171 	 0.0201379863 	 0.2283075701 	 0.0000000000 	 0.0000000000 	 0.0000000000 	 0.0000000000 	-0.0000000000 	 0.0000000000 	 0.7515544436 	
617 	 1.3500983652 	300.0000000006 	 0.9242362171 	 0.0201379863 	 0.2283075701 	 0.0000000000 	 0.0000000000 	 0.0000000000 	 0.0000000000 	-0.0000000000 	 0.0000000000 	 0.7515544436 	
618 	 1.3500983652 	300.0000000006 	 0.9242362171 	 0.0201379863 	 0.2283075701 	 0.0000000000 	 0.0000000000 	 0.0000000000 	 0.0000000000 	-0.0000000000 	 0.0000000000 	 0.7515544436 	
619 	 1.3500983652 	300.0000000006 	 0.9242362171 	 0.0201379863 	 0.2283075701 	 0.0000000000 	 0.0000000000 	 0.0000000000 	 0.0000000000 	-0.0000000000 	 0.0000000000 	 0.7515544436 	
620 	 1.3500983652 	300.0000000006 	 0.9242362171 	 0.0201379863 	 0.2283075701 	 0.0000000000 	 0.0000000000 	 0.0000000000 	 0.0000000000 	-0.0000000000 	 0.0000000000 	 0.7515544436 	
621 	 1.3500983652 	300.0000000006 	 0.9242362171 	 0.0201379863 	 0.2283075701 	 0.0000000000 	 0.0000000000 	 0.0000000000 	 0.0000000000 	-0.0000000000 	 0.0000000000 	 0.7515544436 	
622 	 1.3500983652 	300.0000000006 	 0.9242362171 	 0.0201379863 	 0.2283075701 	 0.0000000000 	 0.0000000000 	 0.0000000000 	 0.0000000000 	-0.0000000000 	 0.0000000000 	 0.7515544436 	
623 	 1.3500983652 	300.0000000006 	 0.9242362171 	 0.0201379863 	 0.2283075701 	 0.0000000000 	 0.0000000000 	 0.0000000000 	 0.0000000000 	-0.0000000000 	 0.0000000000 	 0.7515544436 	
624 	 1.3500983652 	300.0000000006 	 0.9242362171 	 0.0201379863 	 0.2283075701 	 0.0000000000 	 0.0000000000 	 0.0000000000 	 0.0000000000 	-0.0000000000 	 0.0000000000 	 0.7515544436 	
625 	 1.3500983652 	300.0000000006 	 0.9242362171 	 0.0201379863 	 0.2283075701 	 0.0000000000 	 0.0000000000 	 0.0000000000 	 0.0000000000 	-0.0000000000 	 0.0000000000 	 0.7515544436 	
626 	 1.3500983652 	300.0000000006 	 0.9242362171 	 0.0201379863 	 0.2283075701 	 0.0000000000 	 0.0000000000 	 0.0000000000 	 0.0000000000 	-0.0000000000 	 0.0000000000 	 0.7515544436 	
627 	 1.3500983652 	300.0000000006 	 0.9242362171 	 0.0201379863 	 0.2283075701 	 0.0000000000 	 0.0000000000 	 0.0000000000 	 0.0000000000 	-0.0000000000 	 0.0000000000 	 0.7515544436 	
628 	 1.3500983652 	300.0000000006 	 0.9242362171 	 0.0201379863 	 0.2283075701 	 0.0000000000 	 0.0000000000 	 0.0000000000 	 0.0000000000 	-0.0000000000 	 0.0000000000 	 0.7515544436 	
629 	 1.3500983652 	300.0000000006 	 0.9242362171 	 0.0201379863 	 0.2283075701 	 0.0000000000 	 0.0000000000 	 0.0000000000 	 0.0000000000 	-0.0000000000 	 0.0000000000 	 0.7515544436 	
630 	 1.3500983652 	300.0000000006 	 0.9242362171 	 0.0201379863 	 0.2283075701 	 0.0000000000 	 0.0000000000 	 0.0000000000 	 0.0000000000 	-0.0000000000 	 0.0000000000 	 0.7515544436 	
631 	 1.3500983652 	300.0000000006 	 0.9242362171 	 0.0201379863 	 0.2283075701 	 0.0000000000 	 0.0000000000 	 0.0000000000 	 0.0000000000 	-0.0000000000 	 0.0000000000 	 0.7515544436 	
632 	 1.3500983652 	300.0000000006 	 0.9242362171 	 0.0201379863 	 0.2283075701 	 0.0000000000 	 0.0000000000 	 0.0000000000 	 0.0000000000 	-0.0000000000 	 0.0000000000 	 0.7515544436 	
633 	 1.3500983652 	300.0000000006 	 0.9242362171 	 0.0201379863 	 0.2283075701 	 0.0000000000 	 0.0000000000 	 0.0000000000 	 0.0000000000 	-0.0000000000 	 0.0000000000 	 0.7515544436 	
634 	 1.3500983652 	300.0000000006 	 0.9242362171 	 0.0201379863 	 0.2283075701 	 0.0000000000 	 0.0000000000 	 0.0000000000 	 0.0000000000 	-0.0000000000 	 0.0000000000 	 0.7515544436 	
635 	 1.3500983652 	300.0000000006 	 0.9242362171 	 0.0201379863 	 0.2283075701 	 0.0000000000 	 0.0000000000 	 0.0000000000 	 0.0000000000 	-0.0000000000 	 0.0000000000 	 0.7515544436 	
636 	 1.3500983652 	300.0000000006 	 0.9242362171 	 0.0201379863 	 0.2283075701 	 0.0000000000 	 0.0000000000 	 0.0000000000 	 0.0000000000 	-0.0000000000 	 0.0000000000 	 0.7515544436 	
637 	 1.3500983652 	300.0000000006 	 0.9242362171 	 0.0201379863 	 0.2283075701 	 0.0000000000 	 0.0000000000 	 0.0000000000 	 0.0000000000 	-0.0000000000 	 0.0000000000 	 0.7515544436 	
638 	 1.3500983652 	300.0000000006 	 0.9242362171 	 0.0201379863 	 0.2283075701 	 0.0000000000 	 0.0000000000 	 0.0000000000 	 0.0000000000 	-0.0000000000 	 0.0000000000 	 0.7515544436 	
639 	 1.3500983652 	300.0000000006 	 0.9242362171 	 0.0201379863 	 0.2283075701 	 0.0000000000 	 0.0000000000 	 0.0000000000 	 0.0000000000 	-0.0000000000 	 0.0000000000 	 0.7515544436 	
640 	 1.3500983652 	300.0000000006 	 0.9242362171 	 0.0201379863 	 0.2283075701 	 0.0000000000 	 0.0000000000 	 0.0000000000 	 0.0000000000 	-0.0000000000 	 0.0000000000 	 0.7515544436 	
641 	 1.3500983652 	300.0000000006 	 0.9242362171 	 0.0201379863 	 0.2283075701 	 0.0000000000 	 0.0000000000 	 0.0000000000 	 0.0000000000 	-0.0000000000 	 0.0000000000 	 0.7515544436 	
642 	 1.3500983652 	300.0000000006 	 0.9242362171 	 0.0201379863 	 0.2283075701 	 0.0000000000 	 0.0000000000 	 0.0000000000 	 0.0000000000 	-0.0000000000 	 0.0000000000 	 0.7515544436 	
643 	 1.3500983652 	300.0000000006 	 0.9242362171 	 0.0201379863 	 0.2283075701 	 0.0000000000 	 0.0000000000 	 0.0000000000 	 0.0000000000 	-0.0000000000 	 0.0000000000 	 0.7515544436 	
644 	 1.3500983652 	300.0000000006 	 0.9242362171 	 0.0201379863 	 0.2283075701 	 0.0000000000 	 0.0000000000 	 0.0000000000 	 0.0000000000 	-0.0000000000 	 0.0000000000 	 0.7515544436 	
645 	 1.3500983652 	300.0000000006 	 0.9242362171 	 0.0201379863 	 0.2283075701 	 0.0000000000 	 0.0000000000 	 0.0000000000 	 0.0000000000 	-0.0000000000 	 0.0000000000 	 0.7515544436 	
646 	 1.3500983652 	300.0000000006 	 0.9242362171 	 0.0201379863 	 0.2283075701 	 0.0000000000 	 0.0000000000 	 0.0000000000 	 0.0000000000 	-0.0000000000 	 0.0000000000 	 0.7515544436 	
647 	 1.3500983652 	300.0000000006 	 0.9242362171 	 0.0201379863 	 0.2283075701 	 0.0000000000 	 0.0000000000 	 0.0000000000 	 0.0000000000 	-0.0000000000 	 0.0000000000 	 0.7515544436 	
648 	 1.3500983652 	300.0000000006 	 0.9242362171 	 0.0201379863 	 0.2283075701 	 0.0000000000 	 0.0000000000 	 0.0000000000 	 0.0000000000 	-0.0000000000 	 0.0000000000 	 0.7515544436 	
649 	 1.3500983652 	300.0000000006 	 0.9242362171 	 0.0201379863 	 0.2283075701 	 0.0000000000 	 0.0000000000 	 0.0000000000 	 0.0000000000 	-0.0000000000 	 0.0000000000 	 0.7515544436 	
650 	 1.3500983652 	300.0000000006 	 0.9242362171 	 0.0201379863 	 0.2283075701 	 0.0000000000 	 0.0000000000 	 0.0000000000 	 0.0000000000 	-0.0000000000 	 0.0000000000 	 0.7515544436 	
651 	 1.3500983652 	300.0000000006 	 0.9242362171 	 0.0201379863 	 0.2283075701 	 0.0000000000 	 0.0000000000 	 0.0000000000 	 0.0000000000 	-0.0000000000 	 0.0000000000 	 0.7515544436 	
652 	 1.3500983652 	300.0000000006 	 0.9242362171 	 0.0201379863 	 0.2283075701 	 0.0000000000 	 0.0000000000 	 0.0000000000 	 0.0000000000 	-0.0000000000 	 0.0000000000 	 0.7515544436 	
653 	 1.3500983652 	300.0000000006 	 0.9242362171 	 0.0201379863 	 0.2283075701 	 0.0000000000 	 0.0000000000 	 0.0000000000 	 0.0000000000 	-0.0000000000 	 0.0000000000 	 0.7515544436 	
654 	 1.3500983652 	300.0000000006 	 0.9242362171 	 0.0201379863 	 0.2283075701 	 0.0000000000 	 0.0000000000 	 0.0000000000 	 0.0000000000 	-0.0000000000 	 0.0000000000 	 0.7515544436 	
655 	 1.3500983652 	300.0000000006 	 0.9242362171 	 0.0201379863 	 0.2283075701 	 0.0000000000 	 0.0000000000 	 0.0000000000 	 0.0000000000 	-0.0000000000 	 0.0000000000 	 0.7515544436 	
656 	 1.3500983652 	300.0000000006 	 0.9242362171 	 0.0201379863 	 0.2283075701 	 0.0000000000 	 0.0000000000 	 0.0000000000 	 0.0000000000 	-0.0000000000 	 0.0000000000 	 0.7515544436 	
657 	 1.3500983652 	300.0000000006 	 0.9242362171 	 0.0201379863 	 0.2283075701 	 0.0000000000 	 0.0000000000 	 0.0000000000 	 0.0000000000 	-0.0000000000 	 0.0000000000 	 0.7515544436 	
658 	 1.3500983652 	300.0000000006 	 0.9242362171 	 0.0201379863 	 0.2283075701 	 0.0000000000 	 0.0000000000 	 0.0000000000 	 0.0000000000 	-0.0000000000 	 0.0000000000 	 0.7515544436 	
659 	 1.3500983652 	300.0000000006 	 0.9242362171 	 0.0201379863 	 0.2283075701 	 0.0000000000 	 0.0000000000 	 0.0000000000 	 0.0000000000 	-0.0000000000 	 0.0000000000 	 0.7515544436 	
660 	 1.3500983652 	300.0000000006 	 0.9242362171 	 0.0201379863 	 0.2283075701 	 0.0000000000 	 0.0000000000 	 0.0000000000 	 0.0000000000 	-0.0000000000 	 0.0000000000 	 0.7515544436 	
661 	 1.3500983652 	300.0000000006 	 0.9242362171 	 0.0201379863 	 0.2283075701 	 0.0000000000 	 0.0000000000 	 0.0000000000 	 0.0000000000 	-0.0000000000 	 0.0000000000 	 0.7515544436 	
662 	 1.3500983652 	300.0000000006 	 0.9242362171 	 0.0201379863 	 0.2283075701 	 0.0000000000 	 0.0000000000 	 0.0000000000 	 0.0000000000 	-0.0000000000 	 0.0000000000 	 0.7515544436 	
663 	 1.3500983652 	300.0000000006 	 0.9242362171 	 0.0201379863 	 0.2283075701 	 0.0000000000 	 0.0000000000 	 0.0000000000 	 0.0000000000 	-0.0000000000 	 0.0000000000 	 0.7515544436 	
664 	 1.3500983652 	300.0000000006 	 0.9242362171 	 0.0201379863 	 0.2283075701 	 0.0000000000 	 0.0000000000 	 0.0000000000 	 0.0000000000 	-0.0000000000 	 0.0000000000 	 0.7515544436 	
665 	 1.3500983652 	300.0000000006 	 0.9242362171 	 0.0201379863 	 0.2283075701 	 0.0000000000 	 0.0000000000 	 0.0000000000 	 0.0000000000 	-0.0000000000 	 0.0000000000 	 0.7515544436 	
666 	 1.3500983652 	300.0000000006 	 0.9242362171 	 0.0201379863 	 0.2283075701 	 0.0000000000 	 0.0000000000 	 0.0000000000 	 0.0000000000 	-0.0000000000 	 0.0000000000 	 0.7515544436 	
667 	 1.3500983652 	300.0000000006 	 0.9242362171 	 0.0201379863 	 0.2283075701 	 0.0000000000 	 0.0000000000 	 0.0000000000 	 0.0000000000 	-0.0000000000 	 0.0000000000 	 0.7515544436 	
668 	 1.3500983652 	300.0000000006 	 0.9242362171 	 0.0201379863 	 0.2283075701 	 0.0000000000 	 0.0000000000 	 0.0000000000 	 0.0000000000 	-0.0000000000 	 0.0000000000 	 0.7515544436 	
669 	 1.3500983652 	300.0000000006 	 0.9242362171 	 0.0201379863 	 0.2283075701 	 0.0000000000 	 0.0000000000 	 0.0000000000 	 0.0000000000 	-0.0000000000 	 0.0000000000 	 0.7515544436 	
670 	 1.3500983652 	300.0000000006 	 0.9242362171 	 0.0201379863 	 0.2283075701 	 0.0000000000 	 0.0000000000 	 0.0000000000 	 0.0000000000 	-0.0000000000 	 0.0000000000 	 0.7515544436 	
671 	 1.3500983652 	300.0000000006 	 0.9242362171 	 0.0201379863 	 0.2283075701 	 0.0000000000 	 0.0000000000 	 0.0000000000 	 0.0000000000 	-0.0000000000 	 0.0000000000 	 0.7515544436 	
672 	 1.3500983652 	300.0000000006 	 0.9242362171 	 0.0201379863 	 0.2283075701 	 0.0000000000 	 0.0000000000 	 0.0000000000 	 0.0000000000 	-0.0000000000 	 0.0000000000 	 0.7515544436 	
673 	 1.3500983652 	300.0000000006 	 0.9242362171 	 0.0201379863 	 0.2283075701 	 0.0000000000 	 0.0000000000 	 0.0000000000 	 0.0000000000 	-0.0000000000 	 0.0000000000 	 0.7515544436 	
674 	 1.3500983652 	300.0000000006 	 0.9242362171 	 0.0201379863 	 0.2283075701 	 0.0000000000 	 0.0000000000 	 0.0000000000 	 0.0000000000 	-0.0000000000 	 0.0000000000 	 0.7515544436 	
675 	 1.3500983652 	300.0000000006 	 0.9242362171 	 0.0201379863 	 0.2283075701 	 0.0000000000 	 0.0000000000 	 0.0000000000 	 0.0000000000 	-0.0000000000 	 0.0000000000 	 0.7515544436 	
676 	 1.3500983652 	300.0000000006 	 0.9242362171 	 0.0201379863 	 0.2283075701 	 0.0000000000 	 0.0000000000 	 0.0000000000 	 0.0000000000 	-0.0000000000 	 0.0000000000 	 0.7515544436 	
677 	 1.3500983652 	300.0000000006 	 0.9242362171 	 0.0201379863 	 0.2283075701 	 0.0000000000 	 0.0000000000 	 0.0000000000 	 0.0000000000 	-0.0000000000 	 0.0000000000 	 0.7515544436 	
678 	 1.3500983652 	300.0000000006 	 0.9242362171 	 0.0201379863 	 0.2283075701 	 0.0000000000 	 0.0000000000 	 0.0000000000 	 0.0000000000 	-0.0000000000 	 0.0000000000 	 0.7515544436 	
679 	 1.3500983652 	300.0000000006 	 0.9242362171 	 0.0201379863 	 0.2283075701 	 0.0000000000 	 0.0000000000 	 0.0000000000 	 0.0000000000 	-0.0000000000 	 0.0000000000 	 0.7515544436 	
680 	 1.3500983652 	300.0000000006 	 0.9242362171 	 0.0201379863 	 0.2283075701 	 0.0000000000 	 0.0000000000 	 0.0000000000 	 0.0000000000 	-0.0000000000 	 0.0000000000 	 0.7515544436 	
681 	 1.3500983652 	300.0000000006 	 0.9242362171 	 0.0201379863 	 0.2283075701 	 0.0000000000 	 0.0000000000 	 0.0000000000 	 0.0000000000 	-0.0000000000 	 0.0000000000 	 0.7515544436 	
682 	 1.3500983652 	300.0000000006 	 0.9242362171 	 0.0201379863 	 0.2283075701 	 0.0000000000 	 0.0000000000 	 0.0000000000 	 0.0000000000 	-0.0000000000 	 0.0000000000 	 0.7515544436 	
683 	 1.3500983652 	300.0000000006 	 0.9242362171 	 0.0201379863 	 0.2283075701 	 0.0000000000 	 0.0000000000 	 0.0000000000 	 0.0000000000 	-0.0000000000 	 0.0000000000 	 0.7515544436 	
684 	 1.3500983652 	300.0000000006 	 0.9242362171 	 0.0201379863 	 0.2283075701 	 0.0000000000 	 0.0000000000 	 0.0000000000 	 0.0000000000 	-0.0000000000 	 0.0000000000 	 0.7515544436 	
685 	 1.3500983652 	300.0000000006 	 0.9242362171 	 0.0201379863 	 0.2283075701 	 0.0000000000 	 0.0000000000 	 0.0000000000 	 0.0000000000 	-0.0000000000 	 0.0000000000 	 0.7515544436 	
686 	 1.3500983652 	300.0000000006 	 0.9242362171 	 0.0201379863 	 0.2283075701 	 0.0000000000 	 0.0000000000 	 0.0000000000 	 0.0000000000 	-0.0000000000 	 0.0000000000 	 0.7515544436 	
687 	 1.3500983652 	300.0000000006 	 0.9242362171 	 0.0201379863 	 0.2283075701 	 0.0000000000 	 0.0000000000 	 0.0000000000 	 0.0000000000 	-0.0000000000 	 0.0000000000 	 0.7515544436 	
688 	 1.3500983652 	300.0000000006 	 0.9242362171 	 0.0201379863 	 0.2283075701 	 0.0000000000 	 0.0000000000 	 0.0000000000 	 0.0000000000 	-0.0000000000 	 0.0000000000 	 0.7515544436 	
689 	 1.3500983652 	300.0000000006 	 0.9242362171 	 0.0201379863 	 0.2283075701 	 0.0000000000 	 0.0000000000 	 0.0000000000 	 0.0000000000 	-0.0000000000 	 0.0000000000 	 0.7515544436 	
690 	 1.3500983652 	300.0000000006 	 0.9242362171 	 0.0201379863 	 0.2283075701 	 0.0000000000 	 0.0000000000 	 0.0000000000 	 0.0000000000 	-0.0000000000 	 0.0000000000 	 0.7515544436 	
691 	 1.3500983652 	300.0000000006 	 0.9242362171 	 0.0201379863 	 0.2283075701 	 0.0000000000 	 0.0000000000 	 0.0000000000 	 0.0000000000 	-0.0000000000 	 0.0000000000 	 0.7515544436 	
692 	 1.3500983652 	300.0000000006 	 0.9242362171 	 0.0201379863 	 0.2283075701 	 0.0000000000 	 0.0000000000 	 0.0000000000 	 0.0000000000 	-0.0000000000 	 0.0000000000 	 0.7515544436 	
693 	 1.3500983652 	300.0000000006 	 0.9242362171 	 0.0201379863 	 0.2283075701 	 0.0000000000 	 0.0000000000 	 0.0000000000 	 0.0000000000 	-0.0000000000 	 0.0000000000 	 0.7515544436 	
694 	 1.3500983652 	300.0000000006 	 0.9242362171 	 0.0201379863 	 0.2283075701 	 0.0000000000 	 0.0000000000 	 0.0000000000 	 0.0000000000 	-0.0000000000 	 0.0000000000 	 0.7515544436 	
695 	 1.3500983652 	300.0000000006 	 0.9242362171 	 0.0201379863 	 0.2283075701 	 0.0000000000 	 0.0000000000 	 0.0000000000 	 0.0000000000 	-0.0000000000 	 0.0000000000 	 0.7515544436 	
696 	 1.3500983652 	300.0000000006 	 0.9242362171 	 0.0201379863 	 0.2283075701 	 0.0000000000 	 0.0000000000 	 0.0000000000 	 0.0000000000 	-0.0000000000 	 0.0000000000 	 0.7515544436 	
697 	 1.3500983652 	300.0000000006 	 0.9242362171 	 0.0201379863 	 0.2283075701 	 0.0000000000 	 0.0000000000 	 0.0000000000 	 0.0000000000 	-0.0000000000 	 0.0000000000 	 0.7515544436 	
698 	 1.3500983652 	300.0000000006 	 0.9242362171 	 0.0201379863 	 0.2283075701 	 0.0000000000 	 0.0000000000 	 0.0000000000 	 0.0000000000 	-0.0000000000 	 0.0000000000 	 0.7515544436 	
699 	 1.3500983652 	300.0000000006 	 0.9242362171 	 0.0201379863 	 0.2283075701 	 0.0000000000 	 0.0000000000 	 0.0000000000 	 0.0000000000 	-0.0000000000 	 0.0000000000 	 0.7515544436 	
700 	 1.3500983652 	300.0000000006 	 0.9242362171 	 0.0201379863 	 0.2283075701 	 0.0000000000 	 0.0000000000 	 0.0000000000 	 0.0000000000 	-0.0000000000 	 0.0000000000 	 0.7515544436 	
701 	 1.3500983652 	300.0000000006 	 0.9242362171 	 0.0201379863 	 0.2283075701 	 0.0000000000 	 0.0000000000 	 0.0000000000 	 0.0000000000 	-0.0000000000 	 0.0000000000 	 0.7515544436 	
702 	 1.3500983652 	300.0000000006 	 0.9242362171 	 0.0201379863 	 0.2283075701 	 0.0000000000 	 0.0000000000 	 0.0000000000 	 0.0000000000 	-0.0000000000 	 0.0000000000 	 0.7515544436 	
703 	 1.3500983652 	300.0000000006 	 0.9242362171 	 0.0201379863 	 0.2283075701 	 0.0000000000 	 0.0000000000 	 0.0000000000 	 0.0000000000 	-0.0000000000 	 0.0000000000 	 0.7515544436 	
704 	 1.3500983652 	300.0000000006 	 0.9242362171 	 0.0201379863 	 0.2283075701 	 0.0000000000 	 0.0000000000 	 0.0000000000 	 0.0000000000 	-0.0000000000 	 0.0000000000 	 0.7515544436 	
705 	 1.3500983652 	300.0000000006 	 0.9242362171 	 0.0201379863 	 0.2283075701 	 0.0000000000 	 0.0000000000 	 0.0000000000 	 0.0000000000 	-0.0000000000 	 0.0000000000 	 0.7515544436 	
706 	 1.3500983652 	300.0000000006 	 0.9242362171 	 0.0201379863 	 0.2283075701 	 0.0000000000 	 0.0000000000 	 0.0000000000 	 0.0000000000 	-0.0000000000 	 0.0000000000 	 0.7515544436 	
707 	 1.3500983652 	300.0000000006 	 0.9242362171 	 0.0201379863 	 0.2283075701 	 0.0000000000 	 0.0000000000 	 0.0000000000 	 0.0000000000 	-0.0000000000 	 0.0000000000 	 0.7515544436 	
708 	 1.3500983652 	300.0000000006 	 0.9242362171 	 0.0201379863 	 0.2283075701 	 0.0000000000 	 0.0000000000 	 0.0000000000 	 0.0000000000 	-0.0000000000 	 0.0000000000 	 0.7515544436 	
709 	 1.3500983652 	300.0000000006 	 0.9242362171 	 0.0201379863 	 0.2283075701 	 0.0000000000 	 0.0000000000 	 0.0000000000 	 0.0000000000 	-0.0000000000 	 0.0000000000 	 0.7515544436 	
710 	 1.3500983652 	300.0000000006 	 0.9242362171 	 0.0201379863 	 0.2283075701 	 0.0000000000 	 0.0000000000 	 0.0000000000 	 0.0000000000 	-0.0000000000 	 0.0000000000 	 0.7515544436 	
711 	 1.3500983652 	300.0000000006 	 0.9242362171 	 0.0201379863 	 0.2283075701 	 0.0000000000 	 0.0000000000 	 0.0000000000 	 0.0000000000 	-0.0000000000 	 0.0000000000 	 0.7515544436 	
712 	 1.3500983652 	300.0000000006 	 0.9242362171 	 0.0201379863 	 0.2283075701 	 0.0000000000 	 0.0000000000 	 0.0000000000 	 0.0000000000 	-0.0000000000 	 0.0000000000 	 0.7515544436 	
713 	 1.3500983652 	300.0000000006 	 0.9242362171 	 0.0201379863 	 0.2283075701 	 0.0000000000 	 0.0000000000 	 0.0000000000 	 0.0000000000 	-0.0000000000 	 0.0000000000 	 0.7515544436 	
714 	 1.3500983652 	300.0000000006 	 0.9242362171 	 0.0201379863 	 0.2283075701 	 0.0000000000 	 0.0000000000 	 0.0000000000 	 0.0000000000 	-0.0000000000 	 0.0000000000 	 0.7515544436 	
715 	 1.3500983652 	300.0000000006 	 0.9242362171 	 0.0201379863 	 0.2283075701 	 0.0000000000 	 0.0000000000 	 0.0000000000 	 0.0000000000 	-0.0000000000 	 0.0000000000 	 0.7515544436 	
716 	 1.3500983652 	300.0000000006 	 0.9242362171 	 0.0201379863 	 0.2283075701 	 0.0000000000 	 0.0000000000 	 0.0000000000 	 0.0000000000 	-0.0000000000 	 0.0000000000 	 0.7515544436 	
717 	 1.3500983652 	300.0000000006 	 0.9242362171 	 0.0201379863 	 0.2283075701 	 0.0000000000 	 0.0000000000 	 0.0000000000 	 0.0000000000 	-0.0000000000 	 0.0000000000 	 0.7515544436 	
718 	 1.3500983652 	300.0000000006 	 0.9242362171 	 0.0201379863 	 0.2283075701 	 0.0000000000 	 0.0000000000 	 0.0000000000 	 0.0000000000 	-0.0000000000 	 0.0000000000 	 0.7515544436 	
719 	 1.3500983652 	300.0000000006 	 0.9242362171 	 0.0201379863 	 0.2283075701 	 0.0000000000 	 0.0000000000 	 0.0000000000 	 0.0000000000 	-0.0000000000 	 0.0000000000 	 0.7515544436 	
720 	 1.3500983652 	300.0000000006 	 0.9242362171 	 0.0201379863 	 0.2283075701 	 0.0000000000 	 0.0000000000 	 0.0000000000 	 0.0000000000 	-0.0000000000 	 0.0000000000 	 0.7515544436 	
721 	 1.3500983652 	300.0000000006 	 0.9242362171 	 0.0201379863 	 0.2283075701 	 0.0000000000 	 0.0000000000 	 0.0000000000 	 0.0000000000 	-0.0000000000 	 0.0000000000 	 0.7515544436 	
722 	 1.3500983652 	300.0000000006 	 0.9242362171 	 0.0201379863 	 0.2283075701 	 0.0000000000 	 0.0000000000 	 0.0000000000 	 0.0000000000 	-0.0000000000 	 0.0000000000 	 0.7515544436 	
723 	 1.3500983652 	300.0000000006 	 0.9242362171 	 0.0201379863 	 0.2283075701 	 0.0000000000 	 0.0000000000 	 0.0000000000 	 0.0000000000 	-0.0000000000 	 0.0000000000 	 0.7515544436 	
724 	 1.3500983652 	300.0000000006 	 0.9242362171 	 0.0201379863 	 0.2283075701 	 0.0000000000 	 0.0000000000 	 0.0000000000 	 0.0000000000 	-0.0000000000 	 0.0000000000 	 0.7515544436 	
725 	 1.3500983652 	300.0000000006 	 0.9242362171 	 0.0201379863 	 0.2283075701 	 0.0000000000 	 0.0000000000 	 0.0000000000 	 0.0000000000 	-0.0000000000 	 0.0000000000 	 0.7515544436 	
726 	 1.3500983652 	300.0000000006 	 0.9242362171 	 0.0201379863 	 0.2283075701 	 0.0000000000 	 0.0000000000 	 0.0000000000 	 0.0000000000 	-0.0000000000 	 0.0000000000 	 0.7515544436 	
727 	 1.3500983652 	300.0000000006 	 0.9242362171 	 0.0201379863 	 0.2283075701 	 0.0000000000 	 0.0000000000 	 0.0000000000 	 0.0000000000 	-0.0000000000 	 0.0000000000 	 0.7515544436 	
728 	 1.3500983652 	300.0000000006 	 0.9242362171 	 0.0201379863 	 0.2283075701 	 0.0000000000 	 0.0000000000 	 0.0000000000 	 0.0000000000 	-0.0000000000 	 0.0000000000 	 0.7515544436 	
729 	 1.3500983652 	300.0000000006 	 0.9242362171 	 0.0201379863 	 0.2283075701 	 0.0000000000 	 0.0000000000 	 0.0000000000 	 0.0000000000 	-0.0000000000 	 0.0000000000 	 0.7515544436 	
730 	 1.3500983652 	300.0000000006 	 0.9242362171 	 0.0201379863 	 0.2283075701 	 0.0000000000 	 0.0000000000 	 0.0000000000 	 0.0000000000 	-0.0000000000 	 0.0000000000 	 0.7515544436 	
731 	 1.3500983652 	300.0000000006 	 0.9242362171 	 0.0201379863 	 0.2283075701 	 0.0000000000 	 0.0000000000 	 0.0000000000 	 0.0000000000 	-0.0000000000 	 0.0000000000 	 0.7515544436 	
732 	 1.3500983652 	300.0000000006 	 0.9242362171 	 0.0201379863 	 0.2283075701 	 0.0000000000 	 0.0000000000 	 0.0000000000 	 0.0000000000 	-0.0000000000 	 0.0000000000 	 0.7515544436 	
733 	 1.3500983652 	300.0000000006 	 0.9242362171 	 0.0201379863 	 0.2283075701 	 0.0000000000 	 0.0000000000 	 0.0000000000 	 0.0000000000 	-0.0000000000 	 0.0000000000 	 0.7515544436 	
734 	 1.3500983652 	300.0000000006 	 0.9242362171 	 0.0201379863 	 0.2283075701 	 0.0000000000 	 0.0000000000 	 0.0000000000 	 0.0000000000 	-0.0000000000 	 0.0000000000 	 0.7515544436 	
735 	 1.3500983652 	300.0000000006 	 0.9242362171 	 0.0201379863 	 0.2283075701 	 0.0000000000 	 0.0000000000 	 0.0000000000 	 0.0000000000 	-0.0000000000 	 0.0000000000 	 0.7515544436 	
736 	 1.3500983652 	300.0000000006 	 0.9242362171 	 0.0201379863 	 0.2283075701 	 0.0000000000 	 0.0000000000 	 0.0000000000 	 0.0000000000 	-0.0000000000 	 0.0000000000 	 0.7515544436 	
737 	 1.3500983652 	300.0000000006 	 0.9242362171 	 0.0201379863 	 0.2283075701 	 0.0000000000 	 0.0000000000 	 0.0000000000 	 0.0000000000 	-0.0000000000 	 0.0000000000 	 0.7515544436 	
738 	 1.3500983652 	300.0000000006 	 0.9242362171 	 0.0201379863 	 0.2283075701 	 0.0000000000 	 0.0000000000 	 0.0000000000 	 0.0000000000 	-0.0000000000 	 0.0000000000 	 0.7515544436 	
739 	 1.3500983652 	300.0000000006 	 0.9242362171 	 0.0201379863 	 0.2283075701 	 0.0000000000 	 0.0000000000 	 0.0000000000 	 0.0000000000 	-0.0000000000 	 0.0000000000 	 0.7515544436 	
740 	 1.3500983652 	300.0000000006 	 0.9242362171 	 0.0201379863 	 0.2283075701 	 0.0000000000 	 0.0000000000 	 0.0000000000 	 0.0000000000 	-0.0000000000 	 0.0000000000 	 0.7515544436 	
741 	 1.3500983652 	300.0000000006 	 0.9242362171 	 0.0201379863 	 0.2283075701 	 0.0000000000 	 0.0000000000 	 0.0000000000 	 0.0000000000 	-0.0000000000 	 0.0000000000 	 0.7515544436 	
742 	 1.3500983652 	300.0000000006 	 0.9242362171 	 0.0201379863 	 0.2283075701 	 0.0000000000 	 0.0000000000 	 0.0000000000 	 0.0000000000 	-0.0000000000 	 0.0000000000 	 0.7515544436 	
743 	 1.3500983652 	300.0000000006 	 0.9242362171 	 0.0201379863 	 0.2283075701 	 0.0000000000 	 0.0000000000 	 0.0000000000 	 0.0000000000 	-0.0000000000 	 0.0000000000 	 0.7515544436 	
744 	 1.3500983652 	300.0000000006 	 0.9242362171 	 0.0201379863 	 0.2283075701 	 0.0000000000 	 0.0000000000 	 0.0000000000 	 0.0000000000 	-0.0000000000 	 0.0000000000 	 0.7515544436 	
745 	 1.3500983652 	300.0000000006 	 0.9242362171 	 0.0201379863 	 0.2283075701 	 0.0000000000 	 0.0000000000 	 0.0000000000 	 0.0000000000 	-0.0000000000 	 0.0000000000 	 0.7515544436 	
746 	 1.3500983652 	300.0000000006 	 0.9242362171 	 0.0201379863 	 0.2283075701 	 0.0000000000 	 0.0000000000 	 0.0000000000 	 0.0000000000 	-0.0000000000 	 0.0000000000 	 0.7515544436 	
747 	 1.3500983652 	300.0000000006 	 0.9242362171 	 0.0201379863 	 0.2283075701 	 0.0000000000 	 0.0000000000 	 0.0000000000 	 0.0000000000 	-0.0000000000 	 0.0000000000 	 0.7515544436 	
748 	 1.3500983652 	300.0000000006 	 0.9242362171 	 0.0201379863 	 0.2283075701 	 0.0000000000 	 0.0000000000 	 0.0000000000 	 0.0000000000 	-0.0000000000 	 0.0000000000 	 0.7515544436 	
749 	 1.3500983652 	300.0000000006 	 0.9242362171 	 0.0201379863 	 0.2283075701 	 0.0000000000 	 0.0000000000 	 0.0000000000 	 0.0000000000 	-0.0000000000 	 0.0000000000 	 0.7515544436 	
750 	 1.3500983652 	300.0000000006 	 0.9242362171 	 0.0201379863 	 0.2283075701 	 0.0000000000 	 0.0000000000 	 0.0000000000 	 0.0000000000 	-0.0000000000 	 0.0000000000 	 0.7515544436 	
751 	 1.3500983652 	300.0000000006 	 0.9242362171 	 0.0201379863 	 0.2283075701 	 0.0000000000 	 0.0000000000 	 0.0000000000 	 0.0000000000 	-0.0000000000 	 0.0000000000 	 0.7515544436 	
752 	 1.3500983652 	300.0000000006 	 0.9242362171 	 0.0201379863 	 0.2283075701 	 0.0000000000 	 0.0000000000 	 0.0000000000 	 0.0000000000 	-0.0000000000 	 0.0000000000 	 0.7515544436 	
753 	 1.3500983652 	300.0000000006 	 0.9242362171 	 0.0201379863 	 0.2283075701 	 0.0000000000 	 0.0000000000 	 0.0000000000 	 0.0000000000 	-0.0000000000 	 0.0000000000 	 0.7515544436 	
754 	 1.3500983652 	300.0000000006 	 0.9242362171 	 0.0201379863 	 0.2283075701 	 0.0000000000 	 0.0000000000 	 0.0000000000 	 0.0000000000 	-0.0000000000 	 0.0000000000 	 0.7515544436 	
755 	 1.3500983652 	300.0000000006 	 0.9242362171 	 0.0201379863 	 0.2283075701 	 0.0000000000 	 0.0000000000 	 0.0000000000 	 0.0000000000 	-0.0000000000 	 0.0000000000 	 0.7515544436 	
756 	 1.3500983652 	300.0000000006 	 0.9242362171 	 0.0201379863 	 0.2283075701 	 0.0000000000 	 0.0000000000 	 0.0000000000 	 0.0000000000 	-0.0000000000 	 0.0000000000 	 0.7515544436 	
757 	 1.3500983652 	300.0000000006 	 0.9242362171 	 0.0201379863 	 0.2283075701 	 0.0000000000 	 0.0000000000 	 0.0000000000 	 0.0000000000 	-0.0000000000 	 0.0000000000 	 0.7515544436 	
758 	 1.3500983652 	300.0000000006 	 0.9242362171 	 0.0201379863 	 0.2283075701 	 0.0000000000 	 0.0000000000 	 0.0000000000 	 0.0000000000 	-0.0000000000 	 0.0000000000 	 0.7515544436 	
759 	 1.3500983652 	300.0000000006 	 0.9242362171 	 0.0201379863 	 0.2283075701 	 0.0000000000 	 0.0000000000 	 0.0000000000 	 0.0000000000 	-0.0000000000 	 0.0000000000 	 0.7515544436 	
760 	 1.3500983652 	300.0000000006 	 0.9242362171 	 0.0201379863 	 0.2283075701 	 0.0000000000 	 0.0000000000 	 0.0000000000 	 0.0000000000 	-0.0000000000 	 0.0000000000 	 0.7515544436 	
761 	 1.3500983652 	300.0000000006 	 0.9242362171 	 0.0201379863 	 0.2283075701 	 0.0000000000 	 0.0000000000 	 0.0000000000 	 0.0000000000 	-0.0000000000 	 0.0000000000 	 0.7515544436 	
762 	 1.3500983652 	300.0000000006 	 0.9242362171 	 0.0201379863 	 0.2283075701 	 0.0000000000 	 0.0000000000 	 0.0000000000 	 0.0000000000 	-0.0000000000 	 0.0000000000 	 0.7515544436 	
763 	 1.3500983652 	300.0000000006 	 0.9242362171 	 0.0201379863 	 0.2283075701 	 0.0000000000 	 0.0000000000 	 0.0000000000 	 0.0000000000 	-0.0000000000 	 0.0000000000 	 0.7515544436 	
764 	 1.3500983652 	300.0000000006 	 0.9242362171 	 0.0201379863 	 0.2283075701 	 0.0000000000 	 0.0000000000 	 0.0000000000 	 0.0000000000 	-0.0000000000 	 0.0000000000 	 0.7515544436 	
765 	 1.3500983652 	300.0000000006 	 0.9242362171 	 0.0201379863 	 0.2283075701 	 0.0000000000 	 0.0000000000 	 0.0000000000 	 0.0000000000 	-0.0000000000 	 0.0000000000 	 0.7515544436 	
766 	 1.3500983652 	300.0000000006 	 0.9242362171 	 0.0201379863 	 0.2283075701 	 0.0000000000 	 0.0000000000 	 0.0000000000 	 0.0000000000 	-0.0000000000 	 0.0000000000 	 0.7515544436 	
767 	 1.3500983652 	300.0000000006 	 0.9242362171 	 0.0201379863 	 0.2283075701 	 0.0000000000 	 0.0000000000 	 0.0000000000 	 0.0000000000 	-0.0000000000 	 0.0000000000 	 0.7515544436 	
768 	 1.3500983652 	300.0000000006 	 0.9242362171 	 0.0201379863 	 0.2283075701 	 0.0000000000 	 0.0000000000 	 0.0000000000 	 0.0000000000 	-0.0000000000 	 0.0000000000 	 0.7515544436 	
769 	 1.3500983652 	300.0000000006 	 0.9242362171 	 0.0201379863 	 0.2283075701 	 0.0000000000 	 0.0000000000 	 0.0000000000 	 0.0000000000 	-0.0000000000 	 0.0000000000 	 0.7515544436 	
770 	 1.3500983652 	300.0000000006 	 0.9242362171 	 0.0201379863 	 0.2283075701 	 0.0000000000 	 0.0000000000 	 0.0000000000 	 0.0000000000 	-0.0000000000 	 0.0000000000 	 0.7515544436 	
771 	 1.3500983652 	300.0000000006 	 0.9242362171 	 0.0201379863 	 0.2283075701 	 0.0000000000 	 0.0000000000 	 0.0000000000 	 0.0000000000 	-0.0000000000 	 0.0000000000 	 0.7515544436 	
772 	 1.3500983652 	300.0000000006 	 0.9242362171 	 0.0201379863 	 0.2283075701 	 0.0000000000 	 0.0000000000 	 0.0000000000 	 0.0000000000 	-0.0000000000 	 0.0000000000 	 0.7515544436 	
773 	 1.3500983652 	300.0000000006 	 0.9242362171 	 0.0201379863 	 0.2283075701 	 0.0000000000 	 0.0000000000 	 0.0000000000 	 0.0000000000 	-0.0000000000 	 0.0000000000 	 0.7515544436 	
774 	 1.3500983652 	300.0000000006 	 0.9242362171 	 0.0201379863 	 0.2283075701 	 0.0000000000 	 0.0000000000 	 0.0000000000 	 0.0000000000 	-0.0000000000 	 0.0000000000 	 0.7515544436 	
775 	 1.3500983652 	300.0000000006 	 0.9242362171 	 0.0201379863 	 0.2283075701 	 0.0000000000 	 0.0000000000 	 0.0000000000 	 0.0000000000 	-0.0000000000 	 0.0000000000 	 0.7515544436 	
776 	 1.3500983652 	300.0000000006 	 0.9242362171 	 0.0201379863 	 0.2283075701 	 0.0000000000 	 0.0000000000 	 0.0000000000 	 0.0000000000 	-0.0000000000 	 0.0000000000 	 0.7515544436 	
777 	 1.3500983652 	300.0000000006 	 0.9242362171 	 0.0201379863 	 0.2283075701 	 0.0000000000 	 0.0000000000 	 0.0000000000 	 0.0000000000 	-0.0000000000 	 0.0000000000 	 0.7515544436 	
778 	 1.3500983652 	300.0000000006 	 0.9242362171 	 0.0201379863 	 0.2283075701 	 0.0000000000 	 0.0000000000 	 0.0000000000 	 0.0000000000 	-0.0000000000 	 0.0000000000 	 0.7515544436 	
779 	 1.3500983652 	300.0000000006 	 0.9242362171 	 0.0201379863 	 0.2283075701 	 0.0000000000 	 0.0000000000 	 0.0000000000 	 0.0000000000 	-0.0000000000 	 0.0000000000 	 0.7515544436 	
780 	 1.3500983652 	300.0000000006 	 0.9242362171 	 0.0201379863 	 0.2283075701 	 0.0000000000 	 0.0000000000 	 0.0000000000 	 0.0000000000 	-0.0000000000 	 0.0000000000 	 0.7515544436 	
781 	 1.3500983652 	300.0000000006 	 0.9242362171 	 0.0201379863 	 0.2283075701 	 0.0000000000 	 0.0000000000 	 0.0000000000 	 0.0000000000 	-0.0000000000 	 0.0000000000 	 0.7515544436 	
782 	 1.3500983652 	300.0000000006 	 0.9242362171 	 0.0201379863 	 0.2283075701 	 0.0000000000 	 0.0000000000 	 0.0000000000 	 0.0000000000 	-0.0000000000 	 0.0000000000 	 0.7515544436 	
783 	 1.3500983652 	300.0000000006 	 0.9242362171 	 0.0201379863 	 0.2283075701 	 0.0000000000 	 0.0000000000 	 0.0000000000 	 0.0000000000 	-0.0000000000 	 0.0000000000 	 0.7515544436 	
784 	 1.3500983652 	300.0000000006 	 0.9242362171 	 0.0201379863 	 0.2283075701 	 0.0000000000 	 0.0000000000 	 0.0000000000 	 0.0000000000 	-0.0000000000 	 0.0000000000 	 0.7515544436 	
785 	 1.3500983652 	300.0000000006 	 0.9242362171 	 0.0201379863 	 0.2283075701 	 0.0000000000 	 0.0000000000 	 0.0000000000 	 0.0000000000 	-0.0000000000 	 0.0000000000 	 0.7515544436 	
786 	 1.3500983652 	300.0000000006 	 0.9242362171 	 0.0201379863 	 0.2283075701 	 0.0000000000 	 0.0000000000 	 0.0000000000 	 0.0000000000 	-0.0000000000 	 0.0000000000 	 0.7515544436 	
787 	 1.3500983652 	300.0000000006 	 0.9242362171 	 0.0201379863 	 0.2283075701 	 0.0000000000 	 0.0000000000 	 0.0000000000 	 0.0000000000 	-0.0000000000 	 0.0000000000 	 0.7515544436 	
788 	 1.3500983652 	300.0000000006 	 0.9242362171 	 0.0201379863 	 0.2283075701 	 0.0000000000 	 0.0000000000 	 0.0000000000 	 0.0000000000 	-0.0000000000 	 0.0000000000 	 0.7515544436 	
789 	 1.3500983652 	300.0000000006 	 0.9242362171 	 0.0201379863 	 0.2283075701 	 0.0000000000 	 0.0000000000 	 0.0000000000 	 0.0000000000 	-0.0000000000 	 0.0000000000 	 0.7515544436 	
790 	 1.3500983652 	300.0000000006 	 0.9242362171 	 0.0201379863 	 0.2283075701 	 0.0000000000 	 0.0000000000 	 0.0000000000 	 0.0000000000 	-0.0000000000 	 0.0000000000 	 0.7515544436 	
791 	 1.3500983652 	300.0000000006 	 0.9242362171 	 0.0201379863 	 0.2283075701 	 0.0000000000 	 0.0000000000 	 0.0000000000 	 0.0000000000 	-0.0000000000 	 0.0000000000 	 0.7515544436 	
792 	 1.3500983652 	300.0000000006 	 0.9242362171 	 0.0201379863 	 0.2283075701 	 0.0000000000 	 0.0000000000 	 0.0000000000 	 0.0000000000 	-0.0000000000 	 0.0000000000 	 0.7515544436 	
793 	 1.3500983652 	300.0000000006 	 0.9242362171 	 0.0201379863 	 0.2283075701 	 0.0000000000 	 0.0000000000 	 0.0000000000 	 0.0000000000 	-0.0000000000 	 0.0000000000 	 0.7515544436 	
794 	 1.3500983652 	300.0000000006 	 0.9242362171 	 0.0201379863 	 0.2283075701 	 0.0000000000 	 0.0000000000 	 0.0000000000 	 0.0000000000 	-0.0000000000 	 0.0000000000 	 0.7515544436 	
795 	 1.3500983652 	300.0000000006 	 0.9242362171 	 0.0201379863 	 0.2283075701 	 0.0000000000 	 0.0000000000 	 0.0000000000 	 0.0000000000 	-0.0000000000 	 0.0000000000 	 0.7515544436 	
796 	 1.3500983652 	300.0000000006 	 0.9242362171 	 0.0201379863 	 0.2283075701 	 0.0000000000 	 0.0000000000 	 0.0000000000 	 0.0000000000 	-0.0000000000 	 0.0000000000 	 0.7515544436 	
797 	 1.3500983652 	300.0000000006 	 0.9242362171 	 0.0201379863 	 0.2283075701 	 0.0000000000 	 0.0000000000 	 0.0000000000 	 0.0000000000 	-0.0000000000 	 0.0000000000 	 0.7515544436 	
798 	 1.3500983652 	300.0000000006 	 0.9242362171 	 0.0201379863 	 0.2283075701 	 0.0000000000 	 0.0000000000 	 0.0000000000 	 0.0000000000 	-0.0000000000 	 0.0000000000 	 0.7515544436 	
799 	 1.3500983652 	300.0000000006 	 0.9242362171 	 0.0201379863 	 0.2283075701 	 0.0000000000 	 0.0000000000 	 0.0000000000 	 0.0000000000 	-0.0000000000 	 0.0000000000 	 0.7515544436 	
800 	 1.3500983652 	300.0000000006 	 0.9242362171 	 0.0201379863 	 0.2283075701 	 0.0000000000 	 0.0000000000 	 0.0000000000 	 0.0000000000 	-0.0000000000 	 0.0000000000 	 0.7515544436 	
801 	 1.3500983652 	300.0000000006 	 0.9242362171 	 0.0201379863 	 0.2283075701 	 0.0000000000 	 0.0000000000 	 0.0000000000 	 0.0000000000 	-0.0000000000 	 0.0000000000 	 0.7515544436 	
802 	 1.3500983652 	300.0000000006 	 0.9242362171 	 0.0201379863 	 0.2283075701 	 0.0000000000 	 0.0000000000 	 0.0000000000 	 0.0000000000 	-0.0000000000 	 0.0000000000 	 0.7515544436 	
803 	 1.3500983652 	300.0000000006 	 0.9242362171 	 0.0201379863 	 0.2283075701 	 0.0000000000 	 0.0000000000 	 0.0000000000 	 0.0000000000 	-0.0000000000 	 0.0000000000 	 0.7515544436 	
804 	 1.3500983652 	300.0000000006 	 0.9242362171 	 0.0201379863 	 0.2283075701 	 0.0000000000 	 0.0000000000 	 0.0000000000 	 0.0000000000 	-0.0000000000 	 0.0000000000 	 0.7515544436 	
805 	 1.3500983652 	300.0000000006 	 0.9242362171 	 0.0201379863 	 0.2283075701 	 0.0000000000 	 0.0000000000 	 0.0000000000 	 0.0000000000 	-0.0000000000 	 0.0000000000 	 0.7515544436 	
806 	 1.3500983652 	300.0000000006 	 0.9242362171 	 0.0201379863 	 0.2283075701 	 0.0000000000 	 0.0000000000 	 0.0000000000 	 0.0000000000 	-0.0000000000 	 0.0000000000 	 0.7515544436 	
807 	 1.3500983652 	300.0000000006 	 0.9242362171 	 0.0201379863 	 0.2283075701 	 0.0000000000 	 0.0000000000 	 0.0000000000 	 0.0000000000 	-0.0000000000 	 0.0000000000 	 0.7515544436 	
808 	 1.3500983652 	300.0000000006 	 0.9242362171 	 0.0201379863 	 0.2283075701 	 0.0000000000 	 0.0000000000 	 0.0000000000 	 0.0000000000 	-0.0000000000 	 0.0000000000 	 0.7515544436 	
809 	 1.3500983652 	300.0000000006 	 0.9242362171 	 0.0201379863 	 0.2283075701 	 0.0000000000 	 0.0000000000 	 0.0000000000 	 0.0000000000 	-0.0000000000 	 0.0000000000 	 0.7515544436 	
810 	 1.3500983652 	300.0000000006 	 0.9242362171 	 0.0201379863 	 0.2283075701 	 0.0000000000 	 0.0000000000 	 0.0000000000 	 0.0000000000 	-0.0000000000 	 0.0000000000 	 0.7515544436 	
811 	 1.3500983652 	300.0000000006 	 0.9242362171 	 0.0201379863 	 0.2283075701 	 0.0000000000 	 0.0000000000 	 0.0000000000 	 0.0000000000 	-0.0000000000 	 0.0000000000 	 0.7515544436 	
812 	 1.3500983652 	300.0000000006 	 0.9242362171 	 0.0201379863 	 0.2283075701 	 0.0000000000 	 0.0000000000 	 0.0000000000 	 0.0000000000 	-0.0000000000 	 0.0000000000 	 0.7515544436 	
813 	 1.3500983652 	300.0000000006 	 0.9242362171 	 0.0201379863 	 0.2283075701 	 0.0000000000 	 0.0000000000 	 0.0000000000 	 0.0000000000 	-0.0000000000 	 0.0000000000 	 0.7515544436 	
814 	 1.3500983652 	300.0000000006 	 0.9242362171 	 0.0201379863 	 0.2283075701 	 0.0000000000 	 0.0000000000 	 0.0000000000 	 0.0000000000 	-0.0000000000 	 0.0000000000 	 0.7515544436 	
815 	 1.3500983652 	300.0000000006 	 0.9242362171 	 0.0201379863 	 0.2283075701 	 0.0000000000 	 0.0000000000 	 0.0000000000 	 0.0000000000 	-0.0000000000 	 0.0000000000 	 0.7515544436 	
816 	 1.3500983652 	300.0000000006 	 0.9242362171 	 0.0201379863 	 0.2283075701 	 0.0000000000 	 0.0000000000 	 0.0000000000 	 0.0000000000 	-0.0000000000 	 0.0000000000 	 0.7515544436 	
817 	 1.3500983652 	300.0000000006 	 0.9242362171 	 0.0201379863 	 0.2283075701 	 0.0000000000 	 0.0000000000 	 0.0000000000 	 0.0000000000 	-0.0000000000 	 0.0000000000 	 0.7515544436 	
818 	 1.3500983652 	300.0000000006 	 0.9242362171 	 0.0201379863 	 0.2283075701 	 0.0000000000 	 0.0000000000 	 0.0000000000 	 0.0000000000 	-0.0000000000 	 0.0000000000 	 0.7515544436 	
819 	 1.3500983652 	300.0000000006 	 0.9242362171 	 0.0201379863 	 0.2283075701 	 0.0000000000 	 0.0000000000 	 0.0000000000 	 0.0000000000 	-0.0000000000 	 0.0000000000 	 0.7515544436 	
820 	 1.3500983652 	300.0000000006 	 0.9242362171 	 0.0201379863 	 0.2283075701 	 0.0000000000 	 0.0000000000 	 0.0000000000 	 0.0000000000 	-0.0000000000 	 0.0000000000 	 0.7515544436 	
821 	 1.3500983652 	300.0000000006 	 0.9242362171 	 0.0201379863 	 0.2283075701 	 0.0000000000 	 0.0000000000 	 0.0000000000 	 0.0000000000 	-0.0000000000 	 0.0000000000 	 0.7515544436 	
822 	 1.3500983652 	300.0000000006 	 0.9242362171 	 0.0201379863 	 0.2283075701 	 0.0000000000 	 0.0000000000 	 0.0000000000 	 0.0000000000 	-0.0000000000 	 0.0000000000 	 0.7515544436 	
823 	 1.3500983652 	300.0000000006 	 0.9242362171 	 0.0201379863 	 0.2283075701 	 0.0000000000 	 0.0000000000 	 0.0000000000 	 0.0000000000 	-0.0000000000 	 0.0000000000 	 0.7515544436 	
824 	 1.3500983652 	300.0000000006 	 0.9242362171 	 0.0201379863 	 0.2283075701 	 0.0000000000 	 0.0000000000 	 0.0000000000 	 0.0000000000 	-0.0000000000 	 0.0000000000 	 0.7515544436 	
825 	 1.3500983652 	300.0000000006 	 0.9242362171 	 0.0201379863 	 0.2283075701 	 0.0000000000 	 0.0000000000 	 0.0000000000 	 0.0000000000 	-0.0000000000 	 0.0000000000 	 0.7515544436 	
826 	 1.3500983652 	300.0000000006 	 0.9242362171 	 0.0201379863 	 0.2283075701 	 0.0000000000 	 0.0000000000 	 0.0000000000 	 0.0000000000 	-0.0000000000 	 0.0000000000 	 0.7515544436 	
827 	 1.3500983652 	300.0000000006 	 0.9242362171 	 0.0201379863 	 0.2283075701 	 0.0000000000 	 0.0000000000 	 0.0000000000 	 0.0000000000 	-0.0000000000 	 0.0000000000 	 0.7515544436 	
828 	 1.3500983652 	300.0000000006 	 0.9242362171 	 0.0201379863 	 0.2283075701 	 0.0000000000 	 0.0000000000 	 0.0000000000 	 0.0000000000 	-0.0000000000 	 0.0000000000 	 0.7515544436 	
829 	 1.3500983652 	300.0000000006 	 0.9242362171 	 0.0201379863 	 0.2283075701 	 0.0000000000 	 0.0000000000 	 0.0000000000 	 0.0000000000 	-0.0000000000 	 0.0000000000 	 0.7515544436 	
830 	 1.3500983652 	300.0000000006 	 0.9242362171 	 0.0201379863 	 0.2283075701 	 0.0000000000 	 0.0000000000 	 0.0000000000 	 0.0000000000 	-0.0000000000 	 0.0000000000 	 0.7515544436 	
831 	 1.3500983652 	300.0000000006 	 0.9242362171 	 0.0201379863 	 0.2283075701 	 0.0000000000 	 0.0000000000 	 0.0000000000 	 0.0000000000 	-0.0000000000 	 0.0000000000 	 0.7515544436 	
832 	 1.3500983652 	300.0000000006 	 0.9242362171 	 0.0201379863 	 0.2283075701 	 0.0000000000 	 0.0000000000 	 0.0000000000 	 0.0000000000 	-0.0000000000 	 0.0000000000 	 0.7515544436 	
833 	 1.3500983652 	300.0000000006 	 0.9242362171 	 0.0201379863 	 0.2283075701 	 0.0000000000 	 0.0000000000 	 0.0000000000 	 0.0000000000 	-0.0000000000 	 0.0000000000 	 0.7515544436 	
834 	 1.3500983652 	300.0000000006 	 0.9242362171 	 0.0201379863 	 0.2283075701 	 0.0000000000 	 0.0000000000 	 0.0000000000 	 0.0000000000 	-0.0000000000 	 0.0000000000 	 0.7515544436 	
835 	 1.3500983652 	300.0000000006 	 0.9242362171 	 0.0201379863 	 0.2283075701 	 0.0000000000 	 0.0000000000 	 0.0000000000 	 0.0000000000 	-0.0000000000 	 0.0000000000 	 0.7515544436 	
836 	 1.3500983652 	300.0000000006 	 0.9242362171 	 0.0201379863 	 0.2283075701 	 0.0000000000 	 0.0000000000 	 0.0000000000 	 0.0000000000 	-0.0000000000 	 0.0000000000 	 0.7515544436 	
837 	 1.3500983652 	300.0000000006 	 0.9242362171 	 0.0201379863 	 0.2283075701 	 0.0000000000 	 0.0000000000 	 0.0000000000 	 0.0000000000 	-0.0000000000 	 0.0000000000 	 0.7515544436 	
838 	 1.3500983652 	300.0000000006 	 0.9242362171 	 0.0201379863 	 0.2283075701 	 0.0000000000 	 0.0000000000 	 0.0000000000 	 0.0000000000 	-0.0000000000 	 0.0000000000 	 0.7515544436 	
839 	 1.3500983652 	300.0000000006 	 0.9242362171 	 0.0201379863 	 0.2283075701 	 0.0000000000 	 0.0000000000 	 0.0000000000 	 0.0000000000 	-0.0000000000 	 0.0000000000 	 0.7515544436 	
840 	 1.3500983652 	300.0000000006 	 0.9242362171 	 0.0201379863 	 0.2283075701 	 0.0000000000 	 0.0000000000 	 0.0000000000 	 0.0000000000 	-0.0000000000 	 0.0000000000 	 0.7515544436 	
841 	 1.3500983652 	300.0000000006 	 0.9242362171 	 0.0201379863 	 0.2283075701 	 0.0000000000 	 0.0000000000 	 0.0000000000 	 0.0000000000 	-0.0000000000 	 0.0000000000 	 0.7515544436 	
842 	 1.3500983652 	300.0000000006 	 0.9242362171 	 0.0201379863 	 0.2283075701 	 0.0000000000 	 0.0000000000 	 0.0000000000 	 0.0000000000 	-0.0000000000 	 0.0000000000 	 0.7515544436 	
843 	 1.3500983652 	300.0000000006 	 0.9242362171 	 0.0201379863 	 0.2283075701 	 0.0000000000 	 0.0000000000 	 0.0000000000 	 0.0000000000 	-0.0000000000 	 0.0000000000 	 0.7515544436 	
844 	 1.3500983652 	300.0000000006 	 0.9242362171 	 0.0201379863 	 0.2283075701 	 0.0000000000 	 0.0000000000 	 0.0000000000 	 0.0000000000 	-0.0000000000 	 0.0000000000 	 0.7515544436 	
845 	 1.3500983652 	300.0000000006 	 0.9242362171 	 0.0201379863 	 0.2283075701 	 0.0000000000 	 0.0000000000 	 0.0000000000 	 0.0000000000 	-0.0000000000 	 0.0000000000 	 0.7515544436 	
846 	 1.3500983652 	300.0000000006 	 0.9242362171 	 0.0201379863 	 0.2283075701 	 0.0000000000 	 0.0000000000 	 0.0000000000 	 0.0000000000 	-0.0000000000 	 0.0000000000 	 0.7515544436 	
847 	 1.3500983652 	300.0000000006 	 0.9242362171 	 0.0201379863 	 0.2283075701 	 0.0000000000 	 0.0000000000 	 0.0000000000 	 0.0000000000 	-0.0000000000 	 0.0000000000 	 0.7515544436 	
848 	 1.3500983652 	300.0000000006 	 0.9242362171 	 0.0201379863 	 0.2283075701 	 0.0000000000 	 0.0000000000 	 0.0000000000 	 0.0000000000 	-0.0000000000 	 0.0000000000 	 0.7515544436 	
849 	 1.3500983652 	300.0000000006 	 0.9242362171 	 0.0201379863 	 0.2283075701 	 0.0000000000 	 0.0000000000 	 0.0000000000 	 0.0000000000 	-0.0000000000 	 0.0000000000 	 0.7515544436 	
850 	 1.3500983652 	300.0000000006 	 0.9242362171 	 0.0201379863 	 0.2283075701 	 0.0000000000 	 0.0000000000 	 0.0000000000 	 0.0000000000 	-0.0000000000 	 0.0000000000 	 0.7515544436 	
851 	 1.3500983652 	300.0000000006 	 0.9242362171 	 0.0201379863 	 0.2283075701 	 0.0000000000 	 0.0000000000 	 0.0000000000 	 0.0000000000 	-0.0000000000 	 0.0000000000 	 0.7515544436 	
852 	 1.3500983652 	300.0000000006 	 0.9242362171 	 0.0201379863 	 0.2283075701 	 0.0000000000 	 0.0000000000 	 0.0000000000 	 0.0000000000 	-0.0000000000 	 0.0000000000 	 0.7515544436 	
853 	 1.3500983652 	300.0000000006 	 0.9242362171 	 0.0201379863 	 0.2283075701 	 0.0000000000 	 0.0000000000 	 0.0000000000 	 0.0000000000 	-0.0000000000 	 0.0000000000 	 0.7515544436 	
854 	 1.3500983652 	300.0000000006 	 0.9242362171 	 0.0201379863 	 0.2283075701 	 0.0000000000 	 0.0000000000 	 0.0000000000 	 0.0000000000 	-0.0000000000 	 0.0000000000 	 0.7515544436 	
855 	 1.3500983652 	300.0000000006 	 0.9242362171 	 0.0201379863 	 0.2283075701 	 0.0000000000 	 0.0000000000 	 0.0000000000 	 0.0000000000 	-0.0000000000 	 0.0000000000 	 0.7515544436 	
856 	 1.3500983652 	300.0000000006 	 0.9242362171 	 0.0201379863 	 0.2283075701 	 0.0000000000 	 0.0000000000 	 0.0000000000 	 0.0000000000 	-0.0000000000 	 0.0000000000 	 0.7515544436 	
857 	 1.3500983652 	300.0000000006 	 0.9242362171 	 0.0201379863 	 0.2283075701 	 0.0000000000 	 0.0000000000 	 0.0000000000 	 0.0000000000 	-0.0000000000 	 0.0000000000 	 0.7515544436 	
858 	 1.3500983652 	300.0000000006 	 0.9242362171 	 0.0201379863 	 0.2283075701 	 0.0000000000 	 0.0000000000 	 0.0000000000 	 0.0000000000 	-0.0000000000 	 0.0000000000 	 0.7515544436 	
859 	 1.3500983652 	300.0000000006 	 0.9242362171 	 0.0201379863 	 0.2283075701 	 0.0000000000 	 0.0000000000 	 0.0000000000 	 0.0000000000 	-0.0000000000 	 0.0000000000 	 0.7515544436 	
860 	 1.3500983652 	300.0000000006 	 0.9242362171 	 0.0201379863 	 0.2283075701 	 0.0000000000 	 0.0000000000 	 0.0000000000 	 0.0000000000 	-0.0000000000 	 0.0000000000 	 0.7515544436 	
861 	 1.3500983652 	300.0000000006 	 0.9242362171 	 0.0201379863 	 0.2283075701 	 0.0000000000 	 0.0000000000 	 0.0000000000 	 0.0000000000 	-0.0000000000 	 0.0000000000 	 0.7515544436 	
862 	 1.3500983652 	300.0000000006 	 0.9242362171 	 0.0201379863 	 0.2283075701 	 0.0000000000 	 0.0000000000 	 0.0000000000 	 0.0000000000 	-0.0000000000 	 0.0000000000 	 0.7515544436 	
863 	 1.3500983652 	300.0000000006 	 0.9242362171 	 0.0201379863 	 0.2283075701 	 0.0000000000 	 0.0000000000 	 0.0000000000 	 0.0000000000 	-0.0000000000 	 0.0000000000 	 0.7515544436 	
864 	 1.3500983652 	300.0000000006 	 0.9242362171 	 0.0201379863 	 0.2283075701 	 0.0000000000 	 0.0000000000 	 0.0000000000 	 0.0000000000 	-0.0000000000 	 0.0000000000 	 0.7515544436 	
865 	 1.3500983652 	300.0000000006 	 0.9242362171 	 0.0201379863 	 0.2283075701 	 0.0000000000 	 0.0000000000 	 0.0000000000 	 0.0000000000 	-0.0000000000 	 0.0000000000 	 0.7515544436 	
866 	 1.3500983652 	300.0000000006 	 0.9242362171 	 0.0201379863 	 0.2283075701 	 0.0000000000 	 0.0000000000 	 0.0000000000 	 0.0000000000 	-0.0000000000 	 0.0000000000 	 0.7515544436 	
867 	 1.3500983652 	300.0000000006 	 0.9242362171 	 0.0201379863 	 0.2283075701 	 0.0000000000 	 0.0000000000 	 0.0000000000 	 0.0000000000 	-0.0000000000 	 0.0000000000 	 0.7515544436 	
868 	 1.3500983652 	300.0000000006 	 0.9242362171 	 0.0201379863 	 0.2283075701 	 0.0000000000 	 0.0000000000 	 0.0000000000 	 0.0000000000 	-0.0000000000 	 0.0000000000 	 0.7515544436 	
869 	 1.3500983652 	300.0000000006 	 0.9242362171 	 0.0201379863 	 0.2283075701 	 0.0000000000 	 0.0000000000 	 0.0000000000 	 0.0000000000 	-0.0000000000 	 0.0000000000 	 0.7515544436 	
870 	 1.3500983652 	300.0000000006 	 0.9242362171 	 0.0201379863 	 0.2283075701 	 0.0000000000 	 0.0000000000 	 0.0000000000 	 0.0000000000 	-0.0000000000 	 0.0000000000 	 0.7515544436 	
871 	 1.3500983652 	300.0000000006 	 0.9242362171 	 0.0201379863 	 0.2283075701 	 0.0000000000 	 0.0000000000 	 0.0000000000 	 0.0000000000 	-0.0000000000 	 0.0000000000 	 0.7515544436 	
872 	 1.3500983652 	300.0000000006 	 0.9242362171 	 0.0201379863 	 0.2283075701 	 0.0000000000 	 0.0000000000 	 0.0000000000 	 0.0000000000 	-0.0000000000 	 0.0000000000 	 0.7515544436 	
873 	 1.3500983652 	300.0000000006 	 0.9242362171 	 0.0201379863 	 0.2283075701 	 0.0000000000 	 0.0000000000 	 0.0000000000 	 0.0000000000 	-0.0000000000 	 0.0000000000 	 0.7515544436 	
874 	 1.3500983652 	300.0000000006 	 0.9242362171 	 0.0201379863 	 0.2283075701 	 0.0000000000 	 0.0000000000 	 0.0000000000 	 0.0000000000 	-0.0000000000 	 0.0000000000 	 0.7515544436 	
875 	 1.3500983652 	300.0000000006 	 0.9242362171 	 0.0201379863 	 0.2283075701 	 0.0000000000 	 0.0000000000 	 0.0000000000 	 0.0000000000 	-0.0000000000 	 0.0000000000 	 0.7515544436 	
876 	 1.3500983652 	300.0000000006 	 0.9242362171 	 0.0201379863 	 0.2283075701 	 0.0000000000 	 0.0000000000 	 0.0000000000 	 0.0000000000 	-0.0000000000 	 0.0000000000 	 0.7515544436 	
877 	 1.3500983652 	300.0000000006 	 0.9242362171 	 0.0201379863 	 0.2283075701 	 0.0000000000 	 0.0000000000 	 0.0000000000 	 0.0000000000 	-0.0000000000 	 0.0000000000 	 0.7515544436 	
878 	 1.3500983652 	300.0000000006 	 0.9242362171 	 0.0201379863 	 0.2283075701 	 0.0000000000 	 0.0000000000 	 0.0000000000 	 0.0000000000 	-0.0000000000 	 0.0000000000 	 0.7515544436 	
879 	 1.3500983652 	300.0000000006 	 0.9242362171 	 0.0201379863 	 0.2283075701 	 0.0000000000 	 0.0000000000 	 0.0000000000 	 0.0000000000 	-0.0000000000 	 0.0000000000 	 0.7515544436 	
880 	 1.3500983652 	300.0000000006 	 0.9242362171 	 0.0201379863 	 0.2283075701 	 0.0000000000 	 0.0000000000 	 0.0000000000 	 0.0000000000 	-0.0000000000 	 0.0000000000 	 0.7515544436 	
881 	 1.3500983652 	300.0000000006 	 0.9242362171 	 0.0201379863 	 0.2283075701 	 0.0000000000 	 0.0000000000 	 0.0000000000 	 0.0000000000 	-0.0000000000 	 0.0000000000 	 0.7515544436 	
882 	 1.3500983652 	300.0000000006 	 0.9242362171 	 0.0201379863 	 0.2283075701 	 0.0000000000 	 0.0000000000 	 0.0000000000 	 0.0000000000 	-0.0000000000 	 0.0000000000 	 0.7515544436 	
883 	 1.3500983652 	300.0000000006 	 0.9242362171 	 0.0201379863 	 0.2283075701 	 0.0000000000 	 0.0000000000 	 0.0000000000 	 0.0000000000 	-0.0000000000 	 0.0000000000 	 0.7515544436 	
884 	 1.3500983652 	300.0000000006 	 0.9242362171 	 0.0201379863 	 0.2283075701 	 0.0000000000 	 0.0000000000 	 0.0000000000 	 0.0000000000 	-0.0000000000 	 0.0000000000 	 0.7515544436 	
885 	 1.3500983652 	300.0000000006 	 0.9242362171 	 0.0201379863 	 0.2283075701 	 0.0000000000 	 0.0000000000 	 0.0000000000 	 0.0000000000 	-0.0000000000 	 0.0000000000 	 0.7515544436 	
886 	 1.3500983652 	300.0000000006 	 0.9242362171 	 0.0201379863 	 0.2283075701 	 0.0000000000 	 0.0000000000 	 0.0000000000 	 0.0000000000 	-0.0000000000 	 0.0000000000 	 0.7515544436 	
887 	 1.3500983652 	300.0000000006 	 0.9242362171 	 0.0201379863 	 0.2283075701 	 0.0000000000 	 0.0000000000 	 0.0000000000 	 0.0000000000 	-0.0000000000 	 0.0000000000 	 0.7515544436 	
888 	 1.3500983652 	300.0000000006 	 0.9242362171 	 0.0201379863 	 0.2283075701 	 0.0000000000 	 0.0000000000 	 0.0000000000 	 0.0000000000 	-0.0000000000 	 0.0000000000 	 0.7515544436 	
889 	 1.3500983652 	300.0000000006 	 0.9242362171 	 0.0201379863 	 0.2283075701 	 0.0000000000 	 0.0000000000 	 0.0000000000 	 0.0000000000 	-0.0000000000 	 0.0000000000 	 0.7515544436 	
890 	 1.3500983652 	300.0000000006 	 0.9242362171 	 0.0201379863 	 0.2283075701 	 0.0000000000 	 0.0000000000 	 0.0000000000 	 0.0000000000 	-0.0000000000 	 0.0000000000 	 0.7515544436 	
891 	 1.3500983652 	300.0000000006 	 0.9242362171 	 0.0201379863 	 0.2283075701 	 0.0000000000 	 0.0000000000 	 0.0000000000 	 0.0000000000 	-0.0000000000 	 0.0000000000 	 0.7515544436 	
892 	 1.3500983652 	300.0000000006 	 0.9242362171 	 0.0201379863 	 0.2283075701 	 0.0000000000 	 0.0000000000 	 0.0000000000 	 0.0000000000 	-0.0000000000 	 0.0000000000 	 0.7515544436 	
893 	 1.3500983652 	300.0000000006 	 0.9242362171 	 0.0201379863 	 0.2283075701 	 0.0000000000 	 0.0000000000 	 0.0000000000 	 0.0000000000 	-0.0000000000 	 0.0000000000 	 0.7515544436 	
894 	 1.3500983652 	300.0000000006 	 0.9242362171 	 0.0201379863 	 0.2283075701 	 0.0000000000 	 0.0000000000 	 0.0000000000 	 0.0000000000 	-0.0000000000 	 0.0000000000 	 0.7515544436 	
895 	 1.3500983652 	300.0000000006 	 0.9242362171 	 0.0201379863 	 0.2283075701 	 0.0000000000 	 0.0000000000 	 0.0000000000 	 0.0000000000 	-0.0000000000 	 0.0000000000 	 0.7515544436 	
896 	 1.3500983652 	300.0000000006 	 0.9242362171 	 0.0201379863 	 0.2283075701 	 0.0000000000 	 0.0000000000 	 0.0000000000 	 0.0000000000 	-0.0000000000 	 0.0000000000 	 0.7515544436 	
897 	 1.3500983652 	300.0000000006 	 0.9242362171 	 0.0201379863 	 0.2283075701 	 0.0000000000 	 0.0000000000 	 0.0000000000 	 0.0000000000 	-0.0000000000 	 0.0000000000 	 0.7515544436 	
898 	 1.3500983652 	300.0000000006 	 0.9242362171 	 0.0201379863 	 0.2283075701 	 0.0000000000 	 0.0000000000 	 0.0000000000 	 0.0000000000 	-0.0000000000 	 0.0000000000 	 0.7515544436 	
899 	 1.3500983652 	300.0000000006 	 0.9242362171 	 0.0201379863 	 0.2283075701 	 0.0000000000 	 0.0000000000 	 0.0000000000 	 0.0000000000 	-0.0000000000 	 0.0000000000 	 0.7515544436 	
900 	 1.3500983652 	300.0000000006 	 0.9242362171 	 0.0201379863 	 0.2283075701 	 0.0000000000 	 0.0000000000 	 0.0000000000 	 0.0000000000 	-0.0000000000 	 0.0000000000 	 0.7515544436 	
901 	 1.3500983652 	300.0000000006 	 0.9242362171 	 0.0201379863 	 0.2283075701 	 0.0000000000 	 0.0000000000 	 0.0000000000 	 0.0000000000 	-0.0000000000 	 0.0000000000 	 0.7515544436 	
902 	 1.3500983652 	300.0000000006 	 0.9242362171 	 0.0201379863 	 0.2283075701 	 0.0000000000 	 0.0000000000 	 0.0000000000 	 0.0000000000 	-0.0000000000 	 0.0000000000 	 0.7515544436 	
903 	 1.3500983652 	300.0000000006 	 0.9242362171 	 0.0201379863 	 0.2283075701 	 0.0000000000 	 0.0000000000 	 0.0000000000 	 0.0000000000 	-0.0000000000 	 0.0000000000 	 0.7515544436 	
904 	 1.3500983652 	300.0000000006 	 0.9242362171 	 0.0201379863 	 0.2283075701 	 0.0000000000 	 0.0000000000 	 0.0000000000 	 0.0000000000 	-0.0000000000 	 0.0000000000 	 0.7515544436 	
905 	 1.3500983652 	300.0000000006 	 0.9242362171 	 0.0201379863 	 0.2283075701 	 0.0000000000 	 0.0000000000 	 0.0000000000 	 0.0000000000 	-0.0000000000 	 0.0000000000 	 0.7515544436 	
906 	 1.3500983652 	300.0000000006 	 0.9242362171 	 0.0201379863 	 0.2283075701 	 0.0000000000 	 0.0000000000 	 0.0000000000 	 0.0000000000 	-0.0000000000 	 0.0000000000 	 0.7515544436 	
907 	 1.3500983652 	300.0000000006 	 0.9242362171 	 0.0201379863 	 0.2283075701 	 0.0000000000 	 0.0000000000 	 0.0000000000 	 0.0000000000 	-0.0000000000 	 0.0000000000 	 0.7515544436 	
908 	 1.3500983652 	300.0000000006 	 0.9242362171 	 0.0201379863 	 0.2283075701 	 0.0000000000 	 0.0000000000 	 0.0000000000 	 0.0000000000 	-0.0000000000 	 0.0000000000 	 0.7515544436 	
909 	 1.3500983652 	300.0000000006 	 0.9242362171 	 0.0201379863 	 0.2283075701 	 0.0000000000 	 0.0000000000 	 0.0000000000 	 0.0000000000 	-0.0000000000 	 0.0000000000 	 0.7515544436 	
910 	 1.3500983652 	300.0000000006 	 0.9242362171 	 0.0201379863 	 0.2283075701 	 0.0000000000 	 0.0000000000 	 0.0000000000 	 0.0000000000 	-0.0000000000 	 0.0000000000 	 0.7515544436 	
911 	 1.3500983652 	300.0000000006 	 0.9242362171 	 0.0201379863 	 0.2283075701 	 0.0000000000 	 0.0000000000 	 0.0000000000 	 0.0000000000 	-0.0000000000 	 0.0000000000 	 0.7515544436 	
912 	 1.3500983652 	300.0000000006 	 0.9242362171 	 0.0201379863 	 0.2283075701 	 0.0000000000 	 0.0000000000 	 0.0000000000 	 0.0000000000 	-0.0000000000 	 0.0000000000 	 0.7515544436 	
913 	 1.3500983652 	300.0000000006 	 0.9242362171 	 0.0201379863 	 0.2283075701 	 0.0000000000 	 0.0000000000 	 0.0000000000 	 0.0000000000 	-0.0000000000 	 0.0000000000 	 0.7515544436 	
914 	 1.3500983652 	300.0000000006 	 0.9242362171 	 0.0201379863 	 0.2283075701 	 0.0000000000 	 0.0000000000 	 0.0000000000 	 0.0000000000 	-0.0000000000 	 0.0000000000 	 0.7515544436 	
915 	 1.3500983652 	300.0000000006 	 0.9242362171 	 0.0201379863 	 0.2283075701 	 0.0000000000 	 0.0000000000 	 0.0000000000 	 0.0000000000 	-0.0000000000 	 0.0000000000 	 0.7515544436 	
916 	 1.3500983652 	300.0000000006 	 0.9242362171 	 0.0201379863 	 0.2283075701 	 0.0000000000 	 0.0000000000 	 0.0000000000 	 0.0000000000 	-0.0000000000 	 0.0000000000 	 0.7515544436 	
917 	 1.3500983652 	300.0000000006 	 0.9242362171 	 0.0201379863 	 0.2283075701 	 0.0000000000 	 0.0000000000 	 0.0000000000 	 0.0000000000 	-0.0000000000 	 0.0000000000 	 0.7515544436 	
918 	 1.3500983652 	300.0000000006 	 0.9242362171 	 0.0201379863 	 0.2283075701 	 0.0000000000 	 0.0000000000 	 0.0000000000 	 0.0000000000 	-0.0000000000 	 0.0000000000 	 0.7515544436 	
919 	 1.3500983652 	300.0000000006 	 0.9242362171 	 0.0201379863 	 0.2283075701 	 0.0000000000 	 0.0000000000 	 0.0000000000 	 0.0000000000 	-0.0000000000 	 0.0000000000 	 0.7515544436 	
920 	 1.3500983652 	300.0000000006 	 0.9242362171 	 0.0201379863 	 0.2283075701 	 0.0000000000 	 0.0000000000 	 0.0000000000 	 0.0000000000 	-0.0000000000 	 0.0000000000 	 0.7515544436 	
921 	 1.3500983652 	300.0000000006 	 0.9242362171 	 0.0201379863 	 0.2283075701 	 0.0000000000 	 0.0000000000 	 0.0000000000 	 0.0000000000 	-0.0000000000 	 0.0000000000 	 0.7515544436 	
922 	 1.3500983652 	300.0000000006 	 0.9242362171 	 0.0201379863 	 0.2283075701 	 0.0000000000 	 0.0000000000 	 0.0000000000 	 0.0000000000 	-0.0000000000 	 0.0000000000 	 0.7515544436 	
923 	 1.3500983652 	300.0000000006 	 0.9242362171 	 0.0201379863 	 0.2283075701 	 0.0000000000 	 0.0000000000 	 0.0000000000 	 0.0000000000 	-0.0000000000 	 0.0000000000 	 0.7515544436 	
924 	 1.3500983652 	300.0000000006 	 0.9242362171 	 0.0201379863 	 0.2283075701 	 0.0000000000 	 0.0000000000 	 0.0000000000 	 0.0000000000 	-0.0000000000 	 0.0000000000 	 0.7515544436 	
925 	 1.3500983652 	300.0000000006 	 0.9242362171 	 0.0201379863 	 0.2283075701 	 0.0000000000 	 0.0000000000 	 0.0000000000 	 0.0000000000 	-0.0000000000 	 0.0000000000 	 0.7515544436 	
926 	 1.3500983652 	300.0000000006 	 0.9242362171 	 0.0201379863 	 0.2283075701 	 0.0000000000 	 0.0000000000 	 0.0000000000 	 0.0000000000 	-0.0000000000 	 0.0000000000 	 0.7515544436 	
927 	 1.3500983652 	300.0000000006 	 0.9242362171 	 0.0201379863 	 0.2283075701 	 0.0000000000 	 0.0000000000 	 0.0000000000 	 0.0000000000 	-0.0000000000 	 0.0000000000 	 0.7515544436 	
928 	 1.3500983652 	300.0000000006 	 0.9242362171 	 0.0201379863 	 0.2283075701 	 0.0000000000 	 0.0000000000 	 0.0000000000 	 0.0000000000 	-0.0000000000 	 0.0000000000 	 0.7515544436 	
929 	 1.3500983652 	300.0000000006 	 0.9242362171 	 0.0201379863 	 0.2283075701 	 0.0000000000 	 0.0000000000 	 0.0000000000 	 0.0000000000 	-0.0000000000 	 0.0000000000 	 0.7515544436 	
930 	 1.3500983652 	300.0000000006 	 0.9242362171 	 0.0201379863 	 0.2283075701 	 0.0000000000 	 0.0000000000 	 0.0000000000 	 0.0000000000 	-0.0000000000 	 0.0000000000 	 0.7515544436 	
931 	 1.3500983652 	300.0000000006 	 0.9242362171 	 0.0201379863 	 0.2283075701 	 0.0000000000 	 0.0000000000 	 0.0000000000 	 0.0000000000 	-0.0000000000 	 0.0000000000 	 0.7515544436 	
932 	 1.3500983652 	300.0000000006 	 0.9242362171 	 0.0201379863 	 0.2283075701 	 0.0000000000 	 0.0000000000 	 0.0000000000 	 0.0000000000 	-0.0000000000 	 0.0000000000 	 0.7515544436 	
933 	 1.3500983652 	300.0000000006 	 0.9242362171 	 0.0201379863 	 0.2283075701 	 0.0000000000 	 0.0000000000 	 0.0000000000 	 0.0000000000 	-0.0000000000 	 0.0000000000 	 0.7515544436 	
934 	 1.3500983652 	300.0000000006 	 0.9242362171 	 0.0201379863 	 0.2283075701 	 0.0000000000 	 0.0000000000 	 0.0000000000 	 0.0000000000 	-0.0000000000 	 0.0000000000 	 0.7515544436 	
935 	 1.3500983652 	300.0000000006 	 0.9242362171 	 0.0201379863 	 0.2283075701 	 0.0000000000 	 0.0000000000 	 0.0000000000 	 0.0000000000 	-0.0000000000 	 0.0000000000 	 0.7515544436 	
936 	 1.3500983652 	300.0000000006 	 0.9242362171 	 0.0201379863 	 0.2283075701 	 0.0000000000 	 0.0000000000 	 0.0000000000 	 0.0000000000 	-0.0000000000 	 0.0000000000 	 0.7515544436 	
937 	 1.3500983652 	300.0000000006 	 0.9242362171 	 0.0201379863 	 0.2283075701 	 0.0000000000 	 0.0000000000 	 0.0000000000 	 0.0000000000 	-0.0000000000 	 0.0000000000 	 0.7515544436 	
938 	 1.3500983652 	300.0000000006 	 0.9242362171 	 0.0201379863 	 0.2283075701 	 0.0000000000 	 0.0000000000 	 0.0000000000 	 0.0000000000 	-0.0000000000 	 0.0000000000 	 0.7515544436 	
939 	 1.3500983652 	300.0000000006 	 0.9242362171 	 0.0201379863 	 0.2283075701 	 0.0000000000 	 0.0000000000 	 0.0000000000 	 0.0000000000 	-0.0000000000 	 0.0000000000 	 0.7515544436 	
940 	 1.3500983652 	300.0000000006 	 0.9242362171 	 0.0201379863 	 0.2283075701 	 0.0000000000 	 0.0000000000 	 0.0000000000 	 0.0000000000 	-0.0000000000 	 0.0000000000 	 0.7515544436 	
941 	 1.3500983652 	300.0000000006 	 0.9242362171 	 0.0201379863 	 0.2283075701 	 0.0000000000 	 0.0000000000 	 0.0000000000 	 0.0000000000 	-0.0000000000 	 0.0000000000 	 0.7515544436 	
942 	 1.3500983652 	300.0000000006 	 0.9242362171 	 0.0201379863 	 0.2283075701 	 0.0000000000 	 0.0000000000 	 0.0000000000 	 0.0000000000 	-0.0000000000 	 0.0000000000 	 0.7515544436 	
943 	 1.3500983652 	300.0000000006 	 0.9242362171 	 0.0201379863 	 0.2283075701 	 0.0000000000 	 0.0000000000 	 0.0000000000 	 0.0000000000 	-0.0000000000 	 0.0000000000 	 0.7515544436 	
944 	 1.3500983652 	300.0000000006 	 0.9242362171 	 0.0201379863 	 0.2283075701 	 0.0000000000 	 0.0000000000 	 0.0000000000 	 0.0000000000 	-0.0000000000 	 0.0000000000 	 0.7515544436 	
945 	 1.3500983652 	300.0000000006 	 0.9242362171 	 0.0201379863 	 0.2283075701 	 0.0000000000 	 0.0000000000 	 0.0000000000 	 0.0000000000 	-0.0000000000 	 0.0000000000 	 0.7515544436 	
946 	 1.3500983652 	300.0000000006 	 0.9242362171 	 0.0201379863 	 0.2283075701 	 0.0000000000 	 0.0000000000 	 0.0000000000 	 0.0000000000 	-0.0000000000 	 0.0000000000 	 0.7515544436 	
947 	 1.3500983652 	300.0000000006 	 0.9242362171 	 0.0201379863 	 0.2283075701 	 0.0000000000 	 0.0000000000 	 0.0000000000 	 0.0000000000 	-0.0000000000 	 0.0000000000 	 0.7515544436 	
948 	 1.3500983652 	300.0000000006 	 0.9242362171 	 0.0201379863 	 0.2283075701 	 0.0000000000 	 0.0000000000 	 0.0000000000 	 0.0000000000 	-0.0000000000 	 0.0000000000 	 0.7515544436 	
949 	 1.3500983652 	300.0000000006 	 0.9242362171 	 0.0201379863 	 0.2283075701 	 0.0000000000 	 0.0000000000 	 0.0000000000 	 0.0000000000 	-0.0000000000 	 0.0000000000 	 0.7515544436 	
950 	 1.3500983652 	300.0000000006 	 0.9242362171 	 0.0201379863 	 0.2283075701 	 0.0000000000 	 0.0000000000 	 0.0000000000 	 0.0000000000 	-0.0000000000 	 0.0000000000 	 0.7515544436 	
951 	 1.3500983652 	300.0000000006 	 0.9242362171 	 0.0201379863 	 0.2283075701 	 0.0000000000 	 0.0000000000 	 0.0000000000 	 0.0000000000 	-0.0000000000 	 0.0000000000 	 0.7515544436 	
952 	 1.3500983652 	300.0000000006 	 0.9242362171 	 0.0201379863 	 0.2283075701 	 0.0000000000 	 0.0000000000 	 0.0000000000 	 0.0000000000 	-0.0000000000 	 0.0000000000 	 0.7515544436 	
953 	 1.3500983652 	300.0000000006 	 0.9242362171 	 0.0201379863 	 0.2283075701 	 0.0000000000 	 0.0000000000 	 0.0000000000 	 0.0000000000 	-0.0000000000 	 0.0000000000 	 0.7515544436 	
954 	 1.3500983652 	300.0000000006 	 0.9242362171 	 0.0201379863 	 0.2283075701 	 0.0000000000 	 0.0000000000 	 0.0000000000 	 0.0000000000 	-0.0000000000 	 0.0000000000 	 0.7515544436 	
955 	 1.3500983652 	300.0000000006 	 0.9242362171 	 0.0201379863 	 0.2283075701 	 0.0000000000 	 0.0000000000 	 0.0000000000 	 0.0000000000 	-0.0000000000 	 0.0000000000 	 0.7515544436 	
956 	 1.3500983652 	300.0000000006 	 0.9242362171 	 0.0201379863 	 0.2283075701 	 0.0000000000 	 0.0000000000 	 0.0000000000 	 0.0000000000 	-0.0000000000 	 0.0000000000 	 0.7515544436 	
957 	 1.3500983652 	300.0000000006 	 0.9242362171 	 0.0201379863 	 0.2283075701 	 0.0000000000 	 0.0000000000 	 0.0000000000 	 0.0000000000 	-0.0000000000 	 0.0000000000 	 0.7515544436 	
958 	 1.3500983652 	300.0000000006 	 0.9242362171 	 0.0201379863 	 0.2283075701 	 0.0000000000 	 0.0000000000 	 0.0000000000 	 0.0000000000 	-0.0000000000 	 0.0000000000 	 0.7515544436 	
959 	 1.3500983652 	300.0000000006 	 0.9242362171 	 0.0201379863 	 0.2283075701 	 0.0000000000 	 0.0000000000 	 0.0000000000 	 0.0000000000 	-0.0000000000 	 0.0000000000 	 0.7515544436 	
960 	 1.3500983652 	300.0000000006 	 0.9242362171 	 0.0201379863 	 0.2283075701 	 0.0000000000 	 0.0000000000 	 0.0000000000 	 0.0000000000 	-0.0000000000 	 0.0000000000 	 0.7515544436 	
961 	 1.3500983652 	300.0000000006 	 0.9242362171 	 0.0201379863 	 0.2283075701 	 0.0000000000 	 0.0000000000 	 0.0000000000 	 0.0000000000 	-0.0000000000 	 0.0000000000 	 0.7515544436 	
962 	 1.3500983652 	300.0000000006 	 0.9242362171 	 0.0201379863 	 0.2283075701 	 0.0000000000 	 0.0000000000 	 0.0000000000 	 0.0000000000 	-0.0000000000 	 0.0000000000 	 0.7515544436 	
963 	 1.3500983652 	300.0000000006 	 0.9242362171 	 0.0201379863 	 0.2283075701 	 0.0000000000 	 0.0000000000 	 0.0000000000 	 0.0000000000 	-0.0000000000 	 0.0000000000 	 0.7515544436 	
964 	 1.3500983652 	300.0000000006 	 0.9242362171 	 0.0201379863 	 0.2283075701 	 0.0000000000 	 0.0000000000 	 0.0000000000 	 0.0000000000 	-0.0000000000 	 0.0000000000 	 0.7515544436 	
965 	 1.3500983652 	300.0000000006 	 0.9242362171 	 0.0201379863 	 0.2283075701 	 0.0000000000 	 0.0000000000 	 0.0000000000 	 0.0000000000 	-0.0000000000 	 0.0000000000 	 0.7515544436 	
966 	 1.3500983652 	300.0000000006 	 0.9242362171 	 0.0201379863 	 0.2283075701 	 0.0000000000 	 0.0000000000 	 0.0000000000 	 0.0000000000 	-0.0000000000 	 0.0000000000 	 0.7515544436 	
967 	 1.3500983652 	300.0000000006 	 0.9242362171 	 0.0201379863 	 0.2283075701 	 0.0000000000 	 0.0000000000 	 0.0000000000 	 0.0000000000 	-0.0000000000 	 0.0000000000 	 0.7515544436 	
968 	 1.3500983652 	300.0000000006 	 0.9242362171 	 0.0201379863 	 0.2283075701 	 0.0000000000 	 0.0000000000 	 0.0000000000 	 0.0000000000 	-0.0000000000 	 0.0000000000 	 0.7515544436 	
969 	 1.3500983652 	300.0000000006 	 0.9242362171 	 0.0201379863 	 0.2283075701 	 0.0000000000 	 0.0000000000 	 0.0000000000 	 0.0000000000 	-0.0000000000 	 0.0000000000 	 0.7515544436 	
970 	 1.3500983652 	300.0000000006 	 0.9242362171 	 0.0201379863 	 0.2283075701 	 0.0000000000 	 0.0000000000 	 0.0000000000 	 0.0000000000 	-0.0000000000 	 0.0000000000 	 0.7515544436 	
971 	 1.3500983652 	300.0000000006 	 0.9242362171 	 0.0201379863 	 0.2283075701 	 0.0000000000 	 0.0000000000 	 0.0000000000 	 0.0000000000 	-0.0000000000 	 0.0000000000 	 0.7515544436 	
972 	 1.3500983652 	300.0000000006 	 0.9242362171 	 0.0201379863 	 0.2283075701 	 0.0000000000 	 0.0000000000 	 0.0000000000 	 0.0000000000 	-0.0000000000 	 0.0000000000 	 0.7515544436 	
973 	 1.3500983652 	300.0000000006 	 0.9242362171 	 0.0201379863 	 0.2283075701 	 0.0000000000 	 0.0000000000 	 0.0000000000 	 0.0000000000 	-0.0000000000 	 0.0000000000 	 0.7515544436 	
974 	 1.3500983652 	300.0000000006 	 0.9242362171 	 0.0201379863 	 0.2283075701 	 0.0000000000 	 0.0000000000 	 0.0000000000 	 0.0000000000 	-0.0000000000 	 0.0000000000 	 0.7515544436 	
975 	 1.3500983652 	300.0000000006 	 0.9242362171 	 0.0201379863 	 0.2283075701 	 0.0000000000 	 0.0000000000 	 0.0000000000 	 0.0000000000 	-0.0000000000 	 0.0000000000 	 0.7515544436 	
976 	 1.3500983652 	300.0000000006 	 0.9242362171 	 0.0201379863 	 0.2283075701 	 0.0000000000 	 0.0000000000 	 0.0000000000 	 0.0000000000 	-0.0000000000 	 0.0000000000 	 0.7515544436 	
977 	 1.3500983652 	300.0000000006 	 0.9242362171 	 0.0201379863 	 0.2283075701 	 0.0000000000 	 0.0000000000 	 0.0000000000 	 0.0000000000 	-0.0000000000 	 0.0000000000 	 0.7515544436 	
978 	 1.3500983652 	300.0000000006 	 0.9242362171 	 0.0201379863 	 0.2283075701 	 0.0000000000 	 0.0000000000 	 0.0000000000 	 0.0000000000 	-0.0000000000 	 0.0000000000 	 0.7515544436 	
979 	 1.3500983652 	300.0000000006 	 0.9242362171 	 0.0201379863 	 0.2283075701 	 0.0000000000 	 0.0000000000 	 0.0000000000 	 0.0000000000 	-0.0000000000 	 0.0000000000 	 0.7515544436 	
980 	 1.3500983652 	300.0000000006 	 0.9242362171 	 0.0201379863 	 0.2283075701 	 0.0000000000 	 0.0000000000 	 0.0000000000 	 0.0000000000 	-0.0000000000 	 0.0000000000 	 0.7515544436 	
981 	 1.3500983652 	300.0000000006 	 0.9242362171 	 0.0201379863 	 0.2283075701 	 0.0000000000 	 0.0000000000 	 0.0000000000 	 0.0000000000 	-0.0000000000 	 0.0000000000 	 0.7515544436 	
982 	 1.3500983652 	300.0000000006 	 0.9242362171 	 0.0201379863 	 0.2283075701 	 0.0000000000 	 0.0000000000 	 0.0000000000 	 0.0000000000 	-0.0000000000 	 0.0000000000 	 0.7515544436 	
983 	 1.3500983652 	300.0000000006 	 0.9242362171 	 0.0201379863 	 0.2283075701 	 0.0000000000 	 0.0000000000 	 0.0000000000 	 0.0000000000 	-0.0000000000 	 0.0000000000 	 0.7515544436 	
984 	 1.3500983652 	300.0000000006 	 0.9242362171 	 0.0201379863 	 0.2283075701 	 0.0000000000 	 0.0000000000 	 0.0000000000 	 0.0000000000 	-0.0000000000 	 0.0000000000 	 0.7515544436 	
985 	 1.3500983652 	300.0000000006 	 0.9242362171 	 0.0201379863 	 0.2283075701 	 0.0000000000 	 0.0000000000 	 0.0000000000 	 0.0000000000 	-0.0000000000 	 0.0000000000 	 0.7515544436 	
986 	 1.3500983652 	300.0000000006 	 0.9242362171 	 0.0201379863 	 0.2283075701 	 0.0000000000 	 0.0000000000 	 0.0000000000 	 0.0000000000 	-0.0000000000 	 0.0000000000 	 0.7515544436 	
987 	 1.3500983652 	300.0000000006 	 0.9242362171 	 0.0201379863 	 0.2283075701 	 0.0000000000 	 0.0000000000 	 0.0000000000 	 0.0000000000 	-0.0000000000 	 0.0000000000 	 0.7515544436 	
988 	 1.3500983652 	300.0000000006 	 0.9242362171 	 0.0201379863 	 0.2283075701 	 0.0000000000 	 0.0000000000 	 0.0000000000 	 0.0000000000 	-0.0000000000 	 0.0000000000 	 0.7515544436 	
989 	 1.3500983652 	300.0000000006 	 0.9242362171 	 0.0201379863 	 0.2283075701 	 0.0000000000 	 0.0000000000 	 0.0000000000 	 0.0000000000 	-0.0000000000 	 0.0000000000 	 0.7515544436 	
990 	 1.3500983652 	300.0000000006 	 0.9242362171 	 0.0201379863 	 0.2283075701 	 0.0000000000 	 0.0000000000 	 0.0000000000 	 0.0000000000 	-0.0000000000 	 0.0000000000 	 0.7515544436 	
991 	 1.3500983652 	300.0000000006 	 0.9242362171 	 0.0201379863 	 0.2283075701 	 0.0000000000 	 0.0000000000 	 0.0000000000 	 0.0000000000 	-0.0000000000 	 0.0000000000 	 0.7515544436 	
992 	 1.3500983652 	300.0000000006 	 0.9242362171 	 0.0201379863 	 0.2283075701 	 0.0000000000 	 0.0000000000 	 0.0000000000 	 0.0000000000 	-0.0000000000 	 0.0000000000 	 0.7515544436 	
993 	 1.3500983652 	300.0000000006 	 0.9242362171 	 0.0201379863 	 0.2283075701 	 0.0000000000 	 0.0000000000 	 0.0000000000 	 0.0000000000 	-0.0000000000 	 0.0000000000 	 0.7515544436 	
994 	 1.3500983652 	300.0000000006 	 0.9242362171 	 0.0201379863 	 0.2283075701 	 0.0000000000 	 0.0000000000 	 0.0000000000 	 0.0000000000 	-0.0000000000 	 0.0000000000 	 0.7515544436 	
995 	 1.3500983652 	300.0000000006 	 0.9242362171 	 0.0201379863 	 0.2283075701 	 0.0000000000 	 0.0000000000 	 0.0000000000 	 0.0000000000 	-0.0000000000 	 0.0000000000 	 0.7515544436 	
996 	 1.3500983652 	300.0000000006 	 0.9242362171 	 0.0201379863 	 0.2283075701 	 0.0000000000 	 0.0000000000 	 0.0000000000 	 0.0000000000 	-0.0000000000 	 0.0000000000 	 0.7515544436 	
997 	 1.3500983652 	300.0000000006 	 0.9242362171 	 0.0201379863 	 0.2283075701 	 0.0000000000 	 0.0000000000 	 0.0000000000 	 0.0000000000 	-0.0000000000 	 0.0000000000 	 0.7515544436 	
998 	 1.3500983652 	300.0000000006 	 0.9242362171 	 0.0201379863 	 0.2283075701 	 0.0000000000 	 0.0000000000 	 0.0000000000 	 0.0000000000 	-0.0000000000 	 0.0000000000 	 0.7515544436 	
999 	 1.3500983652 	300.0000000006 	 0.9242362171 	 0.0201379863 	 0.2283075701 	 0.0000000000 	 0.0000000000 	 0.0000000000 	 0.0000000000 	-0.0000000000 	 0.0000000000 	 0.7515544436 	
1000 	 1.3500983652 	300.0000000006 	 0.9242362171 	 0.0201379863 	 0.2283075701 	 0.0000000000 	 0.0000000000 	 0.0000000000 	 0.0000000000 	-0.0000000000 	 0.0000000000 	 0.7515544436 	
1001 	 1.3500983652 	300.0000000006 	 0.9242362171 	 0.0201379863 	 0.2283075701 	 0.0000000000 	 0.0000000000 	 0.0000000000 	 0.0000000000 	-0.0000000000 	 0.0000000000 	 0.7515544436 	
1002 	 1.3500983652 	300.0000000006 	 0.9242362171 	 0.0201379863 	 0.2283075701 	 0.0000000000 	 0.0000000000 	 0.0000000000 	 0.0000000000 	-0.0000000000 	 0.0000000000 	 0.7515544436 	
1003 	 1.3500983652 	300.0000000006 	 0.9242362171 	 0.0201379863 	 0.2283075701 	 0.0000000000 	 0.0000000000 	 0.0000000000 	 0.0000000000 	-0.0000000000 	 0.0000000000 	 0.7515544436 	
1004 	 1.3500983652 	300.0000000006 	 0.9242362171 	 0.0201379863 	 0.2283075701 	 0.0000000000 	 0.0000000000 	 0.0000000000 	 0.0000000000 	-0.0000000000 	 0.0000000000 	 0.7515544436 	
1005 	 1.3500983652 	300.0000000006 	 0.9242362171 	 0.0201379863 	 0.2283075701 	 0.0000000000 	 0.0000000000 	 0.0000000000 	 0.0000000000 	-0.0000000000 	 0.0000000000 	 0.7515544436 	
1006 	 1.3500983652 	300.0000000006 	 0.9242362171 	 0.0201379863 	 0.2283075701 	 0.0000000000 	 0.0000000000 	 0.0000000000 	 0.0000000000 	-0.0000000000 	 0.0000000000 	 0.7515544436 	
1007 	 1.3500983652 	300.0000000006 	 0.9242362171 	 0.0201379863 	 0.2283075701 	 0.0000000000 	 0.0000000000 	 0.0000000000 	 0.0000000000 	-0.0000000000 	 0.0000000000 	 0.7515544436 	
1008 	 1.3500983652 	300.0000000006 	 0.9242362171 	 0.0201379863 	 0.2283075701 	 0.0000000000 	 0.0000000000 	 0.0000000000 	 0.0000000000 	-0.0000000000 	 0.0000000000 	 0.7515544436 	
1009 	 1.3500983652 	300.0000000006 	 0.9242362171 	 0.0201379863 	 0.2283075701 	 0.0000000000 	 0.0000000000 	 0.0000000000 	 0.0000000000 	-0.0000000000 	 0.0000000000 	 0.7515544436 	
1010 	 1.3500983652 	300.0000000006 	 0.9242362171 	 0.0201379863 	 0.2283075701 	 0.0000000000 	 0.0000000000 	 0.0000000000 	 0.0000000000 	-0.0000000000 	 0.0000000000 	 0.7515544436 	
1011 	 1.3500983652 	300.0000000006 	 0.9242362171 	 0.0201379863 	 0.2283075701 	 0.0000000000 	 0.0000000000 	 0.0000000000 	 0.0000000000 	-0.0000000000 	 0.0000000000 	 0.7515544436 	
1012 	 1.3500983652 	300.0000000006 	 0.9242362171 	 0.0201379863 	 0.2283075701 	 0.0000000000 	 0.0000000000 	 0.0000000000 	 0.0000000000 	-0.0000000000 	 0.0000000000 	 0.7515544436 	
1013 	 1.3500983652 	300.0000000006 	 0.9242362171 	 0.0201379863 	 0.2283075701 	 0.0000000000 	 0.0000000000 	 0.0000000000 	 0.0000000000 	-0.0000000000 	 0.0000000000 	 0.7515544436 	
1014 	 1.3500983652 	300.0000000006 	 0.9242362171 	 0.0201379863 	 0.2283075701 	 0.0000000000 	 0.0000000000 	 0.0000000000 	 0.0000000000 	-0.0000000000 	 0.0000000000 	 0.7515544436 	
1015 	 1.3500983652 	300.0000000006 	 0.9242362171 	 0.0201379863 	 0.2283075701 	 0.0000000000 	 0.0000000000 	 0.0000000000 	 0.0000000000 	-0.0000000000 	 0.0000000000 	 0.7515544436 	
1016 	 1.3500983652 	300.0000000006 	 0.9242362171 	 0.0201379863 	 0.2283075701 	 0.0000000000 	 0.0000000000 	 0.0000000000 	 0.0000000000 	-0.0000000000 	 0.0000000000 	 0.7515544436 	
1017 	 1.3500983652 	300.0000000006 	 0.9242362171 	 0.0201379863 	 0.2283075701 	 0.0000000000 	 0.0000000000 	 0.0000000000 	 0.0000000000 	-0.0000000000 	 0.0000000000 	 0.7515544436 	
1018 	 1.3500983652 	300.0000000006 	 0.9242362171 	 0.0201379863 	 0.2283075701 	 0.0000000000 	 0.0000000000 	 0.0000000000 	 0.0000000000 	-0.0000000000 	 0.0000000000 	 0.7515544436 	
1019 	 1.3500983652 	300.0000000006 	 0.9242362171 	 0.0201379863 	 0.2283075701 	 0.0000000000 	 0.0000000000 	 0.0000000000 	 0.0000000000 	-0.0000000000 	 0.0000000000 	 0.7515544436 	
1020 	 1.3500983652 	300.0000000006 	 0.9242362171 	 0.0201379863 	 0.2283075701 	 0.0000000000 	 0.0000000000 	 0.0000000000 	 0.0000000000 	-0.0000000000 	 0.0000000000 	 0.7515544436 	
1021 	 1.3500983652 	300.0000000006 	 0.9242362171 	 0.0201379863 	 0.2283075701 	 0.0000000000 	 0.0000000000 	 0.0000000000 	 0.0000000000 	-0.0000000000 	 0.0000000000 	 0.7515544436 	
1022 	 1.3500983652 	300.0000000006 	 0.9242362171 	 0.0201379863 	 0.2283075701 	 0.0000000000 	 0.0000000000 	 0.0000000000 	 0.0000000000 	-0.0000000000 	 0.0000000000 	 0.7515544436 	
1023 	 1.3500983652 	300.0000000006 	 0.9242362171 	 0.0201379863 	 0.2283075701 	 0.0000000000 	 0.0000000000 	 0.0000000000 	 0.0000000000 	-0.0000000000 	 0.0000000000 	 0.7515544436 	
1024 	 1.3500983652 	300.0000000006 	 0.9242362171 	 0.0201379863 	 0.2283075701 	 0.0000000000 	 0.0000000000 	 0.0000000000 	 0.0000000000 	-0.0000000000 	 0.0000000000 	 0.7515544436 	
1025 	 1.3500983652 	300.0000000006 	 0.9242362171 	 0.0201379863 	 0.2283075701 	 0.0000000000 	 0.0000000000 	 0.0000000000 	 0.0000000000 	-0.0000000000 	 0.0000000000 	 0.7515544436 	
1026 	 1.3500983652 	300.0000000006 	 0.9242362171 	 0.0201379863 	 0.2283075701 	 0.0000000000 	 0.0000000000 	 0.0000000000 	 0.0000000000 	-0.0000000000 	 0.0000000000 	 0.7515544436 	
1027 	 1.3500983652 	300.0000000006 	 0.9242362171 	 0.0201379863 	 0.2283075701 	 0.0000000000 	 0.0000000000 	 0.0000000000 	 0.0000000000 	-0.0000000000 	 0.0000000000 	 0.7515544436 	
1028 	 1.3500983652 	300.0000000006 	 0.9242362171 	 0.0201379863 	 0.2283075701 	 0.0000000000 	 0.0000000000 	 0.0000000000 	 0.0000000000 	-0.0000000000 	 0.0000000000 	 0.7515544436 	
1029 	 1.3500983652 	300.0000000006 	 0.9242362171 	 0.0201379863 	 0.2283075701 	 0.0000000000 	 0.0000000000 	 0.0000000000 	 0.0000000000 	-0.0000000000 	 0.0000000000 	 0.7515544436 	
1030 	 1.3500983652 	300.0000000006 	 0.9242362171 	 0.0201379863 	 0.2283075701 	 0.0000000000 	 0.0000000000 	 0.0000000000 	 0.0000000000 	-0.0000000000 	 0.0000000000 	 0.7515544436 	
1031 	 1.3500983652 	300.0000000006 	 0.9242362171 	 0.0201379863 	 0.2283075701 	 0.0000000000 	 0.0000000000 	 0.0000000000 	 0.0000000000 	-0.0000000000 	 0.0000000000 	 0.7515544436 	
1032 	 1.3500983652 	300.0000000006 	 0.9242362171 	 0.0201379863 	 0.2283075701 	 0.0000000000 	 0.0000000000 	 0.0000000000 	 0.0000000000 	-0.0000000000 	 0.0000000000 	 0.7515544436 	
1033 	 1.3500983652 	300.0000000006 	 0.9242362171 	 0.0201379863 	 0.2283075701 	 0.0000000000 	 0.0000000000 	 0.0000000000 	 0.0000000000 	-0.0000000000 	 0.0000000000 	 0.7515544436 	
1034 	 1.3500983652 	300.0000000006 	 0.9242362171 	 0.0201379863 	 0.2283075701 	 0.0000000000 	 0.0000000000 	 0.0000000000 	 0.0000000000 	-0.0000000000 	 0.0000000000 	 0.7515544436 	
1035 	 1.3500983652 	300.0000000006 	 0.9242362171 	 0.0201379863 	 0.2283075701 	 0.0000000000 	 0.0000000000 	 0.0000000000 	 0.0000000000 	-0.0000000000 	 0.0000000000 	 0.7515544436 	
1036 	 1.3500983652 	300.0000000006 	 0.9242362171 	 0.0201379863 	 0.2283075701 	 0.0000000000 	 0.0000000000 	 0.0000000000 	 0.0000000000 	-0.0000000000 	 0.0000000000 	 0.7515544436 	
1037 	 1.3500983652 	300.0000000006 	 0.9242362171 	 0.0201379863 	 0.2283075701 	 0.0000000000 	 0.0000000000 	 0.0000000000 	 0.0000000000 	-0.0000000000 	 0.0000000000 	 0.7515544436 	
1038 	 1.3500983652 	300.0000000006 	 0.9242362171 	 0.0201379863 	 0.2283075701 	 0.0000000000 	 0.0000000000 	 0.0000000000 	 0.0000000000 	-0.0000000000 	 0.0000000000 	 0.7515544436 	
1039 	 1.3500983652 	300.0000000006 	 0.9242362171 	 0.0201379863 	 0.2283075701 	 0.0000000000 	 0.0000000000 	 0.0000000000 	 0.0000000000 	-0.0000000000 	 0.0000000000 	 0.7515544436 	
1040 	 1.3500983652 	300.0000000006 	 0.9242362171 	 0.0201379863 	 0.2283075701 	 0.0000000000 	 0.0000000000 	 0.0000000000 	 0.0000000000 	-0.0000000000 	 0.0000000000 	 0.7515544436 	
1041 	 1.3500983652 	300.0000000006 	 0.9242362171 	 0.0201379863 	 0.2283075701 	 0.0000000000 	 0.0000000000 	 0.0000000000 	 0.0000000000 	-0.0000000000 	 0.0000000000 	 0.7515544436 	
1042 	 1.3500983652 	300.0000000006 	 0.9242362171 	 0.0201379863 	 0.2283075701 	 0.0000000000 	 0.0000000000 	 0.0000000000 	 0.0000000000 	-0.0000000000 	 0.0000000000 	 0.7515544436 	
1043 	 1.3500983652 	300.0000000006 	 0.9242362171 	 0.0201379863 	 0.2283075701 	 0.0000000000 	 0.0000000000 	 0.0000000000 	 0.0000000000 	-0.0000000000 	 0.0000000000 	 0.7515544436 	
1044 	 1.3500983652 	300.0000000006 	 0.9242362171 	 0.0201379863 	 0.2283075701 	 0.0000000000 	 0.0000000000 	 0.0000000000 	 0.0000000000 	-0.0000000000 	 0.0000000000 	 0.7515544436 	
1045 	 1.3500983652 	300.0000000006 	 0.9242362171 	 0.0201379863 	 0.2283075701 	 0.0000000000 	 0.0000000000 	 0.0000000000 	 0.0000000000 	-0.0000000000 	 0.0000000000 	 0.7515544436 	
1046 	 1.3500983652 	300.0000000006 	 0.9242362171 	 0.0201379863 	 0.2283075701 	 0.0000000000 	 0.0000000000 	 0.0000000000 	 0.0000000000 	-0.0000000000 	 0.0000000000 	 0.7515544436 	
1047 	 1.3500983652 	300.0000000006 	 0.9242362171 	 0.0201379863 	 0.2283075701 	 0.0000000000 	 0.0000000000 	 0.0000000000 	 0.0000000000 	-0.0000000000 	 0.0000000000 	 0.7515544436 	
1048 	 1.3500983652 	300.0000000006 	 0.9242362171 	 0.0201379863 	 0.2283075701 	 0.0000000000 	 0.0000000000 	 0.0000000000 	 0.0000000000 	-0.0000000000 	 0.0000000000 	 0.7515544436 	
1049 	 1.3500983652 	300.0000000006 	 0.9242362171 	 0.0201379863 	 0.2283075701 	 0.0000000000 	 0.0000000000 	 0.0000000000 	 0.0000000000 	-0.0000000000 	 0.0000000000 	 0.7515544436 	
1050 	 1.3500983652 	300.0000000006 	 0.9242362171 	 0.0201379863 	 0.2283075701 	 0.0000000000 	 0.0000000000 	 0.0000000000 	 0.0000000000 	-0.0000000000 	 0.0000000000 	 0.7515544436 	
1051 	 1.3500983652 	300.0000000006 	 0.9242362171 	 0.0201379863 	 0.2283075701 	 0.0000000000 	 0.0000000000 	 0.0000000000 	 0.0000000000 	-0.0000000000 	 0.0000000000 	 0.7515544436 	
1052 	 1.3500983652 	300.0000000006 	 0.9242362171 	 0.0201379863 	 0.2283075701 	 0.0000000000 	 0.0000000000 	 0.0000000000 	 0.0000000000 	-0.0000000000 	 0.0000000000 	 0.7515544436 	
1053 	 1.3500983652 	300.0000000006 	 0.9242362171 	 0.0201379863 	 0.2283075701 	 0.0000000000 	 0.0000000000 	 0.0000000000 	 0.0000000000 	-0.0000000000 	 0.0000000000 	 0.7515544436 	
1054 	 1.3500983652 	300.0000000006 	 0.9242362171 	 0.0201379863 	 0.2283075701 	 0.0000000000 	 0.0000000000 	 0.0000000000 	 0.0000000000 	-0.0000000000 	 0.0000000000 	 0.7515544436 	
1055 	 1.3500983652 	300.0000000006 	 0.9242362171 	 0.0201379863 	 0.2283075701 	 0.0000000000 	 0.0000000000 	 0.0000000000 	 0.0000000000 	-0.0000000000 	 0.0000000000 	 0.7515544436 	
1056 	 1.3500983652 	300.0000000006 	 0.9242362171 	 0.0201379863 	 0.2283075701 	 0.0000000000 	 0.0000000000 	 0.0000000000 	 0.0000000000 	-0.0000000000 	 0.0000000000 	 0.7515544436 	
1057 	 1.3500983652 	300.0000000006 	 0.9242362171 	 0.0201379863 	 0.2283075701 	 0.0000000000 	 0.0000000000 	 0.0000000000 	 0.0000000000 	-0.0000000000 	 0.0000000000 	 0.7515544436 	
1058 	 1.3500983652 	300.0000000006 	 0.9242362171 	 0.0201379863 	 0.2283075701 	 0.0000000000 	 0.0000000000 	 0.0000000000 	 0.0000000000 	-0.0000000000 	 0.0000000000 	 0.7515544436 	
1059 	 1.3500983652 	300.0000000006 	 0.9242362171 	 0.0201379863 	 0.2283075701 	 0.0000000000 	 0.0000000000 	 0.0000000000 	 0.0000000000 	-0.0000000000 	 0.0000000000 	 0.7515544436 	
1060 	 1.3500983652 	300.0000000006 	 0.9242362171 	 0.0201379863 	 0.2283075701 	 0.0000000000 	 0.0000000000 	 0.0000000000 	 0.0000000000 	-0.0000000000 	 0.0000000000 	 0.7515544436 	
1061 	 1.3500983652 	300.0000000006 	 0.9242362171 	 0.0201379863 	 0.2283075701 	 0.0000000000 	 0.0000000000 	 0.0000000000 	 0.0000000000 	-0.0000000000 	 0.0000000000 	 0.7515544436 	
1062 	 1.3500983652 	300.0000000006 	 0.9242362171 	 0.0201379863 	 0.2283075701 	 0.0000000000 	 0.0000000000 	 0.0000000000 	 0.0000000000 	-0.0000000000 	 0.0000000000 	 0.7515544436 	
1063 	 1.3500983652 	300.0000000006 	 0.9242362171 	 0.0201379863 	 0.2283075701 	 0.0000000000 	 0.0000000000 	 0.0000000000 	 0.0000000000 	-0.0000000000 	 0.0000000000 	 0.7515544436 	
1064 	 1.3500983652 	300.0000000006 	 0.9242362171 	 0.0201379863 	 0.2283075701 	 0.0000000000 	 0.0000000000 	 0.0000000000 	 0.0000000000 	-0.0000000000 	 0.0000000000 	 0.7515544436 	
1065 	 1.3500983652 	300.0000000006 	 0.9242362171 	 0.0201379863 	 0.2283075701 	 0.0000000000 	 0.0000000000 	 0.0000000000 	 0.0000000000 	-0.0000000000 	 0.0000000000 	 0.7515544436 	
1066 	 1.3500983652 	300.0000000006 	 0.9242362171 	 0.0201379863 	 0.2283075701 	 0.0000000000 	 0.0000000000 	 0.0000000000 	 0.0000000000 	-0.0000000000 	 0.0000000000 	 0.7515544436 	
1067 	 1.3500983652 	300.0000000006 	 0.9242362171 	 0.0201379863 	 0.2283075701 	 0.0000000000 	 0.0000000000 	 0.0000000000 	 0.0000000000 	-0.0000000000 	 0.0000000000 	 0.7515544436 	
1068 	 1.3500983652 	300.0000000006 	 0.9242362171 	 0.0201379863 	 0.2283075701 	 0.0000000000 	 0.0000000000 	 0.0000000000 	 0.0000000000 	-0.0000000000 	 0.0000000000 	 0.7515544436 	
1069 	 1.3500983652 	300.0000000006 	 0.9242362171 	 0.0201379863 	 0.2283075701 	 0.0000000000 	 0.0000000000 	 0.0000000000 	 0.0000000000 	-0.0000000000 	 0.0000000000 	 0.7515544436 	
1070 	 1.3500983652 	300.0000000006 	 0.9242362171 	 0.0201379863 	 0.2283075701 	 0.0000000000 	 0.0000000000 	 0.0000000000 	 0.0000000000 	-0.0000000000 	 0.0000000000 	 0.7515544436 	
1071 	 1.3500983652 	300.0000000006 	 0.9242362171 	 0.0201379863 	 0.2283075701 	 0.0000000000 	 0.0000000000 	 0.0000000000 	 0.0000000000 	-0.0000000000 	 0.0000000000 	 0.7515544436 	
1072 	 1.3500983652 	300.0000000006 	 0.9242362171 	 0.0201379863 	 0.2283075701 	 0.0000000000 	 0.0000000000 	 0.0000000000 	 0.0000000000 	-0.0000000000 	 0.0000000000 	 0.7515544436 	
1073 	 1.3500983652 	300.0000000006 	 0.9242362171 	 0.0201379863 	 0.2283075701 	 0.0000000000 	 0.0000000000 	 0.0000000000 	 0.0000000000 	-0.0000000000 	 0.0000000000 	 0.7515544436 	
1074 	 1.3500983652 	300.0000000006 	 0.9242362171 	 0.0201379863 	 0.2283075701 	 0.0000000000 	 0.0000000000 	 0.0000000000 	 0.0000000000 	-0.0000000000 	 0.0000000000 	 0.7515544436 	
1075 	 1.3500983652 	300.0000000006 	 0.9242362171 	 0.0201379863 	 0.2283075701 	 0.0000000000 	 0.0000000000 	 0.0000000000 	 0.0000000000 	-0.0000000000 	 0.0000000000 	 0.7515544436 	
1076 	 1.3500983652 	300.0000000006 	 0.9242362171 	 0.0201379863 	 0.2283075701 	 0.0000000000 	 0.0000000000 	 0.0000000000 	 0.0000000000 	-0.0000000000 	 0.0000000000 	 0.7515544436 	
1077 	 1.3500983652 	300.0000000006 	 0.9242362171 	 0.0201379863 	 0.2283075701 	 0.0000000000 	 0.0000000000 	 0.0000000000 	 0.0000000000 	-0.0000000000 	 0.0000000000 	 0.7515544436 	
1078 	 1.3500983652 	300.0000000006 	 0.9242362171 	 0.0201379863 	 0.2283075701 	 0.0000000000 	 0.0000000000 	 0.0000000000 	 0.0000000000 	-0.0000000000 	 0.0000000000 	 0.7515544436 	
1079 	 1.3500983652 	300.0000000006 	 0.9242362171 	 0.0201379863 	 0.2283075701 	 0.0000000000 	 0.0000000000 	 0.0000000000 	 0.0000000000 	-0.0000000000 	 0.0000000000 	 0.7515544436 	
1080 	 1.3500983652 	300.0000000006 	 0.9242362171 	 0.0201379863 	 0.2283075701 	 0.0000000000 	 0.0000000000 	 0.0000000000 	 0.0000000000 	-0.0000000000 	 0.0000000000 	 0.7515544436 	
1081 	 1.3500983652 	300.0000000006 	 0.9242362171 	 0.0201379863 	 0.2283075701 	 0.0000000000 	 0.0000000000 	 0.0000000000 	 0.0000000000 	-0.0000000000 	 0.0000000000 	 0.7515544436 	
1082 	 1.3500983652 	300.0000000006 	 0.9242362171 	 0.0201379863 	 0.2283075701 	 0.0000000000 	 0.0000000000 	 0.0000000000 	 0.0000000000 	-0.0000000000 	 0.0000000000 	 0.7515544436 	
1083 	 1.3500983652 	300.0000000006 	 0.9242362171 	 0.0201379863 	 0.2283075701 	 0.0000000000 	 0.0000000000 	 0.0000000000 	 0.0000000000 	-0.0000000000 	 0.0000000000 	 0.7515544436 	
1084 	 1.3500983652 	300.0000000006 	 0.9242362171 	 0.0201379863 	 0.2283075701 	 0.0000000000 	 0.0000000000 	 0.0000000000 	 0.0000000000 	-0.0000000000 	 0.0000000000 	 0.7515544436 	
1085 	 1.3500983652 	300.0000000006 	 0.9242362171 	 0.0201379863 	 0.2283075701 	 0.0000000000 	 0.0000000000 	 0.0000000000 	 0.0000000000 	-0.0000000000 	 0.0000000000 	 0.7515544436 	
1086 	 1.3500983652 	300.0000000006 	 0.9242362171 	 0.0201379863 	 0.2283075701 	 0.0000000000 	 0.0000000000 	 0.0000000000 	 0.0000000000 	-0.0000000000 	 0.0000000000 	 0.7515544436 	
1087 	 1.3500983652 	300.0000000006 	 0.9242362171 	 0.0201379863 	 0.2283075701 	 0.0000000000 	 0.0000000000 	 0.0000000000 	 0.0000000000 	-0.0000000000 	 0.0000000000 	 0.7515544436 	
1088 	 1.3500983652 	300.0000000006 	 0.9242362171 	 0.0201379863 	 0.2283075701 	 0.0000000000 	 0.0000000000 	 0.0000000000 	 0.0000000000 	-0.0000000000 	 0.0000000000 	 0.7515544436 	
1089 	 1.3500983652 	300.0000000006 	 0.9242362171 	 0.0201379863 	 0.2283075701 	 0.0000000000 	 0.0000000000 	 0.0000000000 	 0.0000000000 	-0.0000000000 	 0.0000000000 	 0.7515544436 	
1090 	 1.3500983652 	300.0000000006 	 0.9242362171 	 0.0201379863 	 0.2283075701 	 0.0000000000 	 0.0000000000 	 0.0000000000 	 0.0000000000 	-0.0000000000 	 0.0000000000 	 0.7515544436 	
1091 	 1.3500983652 	300.0000000006 	 0.9242362171 	 0.0201379863 	 0.2283075701 	 0.0000000000 	 0.0000000000 	 0.0000000000 	 0.0000000000 	-0.0000000000 	 0.0000000000 	 0.7515544436 	
1092 	 1.3500983652 	300.0000000006 	 0.9242362171 	 0.0201379863 	 0.2283075701 	 0.0000000000 	 0.0000000000 	 0.0000000000 	 0.0000000000 	-0.0000000000 	 0.0000000000 	 0.7515544436 	
1093 	 1.3500983652 	300.0000000006 	 0.9242362171 	 0.0201379863 	 0.2283075701 	 0.0000000000 	 0.0000000000 	 0.0000000000 	 0.0000000000 	-0.0000000000 	 0.0000000000 	 0.7515544436 	
1094 	 1.3500983652 	300.0000000006 	 0.9242362171 	 0.0201379863 	 0.2283075701 	 0.0000000000 	 0.0000000000 	 0.0000000000 	 0.0000000000 	-0.0000000000 	 0.0000000000 	 0.7515544436 	
1095 	 1.3500983652 	300.0000000006 	 0.9242362171 	 0.0201379863 	 0.2283075701 	 0.0000000000 	 0.0000000000 	 0.0000000000 	 0.0000000000 	-0.0000000000 	 0.0000000000 	 0.7515544436 	
1096 	 1.3500983652 	300.0000000006 	 0.9242362171 	 0.0201379863 	 0.2283075701 	 0.0000000000 	 0.0000000000 	 0.0000000000 	 0.0000000000 	-0.0000000000 	 0.0000000000 	 0.7515544436 	
1097 	 1.3500983652 	300.0000000006 	 0.9242362171 	 0.0201379863 	 0.2283075701 	 0.0000000000 	 0.0000000000 	 0.0000000000 	 0.0000000000 	-0.0000000000 	 0.0000000000 	 0.7515544436 	
1098 	 1.3500983652 	300.0000000006 	 0.9242362171 	 0.0201379863 	 0.2283075701 	 0.0000000000 	 0.0000000000 	 0.0000000000 	 0.0000000000 	-0.0000000000 	 0.0000000000 	 0.7515544436 	
1099 	 1.3500983652 	300.0000000006 	 0.9242362171 	 0.0201379863 	 0.2283075701 	 0.0000000000 	 0.0000000000 	 0.0000000000 	 0.0000000000 	-0.0000000000 	 0.0000000000 	 0.7515544436 	
1100 	 1.3500983652 	300.0000000006 	 0.9242362171 	 0.0201379863 	 0.2283075701 	 0.0000000000 	 0.0000000000 	 0.0000000000 	 0.0000000000 	-0.0000000000 	 0.0000000000 	 0.7515544436 	
1101 	 1.3500983652 	300.0000000006 	 0.9242362171 	 0.0201379863 	 0.2283075701 	 0.0000000000 	 0.0000000000 	 0.0000000000 	 0.0000000000 	-0.0000000000 	 0.0000000000 	 0.7515544436 	
1102 	 1.3500983652 	300.0000000006 	 0.9242362171 	 0.0201379863 	 0.2283075701 	 0.0000000000 	 0.0000000000 	 0.0000000000 	 0.0000000000 	-0.0000000000 	 0.0000000000 	 0.7515544436 	
1103 	 1.3500983652 	300.0000000006 	 0.9242362171 	 0.0201379863 	 0.2283075701 	 0.0000000000 	 0.0000000000 	 0.0000000000 	 0.0000000000 	-0.0000000000 	 0.0000000000 	 0.7515544436 	
1104 	 1.3500983652 	300.0000000006 	 0.9242362171 	 0.0201379863 	 0.2283075701 	 0.0000000000 	 0.0000000000 	 0.0000000000 	 0.0000000000 	-0.0000000000 	 0.0000000000 	 0.7515544436 	
1105 	 1.3500983652 	300.0000000006 	 0.9242362171 	 0.0201379863 	 0.2283075701 	 0.0000000000 	 0.0000000000 	 0.0000000000 	 0.0000000000 	-0.0000000000 	 0.0000000000 	 0.7515544436 	
1106 	 1.3500983652 	300.0000000006 	 0.9242362171 	 0.0201379863 	 0.2283075701 	 0.0000000000 	 0.0000000000 	 0.0000000000 	 0.0000000000 	-0.0000000000 	 0.0000000000 	 0.7515544436 	
1107 	 1.3500983652 	300.0000000006 	 0.9242362171 	 0.0201379863 	 0.2283075701 	 0.0000000000 	 0.0000000000 	 0.0000000000 	 0.0000000000 	-0.0000000000 	 0.0000000000 	 0.7515544436 	
1108 	 1.3500983652 	300.0000000006 	 0.9242362171 	 0.0201379863 	 0.2283075701 	 0.0000000000 	 0.0000000000 	 0.0000000000 	 0.0000000000 	-0.0000000000 	 0.0000000000 	 0.7515544436 	
1109 	 1.3500983652 	300.0000000006 	 0.9242362171 	 0.0201379863 	 0.2283075701 	 0.0000000000 	 0.0000000000 	 0.0000000000 	 0.0000000000 	-0.0000000000 	 0.0000000000 	 0.7515544436 	
1110 	 1.3500983652 	300.0000000006 	 0.9242362171 	 0.0201379863 	 0.2283075701 	 0.0000000000 	 0.0000000000 	 0.0000000000 	 0.0000000000 	-0.0000000000 	 0.0000000000 	 0.7515544436 	
1111 	 1.3500983652 	300.0000000006 	 0.9242362171 	 0.0201379863 	 0.2283075701 	 0.0000000000 	 0.0000000000 	 0.0000000000 	 0.0000000000 	-0.0000000000 	 0.0000000000 	 0.7515544436 	
1112 	 1.3500983652 	300.0000000006 	 0.9242362171 	 0.0201379863 	 0.2283075701 	 0.0000000000 	 0.0000000000 	 0.0000000000 	 0.0000000000 	-0.0000000000 	 0.0000000000 	 0.7515544436 	
1113 	 1.3500983652 	300.0000000006 	 0.9242362171 	 0.0201379863 	 0.2283075701 	 0.0000000000 	 0.0000000000 	 0.0000000000 	 0.0000000000 	-0.0000000000 	 0.0000000000 	 0.7515544436 	
1114 	 1.3500983652 	300.0000000006 	 0.9242362171 	 0.0201379863 	 0.2283075701 	 0.0000000000 	 0.0000000000 	 0.0000000000 	 0.0000000000 	-0.0000000000 	 0.0000000000 	 0.7515544436 	
1115 	 1.3500983652 	300.0000000006 	 0.9242362171 	 0.0201379863 	 0.2283075701 	 0.0000000000 	 0.0000000000 	 0.0000000000 	 0.0000000000 	-0.0000000000 	 0.0000000000 	 0.7515544436 	
1116 	 1.3500983652 	300.0000000006 	 0.9242362171 	 0.0201379863 	 0.2283075701 	 0.0000000000 	 0.0000000000 	 0.0000000000 	 0.0000000000 	-0.0000000000 	 0.0000000000 	 0.7515544436 	
1117 	 1.3500983652 	300.0000000006 	 0.9242362171 	 0.0201379863 	 0.2283075701 	 0.0000000000 	 0.0000000000 	 0.0000000000 	 0.0000000000 	-0.0000000000 	 0.0000000000 	 0.7515544436 	
1118 	 1.3500983652 	300.0000000006 	 0.9242362171 	 0.0201379863 	 0.2283075701 	 0.0000000000 	 0.0000000000 	 0.0000000000 	 0.0000000000 	-0.0000000000 	 0.0000000000 	 0.7515544436 	
1119 	 1.3500983652 	300.0000000006 	 0.9242362171 	 0.0201379863 	 0.2283075701 	 0.0000000000 	 0.0000000000 	 0.0000000000 	 0.0000000000 	-0.0000000000 	 0.0000000000 	 0.7515544436 	
1120 	 1.3500983652 	300.0000000006 	 0.9242362171 	 0.0201379863 	 0.2283075701 	 0.0000000000 	 0.0000000000 	 0.0000000000 	 0.0000000000 	-0.0000000000 	 0.0000000000 	 0.7515544436 	
1121 	 1.3500983652 	300.0000000006 	 0.9242362171 	 0.0201379863 	 0.2283075701 	 0.0000000000 	 0.0000000000 	 0.0000000000 	 0.0000000000 	-0.0000000000 	 0.0000000000 	 0.7515544436 	
1122 	 1.3500983652 	300.0000000006 	 0.9242362171 	 0.0201379863 	 0.2283075701 	 0.0000000000 	 0.0000000000 	 0.0000000000 	 0.0000000000 	-0.0000000000 	 0.0000000000 	 0.7515544436 	
1123 	 1.3500983652 	300.0000000006 	 0.9242362171 	 0.0201379863 	 0.2283075701 	 0.0000000000 	 0.0000000000 	 0.0000000000 	 0.0000000000 	-0.0000000000 	 0.0000000000 	 0.7515544436 	
1124 	 1.3500983652 	300.0000000006 	 0.9242362171 	 0.0201379863 	 0.2283075701 	 0.0000000000 	 0.0000000000 	 0.0000000000 	 0.0000000000 	-0.0000000000 	 0.0000000000 	 0.7515544436 	
1125 	 1.3500983652 	300.0000000006 	 0.9242362171 	 0.0201379863 	 0.2283075701 	 0.0000000000 	 0.0000000000 	 0.0000000000 	 0.0000000000 	-0.0000000000 	 0.0000000000 	 0.7515544436 	
1126 	 1.3500983652 	300.0000000006 	 0.9242362171 	 0.0201379863 	 0.2283075701 	 0.0000000000 	 0.0000000000 	 0.0000000000 	 0.0000000000 	-0.0000000000 	 0.0000000000 	 0.7515544436 	
1127 	 1.3500983652 	300.0000000006 	 0.9242362171 	 0.0201379863 	 0.2283075701 	 0.0000000000 	 0.0000000000 	 0.0000000000 	 0.0000000000 	-0.0000000000 	 0.0000000000 	 0.7515544436 	
1128 	 1.3500983652 	300.0000000006 	 0.9242362171 	 0.0201379863 	 0.2283075701 	 0.0000000000 	 0.0000000000 	 0.0000000000 	 0.0000000000 	-0.0000000000 	 0.0000000000 	 0.7515544436 	
1129 	 1.3500983652 	300.0000000006 	 0.9242362171 	 0.0201379863 	 0.2283075701 	 0.0000000000 	 0.0000000000 	 0.0000000000 	 0.0000000000 	-0.0000000000 	 0.0000000000 	 0.7515544436 	
1130 	 1.3500983652 	300.0000000006 	 0.9242362171 	 0.0201379863 	 0.2283075701 	 0.0000000000 	 0.0000000000 	 0.0000000000 	 0.0000000000 	-0.0000000000 	 0.0000000000 	 0.7515544436 	
1131 	 1.3500983652 	300.0000000006 	 0.9242362171 	 0.0201379863 	 0.2283075701 	 0.0000000000 	 0.0000000000 	 0.0000000000 	 0.0000000000 	-0.0000000000 	 0.0000000000 	 0.7515544436 	
1132 	 1.3500983652 	300.0000000006 	 0.9242362171 	 0.0201379863 	 0.2283075701 	 0.0000000000 	 0.0000000000 	 0.0000000000 	 0.0000000000 	-0.0000000000 	 0.0000000000 	 0.7515544436 	
1133 	 1.3500983652 	300.0000000006 	 0.9242362171 	 0.0201379863 	 0.2283075701 	 0.0000000000 	 0.0000000000 	 0.0000000000 	 0.0000000000 	-0.0000000000 	 0.0000000000 	 0.7515544436 	
1134 	 1.3500983652 	300.0000000006 	 0.9242362171 	 0.0201379863 	 0.2283075701 	 0.0000000000 	 0.0000000000 	 0.0000000000 	 0.0000000000 	-0.0000000000 	 0.0000000000 	 0.7515544436 	
1135 	 1.3500983652 	300.0000000006 	 0.9242362171 	 0.0201379863 	 0.2283075701 	 0.0000000000 	 0.0000000000 	 0.0000000000 	 0.0000000000 	-0.0000000000 	 0.0000000000 	 0.7515544436 	
1136 	 1.3500983652 	300.0000000006 	 0.9242362171 	 0.0201379863 	 0.2283075701 	 0.0000000000 	 0.0000000000 	 0.0000000000 	 0.0000000000 	-0.0000000000 	 0.0000000000 	 0.7515544436 	
1137 	 1.3500983652 	300.0000000006 	 0.9242362171 	 0.0201379863 	 0.2283075701 	 0.0000000000 	 0.0000000000 	 0.0000000000 	 0.0000000000 	-0.0000000000 	 0.0000000000 	 0.7515544436 	
1138 	 1.3500983652 	300.0000000006 	 0.9242362171 	 0.0201379863 	 0.2283075701 	 0.0000000000 	 0.0000000000 	 0.0000000000 	 0.0000000000 	-0.0000000000 	 0.0000000000 	 0.7515544436 	
1139 	 1.3500983652 	300.0000000006 	 0.9242362171 	 0.0201379863 	 0.2283075701 	 0.0000000000 	 0.0000000000 	 0.0000000000 	 0.0000000000 	-0.0000000000 	 0.0000000000 	 0.7515544436 	
1140 	 1.3500983652 	300.0000000006 	 0.9242362171 	 0.0201379863 	 0.2283075701 	 0.0000000000 	 0.0000000000 	 0.0000000000 	 0.0000000000 	-0.0000000000 	 0.0000000000 	 0.7515544436 	
1141 	 1.3500983652 	300.0000000006 	 0.9242362171 	 0.0201379863 	 0.2283075701 	 0.0000000000 	 0.0000000000 	 0.0000000000 	 0.0000000000 	-0.0000000000 	 0.0000000000 	 0.7515544436 	
1142 	 1.3500983652 	300.0000000006 	 0.9242362171 	 0.0201379863 	 0.2283075701 	 0.0000000000 	 0.0000000000 	 0.0000000000 	 0.0000000000 	-0.0000000000 	 0.0000000000 	 0.7515544436 	
1143 	 1.3500983652 	300.0000000006 	 0.9242362171 	 0.0201379863 	 0.2283075701 	 0.0000000000 	 0.0000000000 	 0.0000000000 	 0.0000000000 	-0.0000000000 	 0.0000000000 	 0.7515544436 	
1144 	 1.3500983652 	300.0000000006 	 0.9242362171 	 0.0201379863 	 0.2283075701 	 0.0000000000 	 0.0000000000 	 0.0000000000 	 0.0000000000 	-0.0000000000 	 0.0000000000 	 0.7515544436 	
1145 	 1.3500983652 	300.0000000006 	 0.9242362171 	 0.0201379863 	 0.2283075701 	 0.0000000000 	 0.0000000000 	 0.0000000000 	 0.0000000000 	-0.0000000000 	 0.0000000000 	 0.7515544436 	
1146 	 1.3500983652 	300.0000000006 	 0.9242362171 	 0.0201379863 	 0.2283075701 	 0.0000000000 	 0.0000000000 	 0.0000000000 	 0.0000000000 	-0.0000000000 	 0.0000000000 	 0.7515544436 	
1147 	 1.3500983652 	300.0000000006 	 0.9242362171 	 0.0201379863 	 0.2283075701 	 0.0000000000 	 0.0000000000 	 0.0000000000 	 0.0000000000 	-0.0000000000 	 0.0000000000 	 0.7515544436 	
1148 	 1.3500983652 	300.0000000006 	 0.9242362171 	 0.0201379863 	 0.2283075701 	 0.0000000000 	 0.0000000000 	 0.0000000000 	 0.0000000000 	-0.0000000000 	 0.0000000000 	 0.7515544436 	
1149 	 1.3500983652 	300.0000000006 	 0.9242362171 	 0.0201379863 	 0.2283075701 	 0.0000000000 	 0.0000000000 	 0.0000000000 	 0.0000000000 	-0.0000000000 	 0.0000000000 	 0.7515544436 	
1150 	 1.3500983652 	300.0000000006 	 0.9242362171 	 0.0201379863 	 0.2283075701 	 0.0000000000 	 0.0000000000 	 0.0000000000 	 0.0000000000 	-0.0000000000 	 0.0000000000 	 0.7515544436 	
1151 	 1.3500983652 	300.0000000006 	 0.9242362171 	 0.0201379863 	 0.2283075701 	 0.0000000000 	 0.0000000000 	 0.0000000000 	 0.0000000000 	-0.0000000000 	 0.0000000000 	 0.7515544436 	
1152 	 1.3500983652 	300.0000000006 	 0.9242362171 	 0.0201379863 	 0.2283075701 	 0.0000000000 	 0.0000000000 	 0.0000000000 	 0.0000000000 	-0.0000000000 	 0.0000000000 	 0.7515544436 	
1153 	 1.3500983652 	300.0000000006 	 0.9242362171 	 0.0201379863 	 0.2283075701 	 0.0000000000 	 0.0000000000 	 0.0000000000 	 0.0000000000 	-0.0000000000 	 0.0000000000 	 0.7515544436 	
1154 	 1.3500983652 	300.0000000006 	 0.9242362171 	 0.0201379863 	 0.2283075701 	 0.0000000000 	 0.0000000000 	 0.0000000000 	 0.0000000000 	-0.0000000000 	 0.0000000000 	 0.7515544436 	
1155 	 1.3500983652 	300.0000000006 	 0.9242362171 	 0.0201379863 	 0.2283075701 	 0.0000000000 	 0.0000000000 	 0.0000000000 	 0.0000000000 	-0.0000000000 	 0.0000000000 	 0.7515544436 	
1156 	 1.3500983652 	300.0000000006 	 0.9242362171 	 0.0201379863 	 0.2283075701 	 0.0000000000 	 0.0000000000 	 0.0000000000 	 0.0000000000 	-0.0000000000 	 0.0000000000 	 0.7515544436 	
1157 	 1.3500983652 	300.0000000006 	 0.9242362171 	 0.0201379863 	 0.2283075701 	 0.0000000000 	 0.0000000000 	 0.0000000000 	 0.0000000000 	-0.0000000000 	 0.0000000000 	 0.7515544436 	
1158 	 1.3500983652 	300.0000000006 	 0.9242362171 	 0.0201379863 	 0.2283075701 	 0.0000000000 	 0.0000000000 	 0.0000000000 	 0.0000000000 	-0.0000000000 	 0.0000000000 	 0.7515544436 	
1159 	 1.3500983652 	300.0000000006 	 0.9242362171 	 0.0201379863 	 0.2283075701 	 0.0000000000 	 0.0000000000 	 0.0000000000 	 0.0000000000 	-0.0000000000 	 0.0000000000 	 0.7515544436 	
1160 	 1.3500983652 	300.0000000006 	 0.9242362171 	 0.0201379863 	 0.2283075701 	 0.0000000000 	 0.0000000000 	 0.0000000000 	 0.0000000000 	-0.0000000000 	 0.0000000000 	 0.7515544436 	
1161 	 1.3500983652 	300.0000000006 	 0.9242362171 	 0.0201379863 	 0.2283075701 	 0.0000000000 	 0.0000000000 	 0.0000000000 	 0.0000000000 	-0.0000000000 	 0.0000000000 	 0.7515544436 	
1162 	 1.3500983652 	300.0000000006 	 0.9242362171 	 0.0201379863 	 0.2283075701 	 0.0000000000 	 0.0000000000 	 0.0000000000 	 0.0000000000 	-0.0000000000 	 0.0000000000 	 0.7515544436 	
1163 	 1.3500983652 	300.0000000006 	 0.9242362171 	 0.0201379863 	 0.2283075701 	 0.0000000000 	 0.0000000000 	 0.0000000000 	 0.0000000000 	-0.0000000000 	 0.0000000000 	 0.7515544436 	
1164 	 1.3500983652 	300.0000000006 	 0.9242362171 	 0.0201379863 	 0.2283075701 	 0.0000000000 	 0.0000000000 	 0.0000000000 	 0.0000000000 	-0.0000000000 	 0.0000000000 	 0.7515544436 	
1165 	 1.3500983652 	300.0000000006 	 0.9242362171 	 0.0201379863 	 0.2283075701 	 0.0000000000 	 0.0000000000 	 0.0000000000 	 0.0000000000 	-0.0000000000 	 0.0000000000 	 0.7515544436 	
1166 	 1.3500983652 	300.0000000006 	 0.9242362171 	 0.0201379863 	 0.2283075701 	 0.0000000000 	 0.0000000000 	 0.0000000000 	 0.0000000000 	-0.0000000000 	 0.0000000000 	 0.7515544436 	
1167 	 1.3500983652 	300.0000000006 	 0.9242362171 	 0.0201379863 	 0.2283075701 	 0.0000000000 	 0.0000000000 	 0.0000000000 	 0.0000000000 	-0.0000000000 	 0.0000000000 	 0.7515544436 	
1168 	 1.3500983652 	300.0000000006 	 0.9242362171 	 0.0201379863 	 0.2283075701 	 0.0000000000 	 0.0000000000 	 0.0000000000 	 0.0000000000 	-0.0000000000 	 0.0000000000 	 0.7515544436 	
1169 	 1.3500983652 	300.0000000006 	 0.9242362171 	 0.0201379863 	 0.2283075701 	 0.0000000000 	 0.0000000000 	 0.0000000000 	 0.0000000000 	-0.0000000000 	 0.0000000000 	 0.7515544436 	
1170 	 1.3500983652 	300.0000000006 	 0.9242362171 	 0.0201379863 	 0.2283075701 	 0.0000000000 	 0.0000000000 	 0.0000000000 	 0.0000000000 	-0.0000000000 	 0.0000000000 	 0.7515544436 	
1171 	 1.3500983652 	300.0000000006 	 0.9242362171 	 0.0201379863 	 0.2283075701 	 0.0000000000 	 0.0000000000 	 0.0000000000 	 0.0000000000 	-0.0000000000 	 0.0000000000 	 0.7515544436 	
1172 	 1.3500983652 	300.0000000006 	 0.9242362171 	 0.0201379863 	 0.2283075701 	 0.0000000000 	 0.0000000000 	 0.0000000000 	 0.0000000000 	-0.0000000000 	 0.0000000000 	 0.7515544436 	
1173 	 1.3500983652 	300.0000000006 	 0.9242362171 	 0.0201379863 	 0.2283075701 	 0.0000000000 	 0.0000000000 	 0.0000000000 	 0.0000000000 	-0.0000000000 	 0.0000000000 	 0.7515544436 	
1174 	 1.3500983652 	300.0000000006 	 0.9242362171 	 0.0201379863 	 0.2283075701 	 0.0000000000 	 0.0000000000 	 0.0000000000 	 0.0000000000 	-0.0000000000 	 0.0000000000 	 0.7515544436 	
1175 	 1.3500983652 	300.0000000006 	 0.9242362171 	 0.0201379863 	 0.2283075701 	 0.0000000000 	 0.0000000000 	 0.0000000000 	 0.0000000000 	-0.0000000000 	 0.0000000000 	 0.7515544436 	
1176 	 1.3500983652 	300.0000000006 	 0.9242362171 	 0.0201379863 	 0.2283075701 	 0.0000000000 	 0.0000000000 	 0.0000000000 	 0.0000000000 	-0.0000000000 	 0.0000000000 	 0.7515544436 	
1177 	 1.3500983652 	300.0000000006 	 0.9242362171 	 0.0201379863 	 0.2283075701 	 0.0000000000 	 0.0000000000 	 0.0000000000 	 0.0000000000 	-0.0000000000 	 0.0000000000 	 0.7515544436 	
1178 	 1.3500983652 	300.0000000006 	 0.9242362171 	 0.0201379863 	 0.2283075701 	 0.0000000000 	 0.0000000000 	 0.0000000000 	 0.0000000000 	-0.0000000000 	 0.0000000000 	 0.7515544436 	
1179 	 1.3500983652 	300.0000000006 	 0.9242362171 	 0.0201379863 	 0.2283075701 	 0.0000000000 	 0.0000000000 	 0.0000000000 	 0.0000000000 	-0.0000000000 	 0.0000000000 	 0.7515544436 	
1180 	 1.3500983652 	300.0000000006 	 0.9242362171 	 0.0201379863 	 0.2283075701 	 0.0000000000 	 0.0000000000 	 0.0000000000 	 0.0000000000 	-0.0000000000 	 0.0000000000 	 0.7515544436 	
1181 	 1.3500983652 	300.0000000006 	 0.9242362171 	 0.0201379863 	 0.2283075701 	 0.0000000000 	 0.0000000000 	 0.0000000000 	 0.0000000000 	-0.0000000000 	 0.0000000000 	 0.7515544436 	
1182 	 1.3500983652 	300.0000000006 	 0.9242362171 	 0.0201379863 	 0.2283075701 	 0.0000000000 	 0.0000000000 	 0.0000000000 	 0.0000000000 	-0.0000000000 	 0.0000000000 	 0.7515544436 	
1183 	 1.3500983652 	300.0000000006 	 0.9242362171 	 0.0201379863 	 0.2283075701 	 0.0000000000 	 0.0000000000 	 0.0000000000 	 0.0000000000 	-0.0000000000 	 0.0000000000 	 0.7515544436 	
1184 	 1.3500983652 	300.0000000006 	 0.9242362171 	 0.0201379863 	 0.2283075701 	 0.0000000000 	 0.0000000000 	 0.0000000000 	 0.0000000000 	-0.0000000000 	 0.0000000000 	 0.7515544436 	
1185 	 1.3500983651 	300.0000000006 	 0.9242362171 	 0.0201379863 	 0.2283075701 	 0.0000000000 	 0.0000000000 	 0.0000000000 	 0.0000000000 	-0.0000000000 	 0.0000000000 	 0.7515544436 	
1186 	 1.3500983651 	300.0000000006 	 0.9242362171 	 0.0201379863 	 0.2283075701 	 0.0000000000 	 0.0000000000 	 0.0000000000 	 0.0000000000 	-0.0000000000 	 0.0000000000 	 0.7515544436 	
1187 	 1.3500983651 	300.0000000006 	 0.9242362171 	 0.0201379863 	 0.2283075701 	 0.0000000000 	 0.0000000000 	 0.0000000000 	 0.0000000000 	-0.0000000000 	 0.0000000000 	 0.7515544436 	
1188 	 1.3500983651 	300.0000000006 	 0.9242362171 	 0.0201379863 	 0.2283075701 	 0.0000000000 	 0.0000000000 	 0.0000000000 	 0.0000000000 	-0.0000000000 	 0.0000000000 	 0.7515544436 	
1189 	 1.3500983651 	300.0000000006 	 0.9242362171 	 0.0201379863 	 0.2283075701 	 0.0000000000 	 0.0000000000 	 0.0000000000 	 0.0000000000 	-0.0000000000 	 0.0000000000 	 0.7515544436 	
1190 	 1.3500983651 	300.0000000006 	 0.9242362171 	 0.0201379863 	 0.2283075701 	 0.0000000000 	 0.0000000000 	 0.0000000000 	 0.0000000000 	-0.0000000000 	 0.0000000000 	 0.7515544436 	
1191 	 1.3500983651 	300.0000000006 	 0.9242362171 	 0.0201379863 	 0.2283075701 	 0.0000000000 	 0.0000000000 	 0.0000000000 	 0.0000000000 	-0.0000000000 	 0.0000000000 	 0.7515544436 	
1192 	 1.3500983651 	300.0000000006 	 0.9242362171 	 0.0201379863 	 0.2283075701 	 0.0000000000 	 0.0000000000 	 0.0000000000 	 0.0000000000 	-0.0000000000 	 0.0000000000 	 0.7515544436 	
1193 	 1.3500983651 	300.0000000006 	 0.9242362171 	 0.0201379863 	 0.2283075701 	 0.0000000000 	 0.0000000000 	 0.0000000000 	 0.0000000000 	-0.0000000000 	 0.0000000000 	 0.7515544436 	
1194 	 1.3500983651 	300.0000000006 	 0.9242362171 	 0.0201379863 	 0.2283075701 	 0.0000000000 	 0.0000000000 	 0.0000000000 	 0.0000000000 	-0.0000000000 	 0.0000000000 	 0.7515544436 	
1195 	 1.3500983651 	300.0000000006 	 0.9242362171 	 0.0201379863 	 0.2283075701 	 0.0000000000 	 0.0000000000 	 0.0000000000 	 0.0000000000 	-0.0000000000 	 0.0000000000 	 0.7515544436 	
1196 	 1.3500983651 	300.0000000006 	 0.9242362171 	 0.0201379863 	 0.2283075701 	 0.0000000000 	 0.0000000000 	 0.0000000000 	 0.0000000000 	-0.0000000000 	 0.0000000000 	 0.7515544436 	
1197 	 1.3500983651 	300.0000000006 	 0.9242362171 	 0.0201379863 	 0.2283075701 	 0.0000000000 	 0.0000000000 	 0.0000000000 	 0.0000000000 	-0.0000000000 	 0.0000000000 	 0.7515544436 	
1198 	 1.3500983651 	300.0000000006 	 0.9242362171 	 0.0201379863 	 0.2283075701 	 0.0000000000 	 0.0000000000 	 0.0000000000 	 0.0000000000 	-0.0000000000 	 0.0000000000 	 0.7515544436 	
1199 	 1.3500983651 	300.0000000006 	 0.9242362171 	 0.0201379863 	 0.2283075701 	 0.0000000000 	 0.0000000000 	 0.0000000000 	 0.0000000000 	-0.0000000000 	 0.0000000000 	 0.7515544436 	
1200 	 1.3500983651 	300.0000000006 	 0.9242362171 	 0.0201379863 	 0.2283075701 	 0.0000000000 	 0.0000000000 	 0.0000000000 	 0.0000000000 	-0.0000000000 	 0.0000000000 	 0.7515544436 	
1201 	 1.3500983651 	300.0000000006 	 0.9242362171 	 0.0201379863 	 0.2283075701 	 0.0000000000 	 0.0000000000 	 0.0000000000 	 0.0000000000 	-0.0000000000 	 0.0000000000 	 0.7515544436 	
1202 	 1.3500983651 	300.0000000006 	 0.9242362171 	 0.0201379863 	 0.2283075701 	 0.0000000000 	 0.0000000000 	 0.0000000000 	 0.0000000000 	-0.0000000000 	 0.0000000000 	 0.7515544436 	
1203 	 1.3500983651 	300.0000000006 	 0.9242362171 	 0.0201379863 	 0.2283075701 	 0.0000000000 	 0.0000000000 	 0.0000000000 	 0.0000000000 	-0.0000000000 	 0.0000000000 	 0.7515544436 	
1204 	 1.3500983651 	300.0000000006 	 0.9242362171 	 0.0201379863 	 0.2283075701 	 0.0000000000 	 0.0000000000 	 0.0000000000 	 0.0000000000 	-0.0000000000 	 0.0000000000 	 0.7515544436 	
1205 	 1.3500983651 	300.0000000006 	 0.9242362171 	 0.0201379863 	 0.2283075701 	 0.0000000000 	 0.0000000000 	 0.0000000000 	 0.0000000000 	-0.0000000000 	 0.0000000000 	 0.7515544436 	
1206 	 1.3500983651 	300.0000000006 	 0.9242362171 	 0.0201379863 	 0.2283075701 	 0.0000000000 	 0.0000000000 	 0.0000000000 	 0.0000000000 	-0.0000000000 	 0.0000000000 	 0.7515544436 	
1207 	 1.3500983651 	300.0000000006 	 0.9242362171 	 0.0201379863 	 0.2283075701 	 0.0000000000 	 0.0000000000 	 0.0000000000 	 0.0000000000 	-0.0000000000 	 0.0000000000 	 0.7515544436 	
1208 	 1.3500983651 	300.0000000006 	 0.9242362171 	 0.0201379863 	 0.2283075701 	 0.0000000000 	 0.0000000000 	 0.0000000000 	 0.0000000000 	-0.0000000000 	 0.0000000000 	 0.7515544436 	
1209 	 1.3500983651 	300.0000000006 	 0.9242362171 	 0.0201379863 	 0.2283075701 	 0.0000000000 	 0.0000000000 	 0.0000000000 	 0.0000000000 	-0.0000000000 	 0.0000000000 	 0.7515544436 	
1210 	 1.3500983651 	300.0000000006 	 0.9242362171 	 0.0201379863 	 0.2283075701 	 0.0000000000 	 0.0000000000 	 0.0000000000 	 0.0000000000 	-0.0000000000 	 0.0000000000 	 0.7515544436 	
1211 	 1.3500983651 	300.0000000006 	 0.9242362171 	 0.0201379863 	 0.2283075701 	 0.0000000000 	 0.0000000000 	 0.0000000000 	 0.0000000000 	-0.0000000000 	 0.0000000000 	 0.7515544436 	
1212 	 1.3500983651 	300.0000000006 	 0.9242362171 	 0.0201379863 	 0.2283075701 	 0.0000000000 	 0.0000000000 	 0.0000000000 	 0.0000000000 	-0.0000000000 	 0.0000000000 	 0.7515544436 	
1213 	 1.3500983651 	300.0000000006 	 0.9242362171 	 0.0201379863 	 0.2283075701 	 0.0000000000 	 0.0000000000 	 0.0000000000 	 0.0000000000 	-0.0000000000 	 0.0000000000 	 0.7515544436 	
1214 	 1.3500983651 	300.0000000006 	 0.9242362171 	 0.0201379863 	 0.2283075701 	 0.0000000000 	 0.0000000000 	 0.0000000000 	 0.0000000000 	-0.0000000000 	 0.0000000000 	 0.7515544436 	
1215 	 1.3500983651 	300.0000000006 	 0.9242362171 	 0.0201379863 	 0.2283075701 	 0.0000000000 	 0.0000000000 	 0.0000000000 	 0.0000000000 	-0.0000000000 	 0.0000000000 	 0.7515544436 	
1216 	 1.3500983651 	300.0000000006 	 0.9242362171 	 0.0201379863 	 0.2283075701 	 0.0000000000 	 0.0000000000 	 0.0000000000 	 0.0000000000 	-0.0000000000 	 0.0000000000 	 0.7515544436 	
1217 	 1.3500983651 	300.0000000006 	 0.9242362171 	 0.0201379863 	 0.2283075701 	 0.0000000000 	 0.0000000000 	 0.0000000000 	 0.0000000000 	-0.0000000000 	 0.0000000000 	 0.7515544436 	
1218 	 1.3500983651 	300.0000000006 	 0.9242362171 	 0.0201379863 	 0.2283075701 	 0.0000000000 	 0.0000000000 	 0.0000000000 	 0.0000000000 	-0.0000000000 	 0.0000000000 	 0.7515544436 	
1219 	 1.3500983651 	300.0000000006 	 0.9242362171 	 0.0201379863 	 0.2283075701 	 0.0000000000 	 0.0000000000 	 0.0000000000 	 0.0000000000 	-0.0000000000 	 0.0000000000 	 0.7515544436 	
1220 	 1.3500983651 	300.0000000006 	 0.9242362171 	 0.0201379863 	 0.2283075701 	 0.0000000000 	 0.0000000000 	 0.0000000000 	 0.0000000000 	-0.0000000000 	 0.0000000000 	 0.7515544436 	
1221 	 1.3500983651 	300.0000000006 	 0.9242362171 	 0.0201379863 	 0.2283075701 	 0.0000000000 	 0.0000000000 	 0.0000000000 	 0.0000000000 	-0.0000000000 	 0.0000000000 	 0.7515544436 	
1222 	 1.3500983651 	300.0000000006 	 0.9242362171 	 0.0201379863 	 0.2283075701 	 0.0000000000 	 0.0000000000 	 0.0000000000 	 0.0000000000 	-0.0000000000 	 0.0000000000 	 0.7515544436 	
1223 	 1.3500983651 	300.0000000006 	 0.9242362171 	 0.0201379863 	 0.2283075701 	 0.0000000000 	 0.0000000000 	 0.0000000000 	 0.0000000000 	-0.0000000000 	 0.0000000000 	 0.7515544436 	
1224 	 1.3500983651 	300.0000000006 	 0.9242362171 	 0.0201379863 	 0.2283075701 	 0.0000000000 	 0.0000000000 	 0.0000000000 	 0.0000000000 	-0.0000000000 	 0.0000000000 	 0.7515544436 	
1225 	 1.3500983651 	300.0000000006 	 0.9242362171 	 0.0201379863 	 0.2283075701 	 0.0000000000 	 0.0000000000 	 0.0000000000 	 0.0000000000 	-0.0000000000 	 0.0000000000 	 0.7515544436 	
1226 	 1.3500983651 	300.0000000006 	 0.9242362171 	 0.0201379863 	 0.2283075701 	 0.0000000000 	 0.0000000000 	 0.0000000000 	 0.0000000000 	-0.0000000000 	 0.0000000000 	 0.7515544436 	
1227 	 1.3500983651 	300.0000000006 	 0.9242362171 	 0.0201379863 	 0.2283075701 	 0.0000000000 	 0.0000000000 	 0.0000000000 	 0.0000000000 	-0.0000000000 	 0.0000000000 	 0.7515544436 	
1228 	 1.3500983651 	300.0000000006 	 0.9242362171 	 0.0201379863 	 0.2283075701 	 0.0000000000 	 0.0000000000 	 0.0000000000 	 0.0000000000 	-0.0000000000 	 0.0000000000 	 0.7515544436 	
1229 	 1.3500983651 	300.0000000006 	 0.9242362171 	 0.0201379863 	 0.2283075701 	 0.0000000000 	 0.0000000000 	 0.0000000000 	 0.0000000000 	-0.0000000000 	 0.0000000000 	 0.7515544436 	
1230 	 1.3500983651 	300.0000000006 	 0.9242362171 	 0.0201379863 	 0.2283075701 	 0.0000000000 	 0.0000000000 	 0.0000000000 	 0.0000000000 	-0.0000000000 	 0.0000000000 	 0.7515544436 	
1231 	 1.3500983651 	300.0000000006 	 0.9242362171 	 0.0201379863 	 0.2283075701 	 0.0000000000 	 0.0000000000 	 0.0000000000 	 0.0000000000 	-0.0000000000 	 0.0000000000 	 0.7515544436 	
1232 	 1.3500983651 	300.0000000006 	 0.9242362171 	 0.0201379863 	 0.2283075701 	 0.0000000000 	 0.0000000000 	 0.0000000000 	 0.0000000000 	-0.0000000000 	 0.0000000000 	 0.7515544436 	
1233 	 1.3500983651 	300.0000000006 	 0.9242362171 	 0.0201379863 	 0.2283075701 	 0.0000000000 	 0.0000000000 	 0.0000000000 	 0.0000000000 	-0.0000000000 	 0.0000000000 	 0.7515544436 	
1234 	 1.3500983651 	300.0000000006 	 0.9242362171 	 0.0201379863 	 0.2283075701 	 0.0000000000 	 0.0000000000 	 0.0000000000 	 0.0000000000 	-0.0000000000 	 0.0000000000 	 0.7515544436 	
1235 	 1.3500983651 	300.0000000006 	 0.9242362171 	 0.0201379863 	 0.2283075701 	 0.0000000000 	 0.0000000000 	 0.0000000000 	 0.0000000000 	-0.0000000000 	 0.0000000000 	 0.7515544436 	
1236 	 1.3500983651 	300.0000000006 	 0.9242362171 	 0.0201379863 	 0.2283075701 	 0.0000000000 	 0.0000000000 	 0.0000000000 	 0.0000000000 	-0.0000000000 	 0.0000000000 	 0.7515544436 	
1237 	 1.3500983651 	300.0000000006 	 0.9242362172 	 0.0201379863 	 0.2283075701 	 0.0000000000 	 0.0000000000 	 0.0000000000 	 0.0000000000 	-0.0000000000 	 0.0000000000 	 0.7515544436 	
1238 	 1.3500983651 	300.0000000006 	 0.9242362172 	 0.0201379863 	 0.2283075701 	 0.0000000000 	 0.0000000000 	 0.0000000000 	 0.0000000000 	-0.0000000000 	 0.0000000000 	 0.7515544436 	
1239 	 1.3500983650 	300.0000000006 	 0.9242362172 	 0.0201379863 	 0.2283075701 	 0.0000000000 	 0.0000000000 	 0.0000000000 	 0.0000000000 	-0.0000000000 	 0.0000000000 	 0.7515544436 	
1240 	 1.3500983650 	300.0000000006 	 0.9242362172 	 0.0201379863 	 0.2283075701 	 0.0000000000 	 0.0000000000 	 0.0000000000 	 0.0000000000 	-0.0000000000 	 0.0000000000 	 0.7515544436 	
1241 	 1.3500983650 	300.0000000006 	 0.9242362172 	 0.0201379863 	 0.2283075701 	 0.0000000000 	 0.0000000000 	 0.0000000000 	 0.0000000000 	-0.0000000000 	 0.0000000000 	 0.7515544436 	
1242 	 1.3500983650 	300.0000000006 	 0.9242362172 	 0.0201379863 	 0.2283075701 	 0.0000000000 	 0.0000000000 	 0.0000000000 	 0.0000000000 	-0.0000000000 	 0.0000000000 	 0.7515544436 	
1243 	 1.3500983650 	300.0000000006 	 0.9242362172 	 0.0201379863 	 0.2283075701 	 0.0000000000 	 0.0000000000 	 0.0000000000 	 0.0000000000 	-0.0000000000 	 0.0000000000 	 0.7515544436 	
1244 	 1.3500983650 	300.0000000006 	 0.9242362172 	 0.0201379863 	 0.2283075701 	 0.0000000000 	 0.0000000000 	 0.0000000000 	 0.0000000000 	-0.0000000000 	 0.0000000000 	 0.7515544436 	
1245 	 1.3500983650 	300.0000000006 	 0.9242362172 	 0.0201379863 	 0.2283075701 	 0.0000000000 	 0.0000000000 	 0.0000000000 	 0.0000000000 	-0.0000000000 	 0.0000000000 	 0.7515544436 	
1246 	 1.3500983650 	300.0000000006 	 0.9242362172 	 0.0201379863 	 0.2283075701 	 0.0000000000 	 0.0000000000 	 0.0000000000 	 0.0000000000 	-0.0000000000 	 0.0000000000 	 0.7515544436 	
1247 	 1.3500983650 	300.0000000006 	 0.9242362172 	 0.0201379863 	 0.2283075701 	 0.0000000000 	 0.0000000000 	 0.0000000000 	 0.0000000000 	-0.0000000000 	 0.0000000000 	 0.7515544436 	
1248 	 1.3500983650 	300.0000000006 	 0.9242362172 	 0.0201379863 	 0.2283075701 	 0.0000000000 	 0.0000000000 	 0.0000000000 	 0.0000000000 	-0.0000000000 	 0.0000000000 	 0.7515544436 	
1249 	 1.3500983650 	300.0000000006 	 0.9242362172 	 0.0201379863 	 0.2283075701 	 0.0000000000 	 0.0000000000 	 0.0000000000 	 0.0000000000 	-0.0000000000 	 0.0000000000 	 0.7515544436 	
1250 	 1.3500983650 	300.0000000006 	 0.9242362172 	 0.0201379863 	 0.2283075701 	 0.0000000000 	 0.0000000000 	 0.0000000000 	 0.0000000000 	-0.0000000000 	 0.0000000000 	 0.7515544436 	
1251 	 1.3500983650 	300.0000000006 	 0.9242362172 	 0.0201379863 	 0.2283075701 	 0.0000000000 	 0.0000000000 	 0.0000000000 	 0.0000000000 	-0.0000000000 	 0.0000000000 	 0.7515544436 	
1252 	 1.3500983650 	300.0000000006 	 0.9242362172 	 0.0201379863 	 0.2283075701 	 0.0000000000 	 0.0000000000 	 0.0000000000 	 0.0000000000 	-0.0000000000 	 0.0000000000 	 0.7515544436 	
1253 	 1.3500983649 	300.0000000006 	 0.9242362172 	 0.0201379863 	 0.2283075701 	 0.0000000000 	 0.0000000000 	 0.0000000000 	 0.0000000000 	-0.0000000000 	 0.0000000000 	 0.7515544436 	
1254 	 1.3500983649 	300.0000000006 	 0.9242362172 	 0.0201379863 	 0.2283075701 	 0.0000000000 	 0.0000000000 	 0.0000000000 	 0.0000000000 	-0.0000000000 	 0.0000000000 	 0.7515544436 	
1255 	 1.3500983649 	300.0000000006 	 0.9242362172 	 0.0201379863 	 0.2283075701 	 0.0000000000 	 0.0000000000 	 0.0000000000 	 0.0000000000 	-0.0000000000 	 0.0000000000 	 0.7515544436 	
1256 	 1.3500983649 	300.0000000006 	 0.9242362172 	 0.0201379863 	 0.2283075701 	 0.0000000000 	 0.0000000000 	 0.0000000000 	 0.0000000000 	-0.0000000000 	 0.0000000000 	 0.7515544436 	
1257 	 1.3500983649 	300.0000000006 	 0.9242362172 	 0.0201379863 	 0.2283075701 	 0.0000000000 	 0.0000000000 	 0.0000000000 	 0.0000000000 	-0.0000000000 	 0.0000000000 	 0.7515544436 	
1258 	 1.3500983649 	300.0000000006 	 0.9242362173 	 0.0201379863 	 0.2283075701 	 0.0000000000 	 0.0000000000 	 0.0000000000 	 0.0000000000 	-0.0000000000 	 0.0000000000 	 0.7515544436 	
1259 	 1.3500983649 	300.0000000006 	 0.9242362173 	 0.0201379863 	 0.2283075701 	 0.0000000000 	 0.0000000000 	 0.0000000000 	 0.0000000000 	-0.0000000000 	 0.0000000000 	 0.7515544436 	
1260 	 1.3500983649 	300.0000000006 	 0.9242362173 	 0.0201379863 	 0.2283075701 	 0.0000000000 	 0.0000000000 	 0.0000000000 	 0.0000000000 	-0.0000000000 	 0.0000000000 	 0.7515544436 	
1261 	 1.3500983649 	300.0000000006 	 0.9242362173 	 0.0201379863 	 0.2283075701 	 0.0000000000 	 0.0000000000 	 0.0000000000 	 0.0000000000 	-0.0000000000 	 0.0000000000 	 0.7515544436 	
1262 	 1.3500983649 	300.0000000006 	 0.9242362173 	 0.0201379863 	 0.2283075701 	 0.0000000000 	 0.0000000000 	 0.0000000000 	 0.0000000000 	-0.0000000000 	 0.0000000000 	 0.7515544436 	
1263 	 1.3500983649 	300.0000000006 	 0.9242362173 	 0.0201379863 	 0.2283075701 	 0.0000000000 	 0.0000000000 	 0.0000000000 	 0.0000000000 	-0.0000000000 	 0.0000000000 	 0.7515544436 	
1264 	 1.3500983649 	300.0000000006 	 0.9242362173 	 0.0201379863 	 0.2283075701 	 0.0000000000 	 0.0000000000 	 0.0000000000 	 0.0000000000 	-0.0000000000 	 0.0000000000 	 0.7515544436 	
1265 	 1.3500983649 	300.0000000006 	 0.9242362173 	 0.0201379863 	 0.2283075701 	 0.0000000000 	 0.0000000000 	 0.0000000000 	 0.0000000000 	-0.0000000000 	 0.0000000000 	 0.7515544436 	
1266 	 1.3500983649 	300.0000000006 	 0.9242362173 	 0.0201379863 	 0.2283075701 	 0.0000000000 	 0.0000000000 	 0.0000000000 	 0.0000000000 	-0.0000000000 	 0.0000000000 	 0.7515544436 	
1267 	 1.3500983649 	300.0000000006 	 0.9242362173 	 0.0201379863 	 0.2283075701 	 0.0000000000 	 0.0000000000 	 0.0000000000 	 0.0000000000 	-0.0000000000 	 0.0000000000 	 0.7515544436 	
1268 	 1.3500983648 	300.0000000006 	 0.9242362173 	 0.0201379863 	 0.2283075701 	 0.0000000000 	 0.0000000000 	 0.0000000000 	 0.0000000000 	-0.0000000000 	 0.0000000000 	 0.7515544436 	
1269 	 1.3500983648 	300.0000000006 	 0.9242362173 	 0.0201379863 	 0.2283075701 	 0.0000000000 	 0.0000000000 	 0.0000000000 	 0.0000000000 	-0.0000000000 	 0.0000000000 	 0.7515544436 	
1270 	 1.3500983648 	300.0000000006 	 0.9242362173 	 0.0201379863 	 0.2283075701 	 0.0000000000 	 0.0000000000 	 0.0000000000 	 0.0000000000 	-0.0000000000 	 0.0000000000 	 0.7515544436 	
1271 	 1.3500983648 	300.0000000006 	 0.9242362173 	 0.0201379863 	 0.2283075701 	 0.0000000000 	 0.0000000000 	 0.0000000000 	 0.0000000000 	-0.0000000000 	 0.0000000000 	 0.7515544436 	
1272 	 1.3500983648 	300.0000000006 	 0.9242362173 	 0.0201379863 	 0.2283075701 	 0.0000000000 	 0.0000000000 	 0.0000000000 	 0.0000000000 	-0.0000000000 	 0.0000000000 	 0.7515544436 	
1273 	 1.3500983648 	300.0000000006 	 0.9242362173 	 0.0201379863 	 0.2283075701 	 0.0000000000 	 0.0000000000 	 0.0000000000 	 0.0000000000 	-0.0000000000 	 0.0000000000 	 0.7515544436 	
1274 	 1.3500983648 	300.0000000006 	 0.9242362173 	 0.0201379863 	 0.2283075701 	 0.0000000000 	 0.0000000000 	 0.0000000000 	 0.0000000000 	-0.0000000000 	 0.0000000000 	 0.7515544436 	
1275 	 1.3500983648 	300.0000000006 	 0.9242362173 	 0.0201379863 	 0.2283075701 	 0.0000000000 	 0.0000000000 	 0.0000000000 	 0.0000000000 	-0.0000000000 	 0.0000000000 	 0.7515544436 	
1276 	 1.3500983648 	300.0000000006 	 0.9242362173 	 0.0201379863 	 0.2283075701 	 0.0000000000 	 0.0000000000 	 0.0000000000 	 0.0000000000 	-0.0000000000 	 0.0000000000 	 0.7515544436 	
1277 	 1.3500983648 	300.0000000006 	 0.9242362173 	 0.0201379863 	 0.2283075701 	 0.0000000000 	 0.0000000000 	 0.0000000000 	 0.0000000000 	-0.0000000000 	 0.0000000000 	 0.7515544436 	
1278 	 1.3500983648 	300.0000000006 	 0.9242362173 	 0.0201379863 	 0.2283075701 	 0.0000000000 	 0.0000000000 	 0.0000000000 	 0.0000000000 	-0.0000000000 	 0.0000000000 	 0.7515544436 	
1279 	 1.3500983647 	300.0000000006 	 0.9242362174 	 0.0201379863 	 0.2283075701 	 0.0000000000 	 0.0000000000 	 0.0000000000 	 0.0000000000 	-0.0000000000 	 0.0000000000 	 0.7515544437 	
1280 	 1.3500983647 	300.0000000007 	 0.9242362174 	 0.0201379863 	 0.2283075701 	 0.0000000000 	 0.0000000000 	 0.0000000000 	 0.0000000000 	-0.0000000000 	 0.0000000000 	 0.7515544437 	
1281 	 1.3500983646 	300.0000000007 	 0.9242362174 	 0.0201379863 	 0.2283075701 	 0.0000000000 	 0.0000000000 	 0.0000000000 	 0.0000000000 	-0.0000000000 	 0.0000000000 	 0.7515544437 	
1282 	 1.3500983646 	300.0000000007 	 0.9242362175 	 0.0201379863 	 0.2283075701 	 0.0000000000 	 0.0000000000 	 0.0000000000 	 0.0000000000 	-0.0000000000 	 0.0000000000 	 0.7515544437 	
1283 	 1.3500983645 	300.0000000007 	 0.9242362175 	 0.0201379863 	 0.2283075701 	 0.0000000000 	 0.0000000000 	 0.0000000000 	 0.0000000000 	-0.0000000000 	 0.0000000000 	 0.7515544437 	
1284 	 1.3500983645 	300.0000000007 	 0.9242362176 	 0.0201379863 	 0.2283075701 	 0.0000000000 	 0.0000000000 	 0.0000000000 	 0.0000000000 	-0.0000000000 	 0.0000000000 	 0.7515544437 	
1285 	 1.3500983644 	300.0000000007 	 0.9242362176 	 0.0201379863 	 0.2283075701 	 0.0000000000 	 0.0000000000 	 0.0000000000 	 0.0000000000 	-0.0000000000 	 0.0000000000 	 0.7515544437 	
1286 	 1.3500983644 	300.0000000007 	 0.9242362176 	 0.0201379862 	 0.2283075701 	 0.0000000000 	 0.0000000000 	 0.0000000000 	 0.0000000000 	-0.0000000000 	 0.0000000000 	 0.7515544437 	
1287 	 1.3500983643 	300.0000000007 	 0.9242362177 	 0.0201379862 	 0.2283075701 	 0.0000000000 	 0.0000000000 	 0.0000000000 	 0.0000000000 	-0.0000000000 	 0.0000000000 	 0.7515544437 	
1288 	 1.3500983643 	300.0000000007 	 0.9242362177 	 0.0201379862 	 0.2283075701 	 0.0000000000 	 0.0000000000 	 0.0000000000 	 0.0000000000 	-0.0000000000 	 0.0000000000 	 0.7515544437 	
1289 	 1.3500983642 	300.0000000007 	 0.9242362177 	 0.0201379862 	 0.2283075701 	 0.0000000000 	 0.0000000000 	 0.0000000000 	 0.0000000000 	-0.0000000000 	 0.0000000000 	 0.7515544437 	
1290 	 1.3500983641 	300.0000000007 	 0.9242362178 	 0.0201379862 	 0.2283075701 	 0.0000000000 	 0.0000000000 	 0.0000000000 	 0.0000000000 	-0.0000000000 	 0.0000000000 	 0.7515544437 	
1291 	 1.3500983641 	300.0000000007 	 0.9242362178 	 0.0201379862 	 0.2283075701 	 0.0000000000 	 0.0000000000 	 0.0000000000 	 0.0000000000 	-0.0000000000 	 0.0000000000 	 0.7515544437 	
1292 	 1.3500983640 	300.0000000007 	 0.9242362178 	 0.0201379862 	 0.2283075701 	 0.0000000000 	 0.0000000000 	 0.0000000000 	 0.0000000000 	-0.0000000000 	 0.0000000000 	 0.7515544437 	
1293 	 1.3500983640 	300.0000000007 	 0.9242362179 	 0.0201379862 	 0.2283075701 	 0.0000000000 	 0.0000000000 	 0.0000000000 	 0.0000000000 	-0.0000000000 	 0.0000000000 	 0.7515544437 	
1294 	 1.3500983639 	300.0000000007 	 0.9242362179 	 0.0201379862 	 0.2283075701 	 0.0000000000 	 0.0000000000 	 0.0000000000 	 0.0000000000 	-0.0000000000 	 0.0000000000 	 0.7515544437 	
1295 	 1.3500983639 	300.0000000007 	 0.9242362180 	 0.0201379862 	 0.2283075701 	 0.0000000000 	 0.0000000000 	 0.0000000000 	 0.0000000000 	-0.0000000000 	 0.0000000000 	 0.7515544437 	
1296 	 1.3500983638 	300.0000000007 	 0.9242362180 	 0.0201379862 	 0.2283075701 	 0.0000000000 	 0.0000000000 	 0.0000000000 	 0.0000000000 	-0.0000000000 	 0.0000000000 	 0.7515544437 	
1297 	 1.3500983638 	300.0000000007 	 0.9242362180 	 0.0201379862 	 0.2283075701 	 0.0000000000 	 0.0000000000 	 0.0000000000 	 0.0000000000 	-0.0000000000 	 0.0000000000 	 0.7515544437 	
1298 	 1.3500983637 	300.0000000007 	 0.9242362181 	 0.0201379862 	 0.2283075701 	 0.0000000000 	 0.0000000000 	 0.0000000000 	 0.0000000000 	-0.0000000000 	 0.0000000000 	 0.7515544437 	
1299 	 1.3500983637 	300.0000000007 	 0.9242362181 	 0.0201379862 	 0.2283075701 	 0.0000000000 	 0.0000000000 	 0.0000000000 	 0.0000000000 	-0.0000000000 	 0.0000000000 	 0.7515544437 	
1300 	 1.3500983636 	300.0000000007 	 0.9242362181 	 0.0201379862 	 0.2283075701 	 0.0000000000 	 0.0000000000 	 0.0000000000 	 0.0000000000 	-0.0000000000 	 0.0000000000 	 0.7515544437 	
1301 	 1.3500983636 	300.0000000007 	 0.9242362182 	 0.0201379862 	 0.2283075701 	 0.0000000000 	 0.0000000000 	 0.0000000000 	 0.0000000000 	-0.0000000000 	 0.0000000000 	 0.7515544437 	
1302 	 1.3500983635 	300.0000000007 	 0.9242362182 	 0.0201379862 	 0.2283075701 	 0.0000000000 	 0.0000000000 	 0.0000000000 	 0.0000000000 	-0.0000000000 	 0.0000000000 	 0.7515544437 	
1303 	 1.3500983635 	300.0000000007 	 0.9242362183 	 0.0201379862 	 0.2283075701 	 0.0000000000 	 0.0000000000 	 0.0000000000 	 0.0000000000 	-0.0000000000 	 0.0000000000 	 0.7515544437 	
1304 	 1.3500983634 	300.0000000007 	 0.9242362183 	 0.0201379862 	 0.2283075701 	 0.0000000000 	 0.0000000000 	 0.0000000000 	 0.0000000000 	-0.0000000000 	 0.0000000000 	 0.7515544437 	
1305 	 1.3500983633 	300.0000000007 	 0.9242362183 	 0.0201379862 	 0.2283075701 	 0.0000000000 	 0.0000000000 	 0.0000000000 	 0.0000000000 	-0.0000000000 	 0.0000000000 	 0.7515544437 	
1306 	 1.3500983633 	300.0000000007 	 0.9242362184 	 0.0201379862 	 0.2283075701 	 0.0000000000 	 0.0000000000 	 0.0000000000 	 0.0000000000 	-0.0000000000 	 0.0000000000 	 0.7515544437 	
1307 	 1.3500983632 	300.0000000007 	 0.9242362184 	 0.0201379862 	 0.2283075701 	 0.0000000000 	 0.0000000000 	 0.0000000000 	 0.0000000000 	-0.0000000000 	 0.0000000000 	 0.7515544437 	
1308 	 1.3500983632 	300.0000000007 	 0.9242362184 	 0.0201379862 	 0.2283075701 	 0.0000000000 	 0.0000000000 	 0.0000000000 	 0.0000000000 	-0.0000000000 	 0.0000000000 	 0.7515544437 	
1309 	 1.3500983631 	300.0000000007 	 0.9242362185 	 0.0201379862 	 0.2283075701 	 0.0000000000 	 0.0000000000 	 0.0000000000 	 0.0000000000 	-0.0000000000 	 0.0000000000 	 0.7515544437 	
1310 	 1.3500983631 	300.0000000008 	 0.9242362185 	 0.0201379862 	 0.2283075701 	 0.0000000000 	 0.0000000000 	 0.0000000000 	 0.0000000000 	-0.0000000000 	 0.0000000000 	 0.7515544437 	
1311 	 1.3500983630 	300.0000000008 	 0.9242362185 	 0.0201379862 	 0.2283075701 	 0.0000000000 	 0.0000000000 	 0.0000000000 	 0.0000000000 	-0.0000000000 	 0.0000000000 	 0.7515544437 	
1312 	 1.3500983630 	300.0000000008 	 0.9242362186 	 0.0201379861 	 0.2283075701 	 0.0000000000 	 0.0000000000 	 0.0000000000 	 0.0000000000 	-0.0000000000 	 0.0000000000 	 0.7515544437 	
1313 	 1.3500983629 	300.0000000008 	 0.9242362186 	 0.0201379861 	 0.2283075701 	 0.0000000000 	 0.0000000000 	 0.0000000000 	 0.0000000000 	-0.0000000000 	 0.0000000000 	 0.7515544437 	
1314 	 1.3500983629 	300.0000000008 	 0.9242362187 	 0.0201379861 	 0.2283075701 	 0.0000000000 	 0.0000000000 	 0.0000000000 	 0.0000000000 	-0.0000000000 	 0.0000000000 	 0.7515544437 	
1315 	 1.3500983628 	300.0000000008 	 0.9242362187 	 0.0201379861 	 0.2283075701 	 0.0000000000 	 0.0000000000 	 0.0000000000 	 0.0000000000 	-0.0000000000 	 0.0000000000 	 0.7515544438 	
1316 	 1.3500983628 	300.0000000008 	 0.9242362187 	 0.0201379861 	 0.2283075701 	 0.0000000000 	 0.0000000000 	 0.0000000000 	 0.0000000000 	-0.0000000000 	 0.0000000000 	 0.7515544438 	
1317 	 1.3500983627 	300.0000000008 	 0.9242362188 	 0.0201379861 	 0.2283075701 	 0.0000000000 	 0.0000000000 	 0.0000000000 	 0.0000000000 	-0.0000000000 	 0.0000000000 	 0.7515544438 	
1318 	 1.3500983626 	300.0000000008 	 0.9242362188 	 0.0201379861 	 0.2283075701 	 0.0000000000 	 0.0000000000 	 0.0000000000 	 0.0000000000 	-0.0000000000 	 0.0000000000 	 0.7515544438 	
1319 	 1.3500983626 	300.0000000008 	 0.9242362188 	 0.0201379861 	 0.2283075701 	 0.0000000000 	 0.0000000000 	 0.0000000000 	 0.0000000000 	-0.0000000000 	 0.0000000000 	 0.7515544438 	
1320 	 1.3500983625 	300.0000000008 	 0.9242362189 	 0.0201379861 	 0.2283075701 	 0.0000000000 	 0.0000000000 	 0.0000000000 	 0.0000000000 	-0.0000000000 	 0.0000000000 	 0.7515544438 	
1321 	 1.3500983625 	300.0000000008 	 0.9242362189 	 0.0201379861 	 0.2283075701 	 0.0000000000 	 0.0000000000 	 0.0000000000 	 0.0000000000 	-0.0000000000 	 0.0000000000 	 0.7515544438 	
1322 	 1.3500983624 	300.0000000008 	 0.9242362189 	 0.0201379861 	 0.2283075701 	 0.0000000000 	 0.0000000000 	 0.0000000000 	 0.0000000000 	-0.0000000000 	 0.0000000000 	 0.7515544438 	
1323 	 1.3500983624 	300.0000000008 	 0.9242362190 	 0.0201379861 	 0.2283075701 	 0.0000000000 	 0.0000000000 	 0.0000000000 	 0.0000000000 	-0.0000000000 	 0.0000000000 	 0.7515544438 	
1324 	 1.3500983623 	300.0000000008 	 0.9242362190 	 0.0201379861 	 0.2283075701 	 0.0000000000 	 0.0000000000 	 0.0000000000 	 0.0000000000 	-0.0000000000 	 0.0000000000 	 0.7515544438 	
1325 	 1.3500983623 	300.0000000008 	 0.9242362191 	 0.0201379861 	 0.2283075701 	 0.0000000000 	 0.0000000000 	 0.0000000000 	 0.0000000000 	-0.0000000000 	 0.0000000000 	 0.7515544438 	
1326 	 1.3500983622 	300.0000000008 	 0.9242362191 	 0.0201379861 	 0.2283075701 	 0.0000000000 	 0.0000000000 	 0.0000000000 	 0.0000000000 	-0.0000000000 	 0.0000000000 	 0.7515544438 	
1327 	 1.3500983622 	300.0000000008 	 0.9242362191 	 0.0201379861 	 0.2283075701 	 0.0000000000 	 0.0000000000 	 0.0000000000 	 0.0000000000 	-0.0000000000 	 0.0000000000 	 0.7515544438 	
1328 	 1.3500983619 	300.0000000008 	 0.9242362193 	 0.0201379861 	 0.2283075701 	 0.0000000000 	 0.0000000000 	 0.0000000000 	 0.0000000000 	-0.0000000000 	 0.0000000000 	 0.7515544438 	
1329 	 1.3500983615 	300.0000000009 	 0.9242362196 	 0.0201379860 	 0.2283075701 	 0.0000000000 	 0.0000000000 	 0.0000000000 	 0.0000000000 	-0.0000000000 	 0.0000000000 	 0.7515544438 	
1330 	 1.3500983611 	300.0000000009 	 0.9242362199 	 0.0201379860 	 0.2283075701 	 0.0000000000 	 0.0000000000 	 0.0000000000 	 0.0000000000 	-0.0000000000 	 0.0000000000 	 0.7515544438 	
1331 	 1.3500983606 	300.0000000010 	 0.9242362202 	 0.0201379860 	 0.2283075702 	 0.0000000000 	 0.0000000000 	 0.0000000000 	 0.0000000000 	-0.0000000000 	 0.0000000000 	 0.7515544439 	
1332 	 1.3500983602 	300.0000000010 	 0.9242362205 	 0.0201379860 	 0.2283075702 	 0.0000000000 	 0.0000000000 	 0.0000000000 	 0.0000000000 	-0.0000000000 	 0.0000000000 	 0.7515544439 	
1333 	 1.3500983598 	300.0000000011 	 0.9242362207 	 0.0201379859 	 0.2283075702 	 0.0000000000 	 0.0000000000 	 0.0000000000 	 0.0000000000 	-0.0000000000 	 0.0000000000 	 0.7515544439 	
1334 	 1.3500983594 	300.0000000011 	 0.9242362210 	 0.0201379859 	 0.2283075702 	 0.0000000000 	 0.0000000000 	 0.0000000000 	 0.0000000000 	-0.0000000000 	 0.0000000000 	 0.7515544439 	
1335 	 1.3500983590 	300.0000000012 	 0.9242362213 	 0.0201379859 	 0.2283075702 	 0.0000000000 	 0.0000000000 	 0.0000000000 	 0.0000000000 	-0.0000000000 	 0.0000000000 	 0.7515544440 	
1336 	 1.3500983585 	300.0000000012 	 0.9242362216 	 0.0201379858 	 0.2283075702 	 0.0000000000 	 0.0000000000 	 0.0000000000 	 0.0000000000 	-0.0000000000 	 0.0000000000 	 0.7515544440 	
1337 	 1.3500983581 	300.0000000013 	 0.9242362219 	 0.0201379858 	 0.2283075702 	 0.0000000000 	 0.0000000000 	 0.0000000000 	 0.0000000000 	-0.0000000000 	 0.0000000000 	 0.7515544440 	
1338 	 1.3500983577 	300.0000000013 	 0.9242362222 	 0.0201379858 	 0.2283075702 	 0.0000000000 	 0.0000000000 	 0.0000000000 	 0.0000000000 	-0.0000000000 	 0.0000000000 	 0.7515544440 	
1339 	 1.3500983573 	300.0000000014 	 0.9242362225 	 0.0201379857 	 0.2283075702 	 0.0000000000 	 0.0000000000 	 0.0000000000 	 0.0000000000 	-0.0000000000 	 0.0000000000 	 0.7515544440 	
1340 	 1.3500983569 	300.0000000014 	 0.9242362228 	 0.0201379857 	 0.2283075702 	 0.0000000000 	 0.0000000000 	 0.0000000000 	 0.0000000000 	-0.0000000000 	 0.0000000000 	 0.7515544441 	
1341 	 1.3500983564 	300.0000000015 	 0.9242362230 	 0.0201379857 	 0.2283075702 	 0.0000000000 	 0.0000000000 	 0.0000000000 	 0.0000000000 	-0.0000000000 	 0.0000000000 	 0.7515544441 	
1342 	 1.3500983560 	300.0000000015 	 0.9242362233 	 0.0201379857 	 0.2283075702 	 0.0000000000 	 0.0000000000 	 0.0000000000 	 0.0000000000 	-0.0000000000 	 0.0000000000 	 0.7515544441 	
1343 	 1.3500983556 	300.0000000016 	 0.9242362236 	 0.0201379856 	 0.2283075702 	 0.0000000000 	 0.0000000000 	 0.0000000000 	 0.0000000000 	-0.0000000000 	 0.0000000000 	 0.7515544441 	
1344 	 1.3500983552 	300.0000000016 	 0.9242362239 	 0.0201379856 	 0.2283075703 	 0.0000000000 	 0.0000000000 	 0.0000000000 	 0.0000000000 	-0.0000000000 	 0.0000000000 	 0.7515544441 	
1345 	 1.3500983548 	300.0000000017 	 0.9242362242 	 0.0201379856 	 0.2283075703 	 0.0000000000 	 0.0000000000 	 0.0000000000 	 0.0000000000 	-0.0000000000 	 0.0000000000 	 0.7515544442 	
1346 	 1.3500983543 	300.0000000017 	 0.9242362245 	 0.0201379855 	 0.2283075703 	 0.0000000000 	 0.0000000000 	 0.0000000000 	 0.0000000000 	-0.0000000000 	 0.0000000000 	 0.7515544442 	
1347 	 1.3500983539 	300.0000000018 	 0.9242362248 	 0.0201379855 	 0.2283075703 	 0.0000000000 	 0.0000000000 	 0.0000000000 	 0.0000000000 	-0.0000000000 	 0.0000000000 	 0.7515544442 	
1348 	 1.3500983535 	300.0000000018 	 0.9242362251 	 0.0201379855 	 0.2283075703 	 0.0000000000 	 0.0000000000 	 0.0000000000 	 0.0000000000 	-0.0000000000 	 0.0000000000 	 0.7515544442 	
1349 	 1.3500983531 	300.0000000019 	 0.9242362253 	 0.0201379855 	 0.2283075703 	 0.0000000000 	 0.0000000000 	 0.0000000000 	 0.0000000000 	-0.0000000000 	 0.0000000000 	 0.7515544443 	
1350 	 1.3500983527 	300.0000000019 	 0.9242362256 	 0.0201379854 	 0.2283075703 	 0.0000000000 	 0.0000000000 	 0.0000000000 	 0.0000000000 	-0.0000000000 	 0.0000000000 	 0.7515544443 	
1351 	 1.3500983522 	300.0000000020 	 0.9242362259 	 0.0201379854 	 0.2283075703 	 0.0000000000 	 0.0000000000 	 0.0000000000 	 0.0000000000 	-0.0000000000 	 0.0000000000 	 0.7515544443 	
1352 	 1.3500983518 	300.0000000020 	 0.9242362262 	 0.0201379854 	 0.2283075703 	 0.0000000000 	 0.0000000000 	 0.0000000000 	 0.0000000000 	-0.0000000000 	 0.0000000000 	 0.7515544443 	
1353 	 1.3500983514 	300.0000000021 	 0.9242362265 	 0.0201379853 	 0.2283075703 	 0.0000000000 	 0.0000000000 	 0.0000000000 	 0.0000000000 	-0.0000000000 	 0.0000000000 	 0.7515544443 	
1354 	 1.3500983510 	300.0000000021 	 0.9242362268 	 0.0201379853 	 0.2283075703 	 0.0000000000 	 0.0000000000 	 0.0000000000 	 0.0000000000 	-0.0000000000 	 0.0000000000 	 0.7515544444 	
1355 	 1.3500983506 	300.0000000022 	 0.9242362271 	 0.0201379853 	 0.2283075703 	 0.0000000000 	 0.0000000000 	 0.0000000000 	 0.0000000000 	-0.0000000000 	 0.0000000000 	 0.7515544444 	
1356 	 1.3500983501 	300.0000000022 	 0.9242362274 	 0.0201379852 	 0.2283075703 	 0.0000000000 	 0.0000000000 	 0.0000000000 	 0.0000000000 	-0.0000000000 	 0.0000000000 	 0.7515544444 	
1357 	 1.3500983497 	300.0000000023 	 0.9242362276 	 0.0201379852 	 0.2283075704 	 0.0000000000 	 0.0000000000 	 0.0000000000 	 0.0000000000 	-0.0000000000 	 0.0000000000 	 0.7515544444 	
1358 	 1.3500983493 	300.0000000023 	 0.9242362279 	 0.0201379852 	 0.2283075704 	 0.0000000000 	 0.0000000000 	 0.0000000000 	 0.0000000000 	-0.0000000000 	 0.0000000000 	 0.7515544445 	
1359 	 1.3500983489 	300.0000000024 	 0.9242362282 	 0.0201379852 	 0.2283075704 	 0.0000000000 	 0.0000000000 	 0.0000000000 	 0.0000000000 	-0.0000000000 	 0.0000000000 	 0.7515544445 	
1360 	 1.3500983485 	300.0000000024 	 0.9242362285 	 0.0201379851 	 0.2283075704 	 0.0000000000 	 0.0000000000 	 0.0000000000 	 0.0000000000 	-0.0000000000 	 0.0000000000 	 0.7515544445 	
1361 	 1.3500983481 	300.0000000024 	 0.9242362288 	 0.0201379851 	 0.2283075704 	 0.0000000000 	 0.0000000000 	 0.0000000000 	 0.0000000000 	-0.0000000000 	 0.0000000000 	 0.7515544445 	
1362 	 1.3500983476 	300.0000000025 	 0.9242362291 	 0.0201379851 	 0.2283075704 	 0.0000000000 	 0.0000000000 	 0.0000000000 	 0.0000000000 	-0.0000000000 	 0.0000000000 	 0.7515544445 	
1363 	 1.3500983472 	300.0000000025 	 0.9242362294 	 0.0201379850 	 0.2283075704 	 0.0000000000 	 0.0000000000 	 0.0000000000 	 0.0000000000 	-0.0000000000 	 0.0000000000 	 0.7515544446 	
1364 	 1.3500983468 	300.0000000026 	 0.9242362297 	 0.0201379850 	 0.2283075704 	 0.0000000000 	 0.0000000000 	 0.0000000000 	 0.0000000000 	-0.0000000000 	 0.0000000000 	 0.7515544446 	
1365 	 1.3500983464 	300.0000000026 	 0.9242362299 	 0.0201379850 	 0.2283075704 	 0.0000000000 	 0.0000000000 	 0.0000000000 	 0.0000000000 	-0.0000000000 	 0.0000000000 	 0.7515544446 	
1366 	 1.3500983460 	300.0000000027 	 0.9242362302 	 0.0201379849 	 0.2283075704 	 0.0000000000 	 0.0000000000 	 0.0000000000 	 0.0000000000 	-0.0000000000 	 0.0000000000 	 0.7515544446 	
1367 	 1.3500983455 	300.0000000027 	 0.9242362305 	 0.0201379849 	 0.2283075704 	 0.0000000000 	 0.0000000000 	 0.0000000000 	 0.0000000000 	-0.0000000000 	 0.0000000000 	 0.7515544447 	
1368 	 1.3500983451 	300.0000000028 	 0.9242362308 	 0.0201379849 	 0.2283075704 	 0.0000000000 	 0.0000000000 	 0.0000000000 	 0.0000000000 	-0.0000000000 	 0.0000000000 	 0.7515544447 	
1369 	 1.3500983447 	300.0000000028 	 0.9242362311 	 0.0201379849 	 0.2283075704 	 0.0000000000 	 0.0000000000 	 0.0000000000 	 0.0000000000 	-0.0000000000 	 0.0000000000 	 0.7515544447 	
1370 	 1.3500983443 	300.0000000029 	 0.9242362314 	 0.0201379848 	 0.2283075705 	 0.0000000000 	 0.0000000000 	 0.0000000000 	 0.0000000000 	-0.0000000000 	 0.0000000000 	 0.7515544447 	
1371 	 1.3500983439 	300.0000000029 	 0.9242362317 	 0.0201379848 	 0.2283075705 	 0.0000000000 	 0.0000000000 	 0.0000000000 	 0.0000000000 	-0.0000000000 	 0.0000000000 	 0.7515544447 	
1372 	 1.3500983434 	300.0000000030 	 0.9242362320 	 0.0201379848 	 0.2283075705 	 0.0000000000 	 0.0000000000 	 0.0000000000 	 0.0000000000 	-0.0000000000 	 0.0000000000 	 0.7515544448 	
1373 	 1.3500983430 	300.0000000030 	 0.9242362322 	 0.0201379847 	 0.2283075705 	 0.0000000000 	 0.0000000000 	 0.0000000000 	 0.0000000000 	-0.0000000000 	 0.0000000000 	 0.7515544448 	
1374 	 1.3500983426 	300.0000000031 	 0.9242362325 	 0.0201379847 	 0.2283075705 	 0.0000000000 	 0.0000000000 	 0.0000000000 	 0.0000000000 	-0.0000000000 	 0.0000000000 	 0.7515544448 	
1375 	 1.3500983422 	300.0000000031 	 0.9242362328 	 0.0201379847 	 0.2283075705 	 0.0000000000 	 0.0000000000 	 0.0000000000 	 0.0000000000 	-0.0000000000 	 0.0000000000 	 0.7515544448 	
1376 	 1.3500983418 	300.0000000032 	 0.9242362331 	 0.0201379847 	 0.2283075705 	 0.0000000000 	 0.0000000000 	 0.0000000000 	 0.0000000000 	-0.0000000000 	 0.0000000000 	 0.7515544448 	
1377 	 1.3500983405 	300.0000000034 	 0.9242362340 	 0.0201379846 	 0.2283075705 	 0.0000000000 	 0.0000000000 	 0.0000000000 	 0.0000000000 	-0.0000000000 	 0.0000000000 	 0.7515544449 	
1378 	 1.3500983379 	300.0000000040 	 0.9242362358 	 0.0201379844 	 0.2283075706 	 0.0000000000 	 0.0000000000 	 0.0000000000 	 0.0000000000 	-0.0000000000 	 0.0000000000 	 0.7515544450 	
1379 	 1.3500983353 	300.0000000045 	 0.9242362375 	 0.0201379842 	 0.2283075706 	 0.0000000000 	 0.0000000000 	 0.0000000000 	 0.0000000000 	-0.0000000000 	 0.0000000000 	 0.7515544452 	
1380 	 1.3500983327 	300.0000000051 	 0.9242362393 	 0.0201379840 	 0.2283075707 	 0.0000000000 	 0.0000000000 	 0.0000000000 	 0.0000000000 	-0.0000000000 	 0.0000000000 	 0.7515544453 	
1381 	 1.3500983302 	300.0000000057 	 0.9242362410 	 0.0201379838 	 0.2283075707 	 0.0000000000 	 0.0000000000 	 0.0000000000 	 0.0000000000 	-0.0000000000 	 0.0000000000 	 0.7515544455 	
1382 	 1.3500983276 	300.0000000062 	 0.9242362428 	 0.0201379837 	 0.2283075708 	 0.0000000000 	 0.0000000000 	 0.0000000000 	 0.0000000000 	-0.0000000000 	 0.0000000000 	 0.7515544456 	
1383 	 1.3500983250 	300.0000000068 	 0.9242362446 	 0.0201379835 	 0.2283075708 	 0.0000000000 	 0.0000000000 	 0.0000000000 	 0.0000000000 	-0.0000000000 	 0.0000000000 	 0.7515544457 	
1384 	 1.3500983224 	300.0000000073 	 0.9242362463 	 0.0201379833 	 0.2283075709 	 0.0000000000 	 0.0000000000 	 0.0000000000 	 0.0000000000 	-0.0000000000 	 0.0000000000 	 0.7515544459 	
1385 	 1.3500983199 	300.0000000079 	 0.9242362481 	 0.0201379831 	 0.2283075709 	 0.0000000000 	 0.0000000000 	 0.0000000000 	 0.0000000000 	-0.0000000000 	 0.0000000000 	 0.7515544460 	
1386 	 1.3500983173 	300.0000000084 	 0.9242362498 	 0.0201379829 	 0.2283075710 	 0.0000000000 	 0.0000000000 	 0.0000000000 	 0.0000000000 	-0.0000000000 	 0.0000000000 	 0.7515544461 	
1387 	 1.3500983147 	300.0000000090 	 0.9242362516 	 0.0201379827 	 0.2283075710 	 0.0000000000 	 0.0000000000 	 0.0000000000 	 0.0000000000 	-0.0000000000 	 0.0000000000 	 0.7515544463 	
1388 	 1.3500983122 	300.0000000096 	 0.9242362534 	 0.0201379826 	 0.2283075710 	 0.0000000000 	 0.0000000000 	 0.0000000000 	 0.0000000000 	-0.0000000000 	 0.0000000000 	 0.7515544464 	
1389 	 1.3500983096 	300.0000000101 	 0.9242362551 	 0.0201379824 	 0.2283075711 	 0.0000000000 	 0.0000000000 	 0.0000000000 	 0.0000000000 	-0.0000000000 	 0.0000000000 	 0.7515544465 	
1390 	 1.3500983070 	300.0000000107 	 0.9242362569 	 0.0201379822 	 0.2283075711 	 0.0000000000 	 0.0000000000 	 0.0000000000 	 0.0000000000 	-0.0000000000 	 0.0000000000 	 0.7515544467 	
1391 	 1.3500983044 	300.0000000112 	 0.9242362587 	 0.0201379820 	 0.2283075712 	 0.0000000000 	 0.0000000000 	 0.0000000000 	 0.0000000000 	-0.0000000000 	 0.0000000000 	 0.7515544468 	
1392 	 1.3500983019 	300.0000000118 	 0.9242362604 	 0.0201379818 	 0.2283075712 	 0.0000000000 	 0.0000000000 	 0.0000000000 	 0.0000000000 	-0.0000000000 	 0.0000000000 	 0.7515544469 	
1393 	 1.3500982993 	300.0000000123 	 0.9242362622 	 0.0201379817 	 0.2283075713 	 0.0000000000 	 0.0000000000 	 0.0000000000 	 0.0000000000 	-0.0000000000 	 0.0000000000 	 0.7515544471 	
1394 	 1.3500982967 	300.0000000129 	 0.9242362639 	 0.0201379815 	 0.2283075713 	 0.0000000000 	 0.0000000000 	 0.0000000000 	 0.0000000000 	-0.0000000000 	 0.0000000000 	 0.7515544472 	
1395 	 1.3500982941 	300.0000000134 	 0.9242362657 	 0.0201379813 	 0.2283075714 	 0.0000000000 	 0.0000000000 	 0.0000000000 	 0.0000000000 	-0.0000000000 	 0.0000000000 	 0.7515544473 	
1396 	 1.3500982916 	300.0000000140 	 0.9242362675 	 0.0201379811 	 0.2283075714 	 0.0000000000 	 0.0000000000 	 0.0000000000 	 0.0000000000 	-0.0000000000 	 0.0000000000 	 0.7515544475 	
1397 	 1.3500982890 	300.0000000146 	 0.9242362692 	 0.0201379809 	 0.2283075715 	 0.0000000000 	 0.0000000000 	 0.0000000000 	 0.0000000000 	-0.0000000000 	 0.0000000000 	 0.7515544476 	
1398 	 1.3500982864 	300.0000000151 	 0.9242362710 	 0.0201379807 	 0.2283075715 	 0.0000000000 	 0.0000000000 	 0.0000000000 	 0.0000000000 	-0.0000000000 	 0.0000000000 	 0.7515544477 	
1399 	 1.3500982839 	300.0000000157 	 0.9242362727 	 0.0201379806 	 0.2283075716 	 0.0000000000 	 0.0000000000 	 0.0000000000 	 0.0000000000 	-0.0000000000 	 0.0000000000 	 0.7515544479 	
1400 	 1.3500982813 	300.0000000162 	 0.9242362745 	 0.0201379804 	 0.2283075716 	 0.0000000000 	 0.0000000000 	 0.0000000000 	 0.0000000000 	-0.0000000000 	 0.0000000000 	 0.7515544480 	
1401 	 1.3500982787 	300.0000000168 	 0.9242362763 	 0.0201379802 	 0.2283075717 	 0.0000000000 	 0.0000000000 	 0.0000000000 	 0.0000000000 	-0.0000000000 	 0.0000000000 	 0.7515544481 	
1402 	 1.3500982689 	300.0000000205 	 0.9242362830 	 0.0201379795 	 0.2283075718 	 0.0000000000 	 0.0000000000 	 0.0000000000 	 0.0000000000 	-0.0000000000 	 0.0000000000 	 0.7515544486 	
1403 	 1.3500982575 	300.0000000249 	 0.9242362908 	 0.0201379787 	 0.2283075721 	 0.0000000000 	 0.0000000000 	 0.0000000000 	 0.0000000000 	-0.0000000000 	 0.0000000000 	 0.7515544492 	
1404 	 1.3500982461 	300.0000000293 	 0.9242362986 	 0.0201379779 	 0.2283075723 	 0.0000000000 	 0.0000000000 	 0.0000000000 	 0.0000000000 	-0.0000000000 	 0.0000000000 	 0.7515544498 	
1405 	 1.3500982348 	300.0000000337 	 0.9242363063 	 0.0201379771 	 0.2283075725 	 0.0000000000 	 0.0000000000 	 0.0000000000 	 0.0000000000 	-0.0000000000 	 0.0000000000 	 0.7515544504 	
1406 	 1.3500982234 	300.0000000382 	 0.9242363141 	 0.0201379763 	 0.2283075727 	 0.0000000000 	 0.0000000000 	 0.0000000000 	 0.0000000000 	-0.0000000000 	 0.0000000000 	 0.7515544510 	
1407 	 1.3500982120 	300.0000000426 	 0.9242363219 	 0.0201379755 	 0.2283075729 	 0.0000000000 	 0.0000000000 	 0.0000000000 	 0.0000000000 	-0.0000000000 	 0.0000000000 	 0.7515544516 	
1408 	 1.3500982007 	300.0000000470 	 0.9242363297 	 0.0201379747 	 0.2283075731 	 0.0000000000 	 0.0000000000 	 0.0000000000 	 0.0000000000 	-0.0000000000 	 0.0000000000 	 0.7515544522 	
1409 	 1.3500981893 	300.0000000514 	 0.9242363375 	 0.0201379739 	 0.2283075733 	 0.0000000000 	 0.0000000000 	 0.0000000000 	 0.0000000000 	-0.0000000000 	 0.0000000000 	 0.7515544528 	
1410 	 1.3500981780 	300.0000000558 	 0.9242363452 	 0.0201379731 	 0.2283075735 	 0.0000000000 	 0.0000000000 	 0.0000000000 	 0.0000000000 	-0.0000000000 	 0.0000000000 	 0.7515544534 	
1411 	 1.3500981666 	300.0000000602 	 0.9242363530 	 0.0201379723 	 0.2283075737 	 0.0000000000 	 0.0000000000 	 0.0000000000 	 0.0000000000 	-0.0000000000 	 0.0000000000 	 0.7515544540 	
1412 	 1.3500981552 	300.0000000646 	 0.9242363608 	 0.0201379715 	 0.2283075740 	 0.0000000000 	 0.0000000000 	 0.0000000000 	 0.0000000000 	-0.0000000000 	 0.0000000000 	 0.7515544546 	
1413 	 1.3500981439 	300.0000000690 	 0.9242363686 	 0.0201379707 	 0.2283075742 	 0.0000000000 	 0.0000000000 	 0.0000000000 	 0.0000000000 	-0.0000000000 	 0.0000000000 	 0.7515544552 	
1414 	 1.3500981325 	300.0000000734 	 0.9242363764 	 0.0201379699 	 0.2283075744 	 0.0000000000 	 0.0000000000 	 0.0000000000 	 0.0000000000 	-0.0000000000 	 0.0000000000 	 0.7515544558 	
1415 	 1.3500981211 	300.0000000778 	 0.9242363841 	 0.0201379691 	 0.2283075746 	 0.0000000000 	 0.0000000000 	 0.0000000000 	 0.0000000000 	-0.0000000000 	 0.0000000000 	 0.7515544564 	
1416 	 1.3500981098 	300.0000000822 	 0.9242363919 	 0.0201379683 	 0.2283075748 	 0.0000000000 	 0.0000000000 	 0.0000000000 	 0.0000000000 	-0.0000000000 	 0.0000000000 	 0.7515544569 	
1417 	 1.3500980984 	300.0000000866 	 0.9242363997 	 0.0201379675 	 0.2283075750 	 0.0000000000 	 0.0000000000 	 0.0000000000 	 0.0000000000 	-0.0000000000 	 0.0000000000 	 0.7515544575 	
1418 	 1.3500980870 	300.0000000910 	 0.9242364075 	 0.0201379667 	 0.2283075752 	 0.0000000000 	 0.0000000000 	 0.0000000000 	 0.0000000000 	-0.0000000000 	 0.0000000000 	 0.7515544581 	
1419 	 1.3500980757 	300.0000000955 	 0.9242364153 	 0.0201379659 	 0.2283075754 	 0.0000000000 	 0.0000000000 	 0.0000000000 	 0.0000000000 	-0.0000000000 	 0.0000000000 	 0.7515544587 	
1420 	 1.3500980643 	300.0000000999 	 0.9242364230 	 0.0201379651 	 0.2283075756 	 0.0000000000 	 0.0000000000 	 0.0000000000 	 0.0000000000 	-0.0000000000 	 0.0000000000 	 0.7515544593 	
1421 	 1.3500980529 	300.0000001043 	 0.9242364308 	 0.0201379642 	 0.2283075758 	 0.0000000000 	 0.0000000000 	 0.0000000000 	 0.0000000000 	-0.0000000000 	 0.0000000000 	 0.7515544599 	
1422 	 1.3500980416 	300.0000001087 	 0.9242364386 	 0.0201379634 	 0.2283075761 	 0.0000000000 	 0.0000000000 	 0.0000000000 	 0.0000000000 	-0.0000000000 	 0.0000000000 	 0.7515544605 	
1423 	 1.3500980302 	300.0000001131 	 0.9242364464 	 0.0201379626 	 0.2283075763 	 0.0000000000 	 0.0000000000 	 0.0000000000 	 0.0000000000 	-0.0000000000 	 0.0000000000 	 0.7515544611 	
1424 	 1.3500980189 	300.0000001175 	 0.9242364542 	 0.0201379618 	 0.2283075765 	 0.0000000000 	 0.0000000000 	 0.0000000000 	 0.0000000000 	-0.0000000000 	 0.0000000000 	 0.7515544617 	
1425 	 1.3500980075 	300.0000001219 	 0.9242364619 	 0.0201379610 	 0.2283075767 	 0.0000000000 	 0.0000000000 	 0.0000000000 	 0.0000000000 	-0.0000000000 	 0.0000000000 	 0.7515544623 	
1426 	 1.3500979866 	300.0000001338 	 0.9242364762 	 0.0201379596 	 0.2283075771 	 0.0000000000 	 0.0000000000 	 0.0000000000 	 0.0000000000 	-0.0000000000 	 0.0000000000 	 0.7515544634 	
1427 	 1.3500979364 	300.0000001688 	 0.9242365106 	 0.0201379560 	 0.2283075780 	 0.0000000000 	 0.0000000000 	 0.0000000000 	 0.0000000000 	-0.0000000000 	 0.0000000000 	 0.7515544660 	
1428 	 1.3500978862 	300.0000002037 	 0.9242365449 	 0.0201379525 	 0.2283075789 	 0.0000000000 	 0.0000000000 	 0.0000000000 	 0.0000000000 	-0.0000000000 	 0.0000000000 	 0.7515544686 	
1429 	 1.3500978361 	300.0000002387 	 0.9242365793 	 0.0201379489 	 0.2283075799 	 0.0000000000 	 0.0000000000 	 0.0000000000 	 0.0000000000 	-0.0000000000 	 0.0000000000 	 0.7515544712 	
1430 	 1.3500977859 	300.0000002737 	 0.9242366136 	 0.0201379454 	 0.2283075808 	 0.0000000000 	 0.0000000000 	 0.0000000000 	 0.0000000000 	-0.0000000000 	 0.0000000000 	 0.7515544738 	
1431 	 1.3500977357 	300.0000003086 	 0.9242366480 	 0.0201379418 	 0.2283075817 	 0.0000000000 	 0.0000000000 	 0.0000000000 	 0.0000000000 	-0.0000000000 	 0.0000000000 	 0.7515544765 	
1432 	 1.3500976856 	300.0000003436 	 0.9242366823 	 0.0201379383 	 0.2283075827 	 0.0000000000 	 0.0000000000 	 0.0000000000 	 0.0000000000 	-0.0000000000 	 0.0000000000 	 0.7515544791 	
1433 	 1.3500976354 	300.0000003786 	 0.9242367167 	 0.0201379347 	 0.2283075836 	 0.0000000000 	 0.0000000000 	 0.0000000000 	 0.0000000000 	-0.0000000000 	 0.0000000000 	 0.7515544817 	
1434 	 1.3500975852 	300.0000004135 	 0.9242367510 	 0.0201379312 	 0.2283075845 	 0.0000000000 	 0.0000000000 	 0.0000000000 	 0.0000000000 	-0.0000000000 	 0.0000000000 	 0.7515544843 	
1435 	 1.3500975351 	300.0000004485 	 0.9242367853 	 0.0201379276 	 0.2283075854 	 0.0000000000 	 0.0000000000 	 0.0000000000 	 0.0000000000 	-0.0000000000 	 0.0000000000 	 0.7515544869 	
1436 	 1.3500974849 	300.0000004834 	 0.9242368197 	 0.0201379241 	 0.2283075864 	 0.0000000000 	 0.0000000000 	 0.0000000000 	 0.0000000000 	-0.0000000000 	 0.0000000000 	 0.7515544896 	
1437 	 1.3500974347 	300.0000005184 	 0.9242368540 	 0.0201379205 	 0.2283075873 	 0.0000000000 	 0.0000000000 	 0.0000000000 	 0.0000000000 	-0.0000000000 	 0.0000000000 	 0.7515544922 	
1438 	 1.3500973846 	300.0000005534 	 0.9242368884 	 0.0201379170 	 0.2283075882 	 0.0000000000 	 0.0000000000 	 0.0000000000 	 0.0000000000 	-0.0000000000 	 0.0000000000 	 0.7515544948 	
1439 	 1.3500973344 	300.0000005883 	 0.9242369227 	 0.0201379134 	 0.2283075892 	 0.0000000000 	 0.0000000000 	 0.0000000000 	 0.0000000000 	-0.0000000000 	 0.0000000000 	 0.7515544974 	
1440 	 1.3500972842 	300.0000006233 	 0.9242369571 	 0.0201379099 	 0.2283075901 	 0.0000000000 	 0.0000000000 	 0.0000000000 	 0.0000000000 	-0.0000000000 	 0.0000000000 	 0.7515545000 	
1441 	 1.3500972340 	300.0000006582 	 0.9242369914 	 0.0201379063 	 0.2283075910 	 0.0000000000 	 0.0000000000 	 0.0000000000 	 0.0000000000 	-0.0000000000 	 0.0000000000 	 0.7515545027 	
1442 	 1.3500971839 	300.0000006932 	 0.9242370257 	 0.0201379028 	 0.2283075920 	 0.0000000000 	 0.0000000000 	 0.0000000000 	 0.0000000000 	-0.0000000000 	 0.0000000000 	 0.7515545053 	
1443 	 1.3500971337 	300.0000007282 	 0.9242370601 	 0.0201378992 	 0.2283075929 	 0.0000000000 	 0.0000000000 	 0.0000000000 	 0.0000000000 	-0.0000000000 	 0.0000000000 	 0.7515545079 	
1444 	 1.3500970835 	300.0000007631 	 0.9242370944 	 0.0201378957 	 0.2283075938 	 0.0000000000 	 0.0000000000 	 0.0000000000 	 0.0000000000 	-0.0000000000 	 0.0000000000 	 0.7515545105 	
1445 	 1.3500970334 	300.0000007981 	 0.9242371288 	 0.0201378921 	 0.2283075948 	 0.0000000000 	 0.0000000000 	 0.0000000000 	 0.0000000000 	-0.0000000000 	 0.0000000000 	 0.7515545131 	
1446 	 1.3500969832 	300.0000008330 	 0.9242371631 	 0.0201378886 	 0.2283075957 	 0.0000000000 	 0.0000000000 	 0.0000000000 	 0.0000000000 	-0.0000000000 	 0.0000000000 	 0.7515545158 	
1447 	 1.3500969330 	300.0000008680 	 0.9242371975 	 0.0201378850 	 0.2283075966 	 0.0000000000 	 0.0000000000 	 0.0000000000 	 0.0000000000 	-0.0000000000 	 0.0000000000 	 0.7515545184 	
1448 	 1.3500968829 	300.0000009030 	 0.9242372318 	 0.0201378815 	 0.2283075975 	 0.0000000000 	 0.0000000000 	 0.0000000000 	 0.0000000000 	-0.0000000000 	 0.0000000000 	 0.7515545210 	
1449 	 1.3500968327 	300.0000009379 	 0.9242372662 	 0.0201378779 	 0.2283075985 	 0.0000000000 	 0.0000000000 	 0.0000000000 	 0.0000000000 	-0.0000000000 	 0.0000000000 	 0.7515545236 	
1450 	 1.3500967825 	300.0000009729 	 0.9242373005 	 0.0201378744 	 0.2283075994 	 0.0000000000 	 0.0000000000 	 0.0000000000 	 0.0000000000 	-0.0000000000 	 0.0000000000 	 0.7515545262 	
1451 	 1.3500966188 	300.0000011687 	 0.9242374126 	 0.0201378627 	 0.2283076024 	 0.0000000000 	 0.0000000000 	 0.0000000000 	 0.0000000000 	-0.0000000000 	 0.0000000000 	 0.7515545348 	
1452 	 1.3500963975 	300.0000014460 	 0.9242375641 	 0.0201378470 	 0.2283076066 	 0.0000000000 	 0.0000000000 	 0.0000000000 	 0.0000000000 	-0.0000000000 	 0.0000000000 	 0.7515545464 	
1453 	 1.3500961763 	300.0000017233 	 0.9242377155 	 0.0201378314 	 0.2283076107 	 0.0000000000 	 0.0000000000 	 0.0000000000 	 0.0000000000 	-0.0000000000 	 0.0000000000 	 0.7515545580 	
1454 	 1.3500959551 	300.0000020006 	 0.9242378670 	 0.0201378157 	 0.2283076148 	 0.0000000000 	 0.0000000000 	 0.0000000000 	 0.0000000000 	-0.0000000000 	 0.0000000000 	 0.7515545696 	
1455 	 1.3500957338 	300.0000022779 	 0.9242380184 	 0.0201378000 	 0.2283076189 	 0.0000000000 	 0.0000000000 	 0.0000000000 	 0.0000000000 	-0.0000000000 	 0.0000000000 	 0.7515545811 	
1456 	 1.3500955126 	300.0000025552 	 0.9242381699 	 0.0201377843 	 0.2283076230 	 0.0000000000 	 0.0000000000 	 0.0000000000 	 0.0000000000 	-0.0000000000 	 0.0000000000 	 0.7515545927 	
1457 	 1.3500952913 	300.0000028325 	 0.9242383213 	 0.0201377686 	 0.2283076271 	 0.0000000000 	 0.0000000000 	 0.0000000000 	 0.0000000000 	-0.0000000000 	 0.0000000000 	 0.7515546043 	
1458 	 1.3500950701 	300.0000031098 	 0.9242384728 	 0.0201377529 	 0.2283076312 	 0.0000000000 	 0.0000000000 	 0.0000000000 	 0.0000000000 	-0.0000000000 	 0.0000000000 	 0.7515546159 	
1459 	 1.3500948489 	300.0000033871 	 0.9242386242 	 0.0201377372 	 0.2283076353 	 0.0000000000 	 0.0000000000 	 0.0000000000 	 0.0000000000 	-0.0000000000 	 0.0000000000 	 0.7515546275 	
1460 	 1.3500946276 	300.0000036644 	 0.9242387757 	 0.0201377215 	 0.2283076395 	 0.0000000000 	 0.0000000000 	 0.0000000000 	 0.0000000000 	-0.0000000000 	 0.0000000000 	 0.7515546391 	
1461 	 1.3500944064 	300.0000039417 	 0.9242389271 	 0.0201377058 	 0.2283076436 	 0.0000000000 	 0.0000000000 	 0.0000000000 	 0.0000000000 	-0.0000000000 	 0.0000000000 	 0.7515546506 	
1462 	 1.3500941851 	300.0000042190 	 0.9242390786 	 0.0201376901 	 0.2283076477 	 0.0000000000 	 0.0000000000 	 0.0000000000 	 0.0000000000 	-0.0000000000 	 0.0000000000 	 0.7515546622 	
1463 	 1.3500939639 	300.0000044963 	 0.9242392301 	 0.0201376744 	 0.2283076518 	 0.0000000000 	 0.0000000000 	 0.0000000000 	 0.0000000000 	-0.0000000000 	 0.0000000000 	 0.7515546738 	
1464 	 1.3500937427 	300.0000047736 	 0.9242393815 	 0.0201376587 	 0.2283076559 	 0.0000000000 	 0.0000000000 	 0.0000000000 	 0.0000000000 	-0.0000000000 	 0.0000000000 	 0.7515546854 	
1465 	 1.3500935214 	300.0000050509 	 0.9242395330 	 0.0201376430 	 0.2283076600 	 0.0000000000 	 0.0000000000 	 0.0000000000 	 0.0000000000 	-0.0000000000 	 0.0000000000 	 0.7515546970 	
1466 	 1.3500933002 	300.0000053282 	 0.9242396844 	 0.0201376273 	 0.2283076641 	 0.0000000000 	 0.0000000000 	 0.0000000000 	 0.0000000000 	-0.0000000000 	 0.0000000000 	 0.7515547085 	
1467 	 1.3500930789 	300.0000056054 	 0.9242398359 	 0.0201376116 	 0.2283076682 	 0.0000000000 	 0.0000000000 	 0.0000000000 	 0.0000000000 	-0.0000000000 	 0.0000000000 	 0.7515547201 	
1468 	 1.3500928577 	300.0000058827 	 0.9242399873 	 0.0201375959 	 0.2283076724 	 0.0000000000 	 0.0000000000 	 0.0000000000 	 0.0000000000 	-0.0000000000 	 0.0000000000 	 0.7515547317 	
1469 	 1.3500926365 	300.0000061600 	 0.9242401388 	 0.0201375802 	 0.2283076765 	 0.0000000000 	 0.0000000000 	 0.0000000000 	 0.0000000000 	-0.0000000000 	 0.0000000000 	 0.7515547433 	
1470 	 1.3500924152 	300.0000064373 	 0.9242402902 	 0.0201375645 	 0.2283076806 	 0.0000000000 	 0.0000000000 	 0.0000000000 	 0.0000000000 	-0.0000000000 	 0.0000000000 	 0.7515547549 	
1471 	 1.3500921940 	300.0000067146 	 0.9242404417 	 0.0201375489 	 0.2283076847 	 0.0000000000 	 0.0000000000 	 0.0000000000 	 0.0000000000 	-0.0000000000 	 0.0000000000 	 0.7515547665 	
1472 	 1.3500919727 	300.0000069919 	 0.9242405932 	 0.0201375332 	 0.2283076888 	 0.0000000000 	 0.0000000000 	 0.0000000000 	 0.0000000000 	-0.0000000000 	 0.0000000000 	 0.7515547780 	
1473 	 1.3500917515 	300.0000072692 	 0.9242407446 	 0.0201375175 	 0.2283076929 	 0.0000000000 	 0.0000000000 	 0.0000000000 	 0.0000000000 	-0.0000000000 	 0.0000000000 	 0.7515547896 	
1474 	 1.3500915303 	300.0000075465 	 0.9242408961 	 0.0201375018 	 0.2283076970 	 0.0000000000 	 0.0000000000 	 0.0000000000 	 0.0000000000 	-0.0000000000 	 0.0000000000 	 0.7515548012 	
1475 	 1.3500912628 	300.0000079420 	 0.9242410792 	 0.0201374828 	 0.2283077020 	 0.0000000000 	 0.0000000000 	 0.0000000000 	 0.0000000000 	-0.0000000000 	 0.0000000000 	 0.7515548152 	
1476 	 1.3500904772 	300.0000096608 	 0.9242416170 	 0.0201374268 	 0.2283077167 	 0.0000000000 	 0.0000000000 	 0.0000000000 	 0.0000000000 	-0.0000000000 	 0.0000000000 	 0.7515548565 	
1477 	 1.3500896916 	300.0000113797 	 0.9242421548 	 0.0201373709 	 0.2283077313 	 0.0000000000 	 0.0000000000 	 0.0000000000 	 0.0000000000 	-0.0000000000 	 0.0000000000 	 0.7515548978 	
1478 	 1.3500889060 	300.0000130986 	 0.9242426926 	 0.0201373149 	 0.2283077460 	 0.0000000000 	 0.0000000000 	 0.0000000000 	 0.0000000000 	-0.0000000000 	 0.0000000000 	 0.7515549391 	
1479 	 1.3500881205 	300.0000148174 	 0.9242432303 	 0.0201372589 	 0.2283077607 	 0.0000000000 	 0.0000000000 	 0.0000000000 	 0.0000000000 	-0.0000000000 	 0.0000000000 	 0.7515549804 	
1480 	 1.3500873349 	300.0000165363 	 0.9242437681 	 0.0201372030 	 0.2283077753 	 0.0000000000 	 0.0000000000 	 0.0000000000 	 0.0000000000 	-0.0000000000 	 0.0000000000 	 0.7515550217 	
1481 	 1.3500865493 	300.0000182551 	 0.9242443059 	 0.0201371470 	 0.2283077900 	 0.0000000000 	 0.0000000000 	 0.0000000000 	 0.0000000000 	-0.0000000000 	 0.0000000000 	 0.7515550630 	
1482 	 1.3500857637 	300.0000199740 	 0.9242448437 	 0.0201370910 	 0.2283078046 	 0.0000000000 	 0.0000000000 	 0.0000000000 	 0.0000000000 	-0.0000000000 	 0.0000000000 	 0.7515551043 	
1483 	 1.3500849781 	300.0000216929 	 0.9242453815 	 0.0201370351 	 0.2283078193 	 0.0000000000 	 0.0000000000 	 0.0000000000 	 0.0000000000 	-0.0000000000 	 0.0000000000 	 0.7515551456 	
1484 	 1.3500841926 	300.0000234117 	 0.9242459193 	 0.0201369791 	 0.2283078340 	 0.0000000000 	 0.0000000000 	 0.0000000000 	 0.0000000000 	-0.0000000000 	 0.0000000000 	 0.7515551869 	
1485 	 1.3500834070 	300.0000251306 	 0.9242464571 	 0.0201369232 	 0.2283078486 	 0.0000000000 	 0.0000000000 	 0.0000000000 	 0.0000000000 	-0.0000000000 	 0.0000000000 	 0.7515552282 	
1486 	 1.3500826214 	300.0000268495 	 0.9242469949 	 0.0201368672 	 0.2283078633 	 0.0000000000 	 0.0000000000 	 0.0000000000 	 0.0000000000 	-0.0000000000 	 0.0000000000 	 0.7515552695 	
1487 	 1.3500818358 	300.0000285683 	 0.9242475327 	 0.0201368112 	 0.2283078779 	 0.0000000000 	 0.0000000000 	 0.0000000000 	 0.0000000000 	-0.0000000000 	 0.0000000000 	 0.7515553108 	
1488 	 1.3500799982 	300.0000349994 	 0.9242487907 	 0.0201366796 	 0.2283079124 	 0.0000000000 	 0.0000000000 	 0.0000000000 	 0.0000000000 	-0.0000000000 	 0.0000000000 	 0.7515554080 	
1489 	 1.3500778825 	300.0000426757 	 0.9242502391 	 0.0201365279 	 0.2283079522 	 0.0000000000 	 0.0000000000 	 0.0000000000 	 0.0000000000 	-0.0000000000 	 0.0000000000 	 0.7515555199 	
1490 	 1.3500757669 	300.0000503519 	 0.9242516875 	 0.0201363762 	 0.2283079919 	 0.0000000000 	 0.0000000000 	 0.0000000000 	 0.0000000000 	-0.0000000000 	 0.0000000000 	 0.7515556319 	
1491 	 1.3500736512 	300.0000580282 	 0.9242531358 	 0.0201362245 	 0.2283080316 	 0.0000000000 	 0.0000000000 	 0.0000000000 	 0.0000000000 	-0.0000000000 	 0.0000000000 	 0.7515557438 	
1492 	 1.3500715356 	300.0000657045 	 0.9242545842 	 0.0201360729 	 0.2283080714 	 0.0000000000 	 0.0000000000 	 0.0000000000 	 0.0000000000 	-0.0000000000 	 0.0000000000 	 0.7515558557 	
1493 	 1.3500694199 	300.0000733807 	 0.9242560326 	 0.0201359212 	 0.2283081111 	 0.0000000000 	 0.0000000000 	 0.0000000000 	 0.0000000000 	-0.0000000000 	 0.0000000000 	 0.7515559677 	
1494 	 1.3500673043 	300.0000810570 	 0.9242574810 	 0.0201357695 	 0.2283081508 	 0.0000000000 	 0.0000000000 	 0.0000000000 	 0.0000000000 	 0.0000000000 	 0.0000000000 	 0.7515560796 	
1495 	 1.3500651886 	300.0000887333 	 0.9242589293 	 0.0201356178 	 0.2283081906 	 0.0000000000 	 0.0000000000 	 0.0000000000 	 0.0000000000 	 0.0000000000 	 0.0000000000 	 0.7515561916 	
1496 	 1.3500630730 	300.0000964095 	 0.9242603777 	 0.0201354662 	 0.2283082303 	 0.0000000000 	 0.0000000000 	 0.0000000000 	 0.0000000000 	 0.0000000000 	 0.0000000000 	 0.7515563035 	
1497 	 1.3500609573 	300.0001040858 	 0.9242618261 	 0.0201353145 	 0.2283082701 	 0.0000000000 	 0.0000000000 	 0.0000000000 	 0.0000000000 	 0.0000000000 	 0.0000000000 	 0.7515564154 	
1498 	 1.3500588416 	300.0001117621 	 0.9242632745 	 0.0201351628 	 0.2283083098 	 0.0000000000 	 0.0000000000 	 0.0000000000 	 0.0000000000 	 0.0000000000 	 0.0000000000 	 0.7515565274 	
1499 	 1.3500567260 	300.0001194383 	 0.9242647228 	 0.0201350111 	 0.2283083495 	 0.0000000000 	 0.0000000000 	 0.0000000000 	 0.0000000000 	 0.0000000000 	 0.0000000000 	 0.7515566393 	
1500 	 1.3500532761 	300.0001370918 	 0.9242670847 	 0.0201347622 	 0.2283084147 	 0.0000000000 	 0.0000000000 	 0.0000000000 	 0.0000000000 	 0.0000000000 	 0.0000000000 	 0.7515568231 	
1501 	 1.3500484921 	300.0001647226 	 0.9242703600 	 0.0201344159 	 0.2283085054 	 0.0000000001 	 0.0000000000 	 0.0000000000 	 0.0000000000 	 0.0000000000 	 0.0000000000 	 0.7515570786 	
1502 	 1.3500437080 	300.0001923534 	 0.9242736353 	 0.0201340697 	 0.2283085961 	 0.0000000001 	 0.0000000000 	 0.0000000000 	 0.0000000000 	 0.0000000000 	 0.0000000000 	 0.7515573342 	
1503 	 1.3500389240 	300.0002199842 	 0.9242769106 	 0.0201337234 	 0.2283086868 	 0.0000000001 	 0.0000000000 	 0.0000000000 	 0.0000000000 	 0.0000000000 	 0.0000000000 	 0.7515575897 	
1504 	 1.3500341399 	300.0002476149 	 0.9242801858 	 0.0201333772 	 0.2283087775 	 0.0000000001 	 0.0000000000 	 0.0000000000 	 0.0000000000 	 0.0000000000 	 0.0000000000 	 0.7515578452 	
1505 	 1.3500293558 	300.0002752457 	 0.9242834611 	 0.0201330309 	 0.2283088681 	 0.0000000001 	 0.0000000000 	 0.0000000000 	 0.0000000000 	 0.0000000000 	 0.0000000000 	 0.7515581008 	
1506 	 1.3500231602 	300.0003198530 	 0.9242877030 	 0.0201325797 	 0.2283089863 	 0.0000000001 	 0.0000000000 	 0.0000000000 	 0.0000000000 	 0.0000000000 	 0.0000000000 	 0.7515584338 	
1507 	 1.3500143943 	300.0003953713 	 0.9242937047 	 0.0201319374 	 0.2283091545 	 0.0000000002 	 0.0000000000 	 0.0000000000 	 0.0000000000 	 0.0000000000 	 0.0000000000 	 0.7515589079 	
1508 	 1.3500056284 	300.0004708897 	 0.9242997065 	 0.0201312951 	 0.2283093227 	 0.0000000002 	 0.0000000000 	 0.0000000000 	 0.0000000000 	 0.0000000000 	 0.0000000000 	 0.7515593820 	
1509 	 1.3499968625 	300.0005464080 	 0.9243057082 	 0.0201306528 	 0.2283094908 	 0.0000000003 	 0.0000000000 	 0.0000000000 	 0.0000000000 	 0.0000000000 	 0.0000000000 	 0.7515598561 	
1510 	 1.3499880966 	300.0006219263 	 0.9243117100 	 0.0201300104 	 0.2283096590 	 0.0000000003 	 0.0000000000 	 0.0000000000 	 0.0000000000 	 0.0000000000 	 0.0000000000 	 0.7515603302 	
1511 	 1.3499793307 	300.0006974446 	 0.9243177117 	 0.0201293681 	 0.2283098272 	 0.0000000004 	 0.0000000000 	 0.0000000000 	 0.0000000000 	 0.0000000000 	 0.0000000000 	 0.7515608043 	
1512 	 1.3499690605 	300.0008003227 	 0.9243247436 	 0.0201286110 	 0.2283100254 	 0.0000000004 	 0.0000000000 	 0.0000000000 	 0.0000000000 	 0.0000000000 	 0.0000000000 	 0.7515613632 	
1513 	 1.3499530977 	300.0010067388 	 0.9243356741 	 0.0201274194 	 0.2283103372 	 0.0000000006 	 0.0000000000 	 0.0000000000 	 0.0000000000 	 0.0000000000 	 0.0000000000 	 0.7515622428 	
1514 	 1.3499371348 	300.0012131549 	 0.9243466046 	 0.0201262279 	 0.2283106490 	 0.0000000008 	 0.0000000000 	 0.0000000000 	 0.0000000000 	 0.0000000000 	 0.0000000000 	 0.7515631223 	
1515 	 1.3499211720 	300.0014195710 	 0.9243575351 	 0.0201250363 	 0.2283109608 	 0.0000000010 	 0.0000000000 	 0.0000000000 	 0.0000000000 	 0.0000000000 	 0.0000000000 	 0.7515640019 	
1516 	 1.3499052092 	300.0016259871 	 0.9243684656 	 0.0201238447 	 0.2283112727 	 0.0000000011 	 0.0000000000 	 0.0000000000 	 0.0000000000 	 0.0000000000 	 0.0000000000 	 0.7515648814 	
1517 	 1.3498892463 	300.0018324032 	 0.9243793961 	 0.0201226532 	 0.2283115845 	 0.0000000013 	 0.0000000000 	 0.0000000000 	 0.0000000000 	 0.0000000000 	 0.0000000000 	 0.7515657610 	
1518 	 1.3498726721 	300.0020558676 	 0.9243907454 	 0.0201214131 	 0.2283119090 	 0.0000000015 	 0.0000000000 	 0.0000000000 	 0.0000000000 	 0.0000000000 	 0.0000000000 	 0.7515666764 	
1519 	 1.3498470853 	300.0025306562 	 0.9244082682 	 0.0201194575 	 0.2283124204 	 0.0000000020 	 0.0000000000 	 0.0000000000 	 0.0000000000 	 0.0000000001 	 0.0000000000 	 0.7515681201 	
1520 	 1.3498214984 	300.0030054448 	 0.9244257910 	 0.0201175018 	 0.2283129318 	 0.0000000025 	 0.0000000000 	 0.0000000000 	 0.0000000000 	 0.0000000001 	 0.0000000000 	 0.7515695638 	
1521 	 1.3497959116 	300.0034802335 	 0.9244433138 	 0.0201155462 	 0.2283134433 	 0.0000000030 	 0.0000000000 	 0.0000000000 	 0.0000000000 	 0.0000000001 	 0.0000000000 	 0.7515710075 	
1522 	 1.3497604192 	300.0043628328 	 0.9244676236 	 0.0201127624 	 0.2283141707 	 0.0000000041 	 0.0000000000 	 0.0000000000 	 0.0000000000 	 0.0000000001 	 0.0000000000 	 0.7515730626 	
1523 	 1.3497248345 	300.0052492277 	 0.9244919967 	 0.0201099709 	 0.2283149001 	 0.0000000052 	 0.0000000000 	 0.0000000000 	 0.0000000000 	 0.0000000002 	 0.0000000000 	 0.7515751235 	
1524 	 1.3496892499 	300.0061356226 	 0.9245163697 	 0.0201071794 	 0.2283156295 	 0.0000000064 	 0.0000000000 	 0.0000000000 	 0.0000000000 	 0.0000000002 	 0.0000000000 	 0.7515771844 	
1525 	 1.3496413144 	300.0077276281 	 0.9245492082 	 0.0201032928 	 0.2283166441 	 0.0000000089 	 0.0000000000 	 0.0000000000 	 0.0000000000 	 0.0000000003 	 0.0000000001 	 0.7515800539 	
1526 	 1.3495922760 	300.0093826345 	 0.9245828026 	 0.0200993083 	 0.2283176841 	 0.0000000115 	 0.0000000000 	 0.0000000000 	 0.0000000000 	 0.0000000004 	 0.0000000001 	 0.7515829957 	
1527 	 1.3495432377 	300.0110376409 	 0.9246163970 	 0.0200953239 	 0.2283187241 	 0.0000000141 	 0.0000000000 	 0.0000000000 	 0.0000000000 	 0.0000000004 	 0.0000000001 	 0.7515859374 	
1528 	 1.3494792587 	300.0139060935 	 0.9246602368 	 0.0200899006 	 0.2283201378 	 0.0000000195 	 0.0000000000 	 0.0000000000 	 0.0000000000 	 0.0000000006 	 0.0000000001 	 0.7515899413 	
1529 	 1.3494125452 	300.0169966435 	 0.9247059519 	 0.0200842140 	 0.2283216199 	 0.0000000255 	 0.0000000000 	 0.0000000000 	 0.0000000000 	 0.0000000008 	 0.0000000002 	 0.7515941396 	
1530 	 1.3493458317 	300.0200871936 	 0.9247516669 	 0.0200785273 	 0.2283231019 	 0.0000000314 	 0.0000000001 	 0.0000000000 	 0.0000000000 	 0.0000000010 	 0.0000000002 	 0.7515983380 	
1531 	 1.3492661529 	300.0247313961 	 0.9248062773 	 0.0200714334 	 0.2283249481 	 0.0000000419 	 0.0000000001 	 0.0000000000 	 0.0000000000 	 0.0000000014 	 0.0000000003 	 0.7516035749 	
1532 	 1.3491796406 	300.0303558914 	 0.9248655772 	 0.0200635465 	 0.2283269989 	 0.0000000554 	 0.0000000001 	 0.0000000000 	 0.0000000000 	 0.0000000019 	 0.0000000004 	 0.7516093968 	
1533 	 1.3490833733 	300.0376714303 	 0.9249315736 	 0.0200544353 	 0.2283293651 	 0.0000000747 	 0.0000000001 	 0.0000000000 	 0.0000000000 	 0.0000000026 	 0.0000000005 	 0.7516161217 	
1534 	 1.3489778039 	300.0472092840 	 0.9250039594 	 0.0200439634 	 0.2283320800 	 0.0000001027 	 0.0000000001 	 0.0000000000 	 0.0000000000 	 0.0000000036 	 0.0000000008 	 0.7516238492 	
1535 	 1.3488661257 	300.0584450330 	 0.9250805424 	 0.0200325225 	 0.2283350429 	 0.0000001378 	 0.0000000002 	 0.0000000000 	 0.0000000000 	 0.0000000050 	 0.0000000010 	 0.7516322906 	
1536 	 1.3487436029 	300.0734921994 	 0.9251645803 	 0.0200191089 	 0.2283385085 	 0.0000001900 	 0.0000000002 	 0.0000000001 	 0.0000000000 	 0.0000000070 	 0.0000000015 	 0.7516421839 	
1537 	 1.3486140696 	300.0926386258 	 0.9252534434 	 0.0200039022 	 0.2283424277 	 0.0000002634 	 0.0000000003 	 0.0000000001 	 0.0000000000 	 0.0000000099 	 0.0000000021 	 0.7516533944 	
1538 	 1.3484798868 	300.1148611337 	 0.9253455077 	 0.0199873933 	 0.2283466757 	 0.0000003530 	 0.0000000004 	 0.0000000001 	 0.0000000000 	 0.0000000134 	 0.0000000029 	 0.7516655612 	
1539 	 1.3483407089 	300.1454876036 	 0.9254410240 	 0.0199678710 	 0.2283516762 	 0.0000004936 	 0.0000000005 	 0.0000000002 	 0.0000000000 	 0.0000000192 	 0.0000000041 	 0.7516799352 	
1540 	 1.3482025229 	300.1845286336 	 0.9255358780 	 0.0199457552 	 0.2283573160 	 0.0000006921 	 0.0000000006 	 0.0000000003 	 0.0000000000 	 0.0000000275 	 0.0000000059 	 0.7516962023 	
1541 	 1.3480708016 	300.2344009450 	 0.9256263118 	 0.0199206685 	 0.2283636786 	 0.0000009728 	 0.0000000008 	 0.0000000005 	 0.0000000000 	 0.0000000395 	 0.0000000086 	 0.7517146307 	
1542 	 1.3479568206 	300.3007007546 	 0.9257045815 	 0.0198916382 	 0.2283709831 	 0.0000013931 	 0.0000000010 	 0.0000000007 	 0.0000000000 	 0.0000000580 	 0.0000000127 	 0.7517359131 	
1543 	 1.3478702295 	300.3852983663 	 0.9257640508 	 0.0198587568 	 0.2283791862 	 0.0000019869 	 0.0000000013 	 0.0000000011 	 0.0000000000 	 0.0000000847 	 0.0000000187 	 0.7517599642 	
1544 	 1.3478257573 	300.4930288845 	 0.9257945960 	 0.0198215396 	 0.2283883747 	 0.0000028222 	 0.0000000017 	 0.0000000017 	 0.0000000000 	 0.0000001231 	 0.0000000274 	 0.7517871097 	
1545 	 1.3478523083 	300.6339705102 	 0.9257763585 	 0.0197788493 	 0.2283987615 	 0.0000040430 	 0.0000000021 	 0.0000000025 	 0.0000000000 	 0.0000001806 	 0.0000000406 	 0.7518181204 	
1546 	 1.3479831718 	300.8172686537 	 0.9256864824 	 0.0197301564 	 0.2284103849 	 0.0000058216 	 0.0000000028 	 0.0000000038 	 0.0000000000 	 0.0000002666 	 0.0000000604 	 0.7518533035 	
1547 	 1.3482731927 	301.0588920153 	 0.9254873630 	 0.0196743084 	 0.2284233672 	 0.0000084658 	 0.0000000037 	 0.0000000059 	 0.0000000000 	 0.0000003980 	 0.0000000910 	 0.7518933601 	
1548 	 1.3487810966 	301.3742797795 	 0.9251388594 	 0.0196106066 	 0.2284376796 	 0.0000123404 	 0.0000000048 	 0.0000000090 	 0.0000000000 	 0.0000005958 	 0.0000001374 	 0.7519386264 	
1549 	 1.3495933103 	301.7865137871 	 0.9245820895 	 0.0195379161 	 0.2284532834 	 0.0000180202 	 0.0000000063 	 0.0000000137 	 0.0000000000 	 0.0000008938 	 0.0000002079 	 0.7519896586 	
1550 	 1.3508369430 	302.3289550101 	 0.9237309149 	 0.0194547691 	 0.2284700232 	 0.0000264222 	 0.0000000083 	 0.0000000211 	 0.0000000000 	 0.0000013472 	 0.0000003161 	 0.7520470927 	
1551 	 1.3526452623 	303.0346765814 	 0.9224959671 	 0.0193602571 	 0.2284874840 	 0.0000386424 	 0.0000000110 	 0.0000000325 	 0.0000000000 	 0.0000020253 	 0.0000004789 	 0.7521110688 	
1552 	 1.3552726097 	303.9682718629 	 0.9207076293 	 0.0192521782 	 0.2285049142 	 0.0000568759 	 0.0000000145 	 0.0000000504 	 0.0000000000 	 0.0000030696 	 0.0000007309 	 0.7521821662 	
1553 	 1.3589981859 	305.1980044087 	 0.9181836231 	 0.0191290369 	 0.2285209962 	 0.0000838850 	 0.0000000193 	 0.0000000786 	 0.0000000001 	 0.0000046678 	 0.0000011179 	 0.7522601982 	
1554 	 1.3642023577 	306.8165622770 	 0.9146809409 	 0.0189889730 	 0.2285336259 	 0.0001237685 	 0.0000000258 	 0.0000001233 	 0.0000000001 	 0.0000071096 	 0.0000017091 	 0.7523446646 	
1555 	 1.3713841538 	308.9445012931 	 0.9098907362 	 0.0188300025 	 0.2285394887 	 0.0001824316 	 0.0000000347 	 0.0000001953 	 0.0000000002 	 0.0000108332 	 0.0000026061 	 0.7524344077 	
1556 	 1.3812182347 	311.7439682037 	 0.9034127873 	 0.0186498893 	 0.2285333528 	 0.0002685710 	 0.0000000469 	 0.0000003138 	 0.0000000004 	 0.0000165181 	 0.0000039596 	 0.7525273480 	
1557 	 1.3945323039 	315.4123281272 	 0.8947881818 	 0.0184466853 	 0.2285075455 	 0.0003939701 	 0.0000000642 	 0.0000005131 	 0.0000000010 	 0.0000251426 	 0.0000059713 	 0.7526201069 	
1558 	 1.4123846774 	320.2015416190 	 0.8834774750 	 0.0182183784 	 0.2284507346 	 0.0005750693 	 0.0000000893 	 0.0000008597 	 0.0000000026 	 0.0000381406 	 0.0000089095 	 0.7527078158 	
1559 	 1.4362355836 	326.4586047897 	 0.8688062900 	 0.0179627640 	 0.2283452222 	 0.0008362290 	 0.0000001271 	 0.0000014928 	 0.0000000074 	 0.0000576903 	 0.0000131381 	 0.7527833291 	
1560 	 1.4677488464 	334.5779078863 	 0.8501520256 	 0.0176786040 	 0.2281675646 	 0.0012076735 	 0.0000001864 	 0.0000026939 	 0.0000000214 	 0.0000864144 	 0.0000190180 	 0.7528378239 	
1561 	 1.5089674095 	345.0452883297 	 0.8269294327 	 0.0173647827 	 0.2278853897 	 0.0017295936 	 0.0000002842 	 0.0000050632 	 0.0000000613 	 0.0001271846 	 0.0000268574 	 0.7528607833 	
1562 	 1.5621465843 	358.3973152680 	 0.7987791321 	 0.0170214376 	 0.2274590516 	 0.0024493485 	 0.0000004533 	 0.0000098140 	 0.0000001685 	 0.0001816037 	 0.0000367023 	 0.7528414207 	
1563 	 1.6295490788 	375.1761447345 	 0.7657399092 	 0.0166495456 	 0.2268440471 	 0.0034192113 	 0.0000007566 	 0.0000192230 	 0.0000004368 	 0.0002478166 	 0.0000481557 	 0.7527708074 	
1564 	 1.7131133622 	395.8516795373 	 0.7283880488 	 0.0162510616 	 0.2259954453 	 0.0046910239 	 0.0000013135 	 0.0000370090 	 0.0000010539 	 0.0003186722 	 0.0000603235 	 0.7526440972 	
1565 	 1.8139647700 	420.7064627737 	 0.6878916723 	 0.0158287692 	 0.2248735117 	 0.0063079808 	 0.0000023363 	 0.0000680165 	 0.0000023494 	 0.0003827020 	 0.0000720067 	 0.7524623276 	
1566 	 1.9319612276 	449.7271312179 	 0.6458774671 	 0.0153859656 	 0.2234487168 	 0.0082963945 	 0.0000041739 	 0.0001165257 	 0.0000048193 	 0.0004289788 	 0.0000820431 	 0.7522323825 	
1567 	 2.0655296773 	482.5625888744 	 0.6041116235 	 0.0149260966 	 0.2217059124 	 0.0106612808 	 0.0000073535 	 0.0001835578 	 0.0000090937 	 0.0004524519 	 0.0000895271 	 0.7519647265 	
1568 	 2.2119201121 	518.5797270006 	 0.5641307195 	 0.0144524936 	 0.2196475889 	 0.0133873416 	 0.0000126270 	 0.0002651080 	 0.0000158342 	 0.0004550292 	 0.0000938319 	 0.7516701458 	
1569 	 2.3677762237 	556.9934919553 	 0.5270001529 	 0.0139686261 	 0.2172956054 	 0.0164415962 	 0.0000210431 	 0.0003530065 	 0.0000255942 	 0.0004423707 	 0.0000946139 	 0.7513575439 	
1570 	 2.5296786669 	596.9965616873 	 0.4932710387 	 0.0134773917 	 0.2146847014 	 0.0197820517 	 0.0000340673 	 0.0004381262 	 0.0000387216 	 0.0004203754 	 0.0000919121 	 0.7510326527 	
1571 	 2.6946277280 	637.8745453880 	 0.4630769593 	 0.0129807759 	 0.2118477331 	 0.0233705836 	 0.0000537846 	 0.0005134943 	 0.0000553572 	 0.0003934336 	 0.0000861369 	 0.7506987010 	
1572 	 2.8602090452 	679.0421643137 	 0.4362655409 	 0.0124808647 	 0.2088154137 	 0.0271689266 	 0.0000829351 	 0.0005756267 	 0.0000754272 	 0.0003644553 	 0.0000780175 	 0.7503583331 	
1573 	 3.0246171281 	720.0531609307 	 0.4125540380 	 0.0119793464 	 0.2056082479 	 0.0311461459 	 0.0001249583 	 0.0006245128 	 0.0000987394 	 0.0003352784 	 0.0000684360 	 0.7500143349 	
1574 	 3.1865906601 	760.5870517923 	 0.3915819198 	 0.0114768954 	 0.2022319777 	 0.0352840526 	 0.0001837321 	 0.0006629275 	 0.0001250402 	 0.0003070044 	 0.0000582675 	 0.7496701025 	
1575 	 3.3453219890 	800.4222898669 	 0.3730028803 	 0.0109754952 	 0.1986927709 	 0.0395596485 	 0.0002631182 	 0.0006949645 	 0.0001539878 	 0.0002803241 	 0.0000482904 	 0.7493314004 	
1576 	 3.5003450482 	839.4208737573 	 0.3564833111 	 0.0104758026 	 0.1949854990 	 0.0439626896 	 0.0003664784 	 0.0007255603 	 0.0001852734 	 0.0002555660 	 0.0000390730 	 0.7490040577 	
1577 	 3.6514144244 	877.4970503936 	 0.3417337284 	 0.0099782082 	 0.1910993045 	 0.0484891768 	 0.0004964194 	 0.0007596804 	 0.0002186109 	 0.0002328621 	 0.0000309701 	 0.7486947676 	
1578 	 3.7984242564 	914.5978263152 	 0.3285083302 	 0.0094833641 	 0.1870250851 	 0.0531343487 	 0.0006543404 	 0.0008019667 	 0.0002537042 	 0.0002122187 	 0.0000241549 	 0.7484108170 	
1579 	 3.9413676388 	950.6956173015 	 0.3165933699 	 0.0089920224 	 0.1827585024 	 0.0578913686 	 0.0008400486 	 0.0008564854 	 0.0002902385 	 0.0001935474 	 0.0000186424 	 0.7481591441 	
1580 	 4.0802427226 	985.7666059361 	 0.3058182568 	 0.0085051597 	 0.1783004755 	 0.0627505007 	 0.0010520293 	 0.0009267439 	 0.0003278846 	 0.0001767234 	 0.0000143486 	 0.7479461343 	
1581 	 4.2150663721 	1019.7952815279 	 0.2960361358 	 0.0080239879 	 0.1736610940 	 0.0676964327 	 0.0012872725 	 0.0010154728 	 0.0003662742 	 0.0001615886 	 0.0000111195 	 0.7477767577 	
1582 	 4.3458284810 	1052.7636445565 	 0.2871285016 	 0.0075500147 	 0.1688587042 	 0.0727084605 	 0.0015417764 	 0.0011247193 	 0.0004050053 	 0.0001479827 	 0.0000087782 	 0.7476545586 	
1583 	 4.4725039132 	1084.6545085701 	 0.2789962905 	 0.0070850189 	 0.1639204639 	 0.0777600802 	 0.0018107976 	 0.0012557742 	 0.0004436384 	 0.0001357477 	 0.0000071469 	 0.7475813322 	
1584 	 4.5950591534 	1115.4534367862 	 0.2715546899 	 0.0066309653 	 0.1588816170 	 0.0828196972 	 0.0020892086 	 0.0014090934 	 0.0004817076 	 0.0001247315 	 0.0000060622 	 0.7475569172 	
1585 	 4.7134182276 	1145.1393697659 	 0.2647360043 	 0.0061900326 	 0.1537830906 	 0.0878518119 	 0.0023719164 	 0.0015845145 	 0.0005187277 	 0.0001148030 	 0.0000053884 	 0.7475797148 	
1586 	 4.8275266085 	1173.7009236206 	 0.2584782688 	 0.0057643456 	 0.1486703750 	 0.0928188838 	 0.0026540755 	 0.0017809992 	 0.0005542244 	 0.0001058386 	 0.0000050139 	 0.7476462440 	
1587 	 4.9373042947 	1201.1231316358 	 0.2527311915 	 0.0053560479 	 0.1435905809 	 0.0976826641 	 0.0029313453 	 0.0019969911 	 0.0005877392 	 0.0000977359 	 0.0000048541 	 0.7477520415 	
1588 	 5.0426847567 	1227.3967847016 	 0.2474500519 	 0.0049671670 	 0.1385914300 	 0.1024054107 	 0.0031999505 	 0.0022303127 	 0.0006188516 	 0.0000904059 	 0.0000048456 	 0.7478916260 	
1589 	 5.1436673159 	1252.5306460989 	 0.2425915712 	 0.0045994803 	 0.1337195111 	 0.1069516958 	 0.0034567783 	 0.0024780608 	 0.0006472092 	 0.0000837699 	 0.0000049411 	 0.7480585535 	
1590 	 5.2402063924 	1276.5237974472 	 0.2381224400 	 0.0042538653 	 0.1290073295 	 0.1112987457 	 0.0036998123 	 0.0027377412 	 0.0006725600 	 0.0000777582 	 0.0000051077 	 0.7482470802 	
1591 	 5.3323109363 	1299.3886457845 	 0.2340092554 	 0.0039314325 	 0.1244919432 	 0.1154201270 	 0.0039272019 	 0.0030060529 	 0.0006946994 	 0.0000723152 	 0.0000053214 	 0.7484509066 	
1592 	 5.4200098406 	1321.1421783537 	 0.2302229040 	 0.0036328280 	 0.1202024758 	 0.1192965630 	 0.0041377288 	 0.0032797483 	 0.0007135035 	 0.0000673908 	 0.0000055648 	 0.7486641970 	
1593 	 5.5033829280 	1341.8134979873 	 0.2267351400 	 0.0033581158 	 0.1161593157 	 0.1229167884 	 0.0043307820 	 0.0035556459 	 0.0007289505 	 0.0000629373 	 0.0000058249 	 0.7488816395 	
1594 	 5.5825298555 	1361.4356068626 	 0.2235205328 	 0.0031070187 	 0.1123764363 	 0.1262749841 	 0.0045061190 	 0.0038307394 	 0.0007410880 	 0.0000589129 	 0.0000060922 	 0.7490986094 	
1595 	 5.6575721720 	1380.0458086392 	 0.2205557835 	 0.0028789328 	 0.1088616065 	 0.1293705279 	 0.0046638013 	 0.0041022660 	 0.0007500274 	 0.0000552792 	 0.0000063593 	 0.7493111999 	
1596 	 5.7286537223 	1397.6856098739 	 0.2178193205 	 0.0026730226 	 0.1056177218 	 0.1322067214 	 0.0048040970 	 0.0043676973 	 0.0007559328 	 0.0000520013 	 0.0000066202 	 0.7495161857 	
1597 	 5.7959868595 	1414.4115800911 	 0.2152887988 	 0.0024879417 	 0.1026380225 	 0.1347948595 	 0.0049277064 	 0.0046250333 	 0.0007590410 	 0.0000490426 	 0.0000068709 	 0.7497114821 	
1598 	 5.8597450531 	1430.2700725986 	 0.2129461699 	 0.0023223437 	 0.0999139901 	 0.1371471022 	 0.0050353047 	 0.0048726577 	 0.0007595879 	 0.0000463722 	 0.0000071082 	 0.7498955336 	
1599 	 5.9201021752 	1445.3066035743 	 0.2107751114 	 0.0021748572 	 0.0974355206 	 0.1392764930 	 0.0051275964 	 0.0051092152 	 0.0007578234 	 0.0000439625 	 0.0000073295 	 0.7500672022 	
1600 	 5.9772497520 	1459.5700430781 	 0.2087599948 	 0.0020439738 	 0.0951890759 	 0.1411985351 	 0.0052054257 	 0.0053337543 	 0.0007540153 	 0.0000417870 	 0.0000075332 	 0.7502258998 	
1601 	 6.0313899666 	1473.1109906848 	 0.2068860845 	 0.0019281210 	 0.0931587107 	 0.1429302325 	 0.0052697362 	 0.0055457156 	 0.0007484350 	 0.0000398204 	 0.0000077185 	 0.7503715102 	
1602 	 6.0827088135 	1485.9754454907 	 0.2051405775 	 0.0018258227 	 0.0913284986 	 0.1444879796 	 0.0053214441 	 0.0057447949 	 0.0007413366 	 0.0000380406 	 0.0000078847 	 0.7505041982 	
1603 	 6.1313867399 	1498.2074955394 	 0.2035118651 	 0.0017356592 	 0.0896821607 	 0.1458879575 	 0.0053614798 	 0.0059309434 	 0.0007329601 	 0.0000364274 	 0.0000080320 	 0.7506243802 	
1604 	 6.1775850893 	1509.8461827678 	 0.2019899435 	 0.0016563374 	 0.0882043020 	 0.1471451325 	 0.0053907248 	 0.0061042589 	 0.0007235236 	 0.0000349632 	 0.0000081604 	 0.7507325973 	
1605 	 6.2214764056 	1520.9328515053 	 0.2005649756 	 0.0015865687 	 0.0868786233 	 0.1482748148 	 0.0054101372 	 0.0062651091 	 0.0007132345 	 0.0000336313 	 0.0000082707 	 0.7508296105 	
1606 	 6.2632220426 	1531.5058823019 	 0.1992281679 	 0.0015251791 	 0.0856897181 	 0.1492911677 	 0.0054206446 	 0.0064139858 	 0.0007022769 	 0.0000324167 	 0.0000083637 	 0.7509162474 	
1607 	 6.3029674165 	1541.5996383102 	 0.1979718453 	 0.0014711260 	 0.0846235005 	 0.1502069178 	 0.0054231181 	 0.0065514394 	 0.0006908116 	 0.0000313063 	 0.0000084405 	 0.7509933398 	
1608 	 6.3408481156 	1551.2459936563 	 0.1967891042 	 0.0014234703 	 0.0836668919 	 0.1510336720 	 0.0054183924 	 0.0066780805 	 0.0006789794 	 0.0000302886 	 0.0000085019 	 0.7510617229 	
1609 	 6.3769795673 	1560.4718997020 	 0.1956741366 	 0.0013814045 	 0.0828084350 	 0.1517814740 	 0.0054072231 	 0.0067944931 	 0.0006669008 	 0.0000293539 	 0.0000085491 	 0.7511221666 	
1610 	 6.4114881247 	1569.3069043339 	 0.1946209748 	 0.0013441509 	 0.0820366032 	 0.1524602023 	 0.0053903943 	 0.0069013945 	 0.0006546815 	 0.0000284926 	 0.0000085832 	 0.7511754976 	
1611 	 6.4444830985 	1577.7764732829 	 0.1936245357 	 0.0013110496 	 0.0813414179 	 0.1530783047 	 0.0053686073 	 0.0069994533 	 0.0006424092 	 0.0000276967 	 0.0000086054 	 0.7512224560 	
1612 	 6.4760631046 	1585.9035347522 	 0.1926803243 	 0.0012815284 	 0.0807140342 	 0.1536431730 	 0.0053425033 	 0.0070893113 	 0.0006301568 	 0.0000269591 	 0.0000086167 	 0.7512637173 	
1613 	 6.5062965734 	1593.7036258659 	 0.1917850972 	 0.0012551483 	 0.0801477213 	 0.1541603882 	 0.0053126163 	 0.0071714336 	 0.0006179895 	 0.0000262749 	 0.0000086180 	 0.7512998100 	
1614 	 6.5353338885 	1601.2122074288 	 0.1909328750 	 0.0012313449 	 0.0796325017 	 0.1546378989 	 0.0052796482 	 0.0072467733 	 0.0006059501 	 0.0000256360 	 0.0000086107 	 0.7513316363 	
1615 	 6.5631985414 	1608.4341556588 	 0.1901223042 	 0.0012098541 	 0.0791642771 	 0.1550790654 	 0.0052439411 	 0.0073155905 	 0.0005940822 	 0.0000250397 	 0.0000085952 	 0.7513595547 	
1616 	 6.5899938341 	1615.3938988606 	 0.1893492499 	 0.0011902885 	 0.0787362678 	 0.1554892558 	 0.0052060079 	 0.0073785795 	 0.0005824122 	 0.0000244807 	 0.0000085728 	 0.7513841349 	
1617 	 6.6157857872 	1622.1068794850 	 0.1886110005 	 0.0011723757 	 0.0783437247 	 0.1558722062 	 0.0051662312 	 0.0074362182 	 0.0005709624 	 0.0000239553 	 0.0000085441 	 0.7514057823 	
1618 	 6.6406026721 	1628.5792967448 	 0.1879061955 	 0.0011559253 	 0.0779834717 	 0.1562304038 	 0.0051249094 	 0.0074887846 	 0.0005597588 	 0.0000234613 	 0.0000085097 	 0.7514247756 	
1619 	 6.6645419526 	1634.8345375636 	 0.1872311730 	 0.0011406738 	 0.0776504679 	 0.1565677298 	 0.0050824112 	 0.0075369030 	 0.0005488025 	 0.0000229946 	 0.0000084704 	 0.7514415467 	
1620 	 6.6876182657 	1640.8755940936 	 0.1865851396 	 0.0011264970 	 0.0773426018 	 0.1568857960 	 0.0050389606 	 0.0075807647 	 0.0005381124 	 0.0000225536 	 0.0000084268 	 0.7514562871 	
1621 	 6.7098976688 	1646.7182801595 	 0.1859656072 	 0.0011132220 	 0.0770564839 	 0.1571871749 	 0.0049948178 	 0.0076208083 	 0.0005276878 	 0.0000221357 	 0.0000083793 	 0.7514692903 	
1622 	 6.7314278740 	1652.3739665607 	 0.1853707566 	 0.0011007211 	 0.0767895876 	 0.1574737679 	 0.0049501873 	 0.0076573645 	 0.0005175285 	 0.0000217386 	 0.0000083286 	 0.7514807759 	
1623 	 6.7522205208 	1657.8450605621 	 0.1847999750 	 0.0010889138 	 0.0765404544 	 0.1577466439 	 0.0049052363 	 0.0076905929 	 0.0005076449 	 0.0000213614 	 0.0000082749 	 0.7514908774 	
1624 	 6.7723389975 	1663.1468151047 	 0.1842509897 	 0.0010776941 	 0.0763067812 	 0.1580074820 	 0.0048601467 	 0.0077208507 	 0.0004980296 	 0.0000210021 	 0.0000082188 	 0.7514997949 	
1625 	 6.7917924069 	1668.2809994241 	 0.1837233898 	 0.0010670048 	 0.0760873169 	 0.1582571681 	 0.0048150395 	 0.0077482682 	 0.0004886903 	 0.0000206597 	 0.0000081605 	 0.7515076921 	
1626 	 6.8106772111 	1673.2715805881 	 0.1832139360 	 0.0010567315 	 0.0758792996 	 0.1584978050 	 0.0047700167 	 0.0077733274 	 0.0004795947 	 0.0000203314 	 0.0000081005 	 0.7515147933 	
1627 	 6.8290189619 	1678.1247204811 	 0.1827216903 	 0.0010468273 	 0.0756816828 	 0.1587301554 	 0.0047251593 	 0.0077961919 	 0.0004707383 	 0.0000200163 	 0.0000080390 	 0.7515211899 	
1628 	 6.8467558829 	1682.8244275337 	 0.1822484598 	 0.0010373020 	 0.0754950305 	 0.1589536813 	 0.0046805879 	 0.0078166836 	 0.0004621553 	 0.0000197155 	 0.0000079761 	 0.7515268678 	
1629 	 6.8639950457 	1687.3975815803 	 0.1817907584 	 0.0010280653 	 0.0753169372 	 0.1591702412 	 0.0046363312 	 0.0078352798 	 0.0004538027 	 0.0000194262 	 0.0000079123 	 0.7515320043 	
1630 	 6.8807650415 	1691.8512276540 	 0.1813475982 	 0.0010190837 	 0.0751465614 	 0.1593804525 	 0.0045924328 	 0.0078521351 	 0.0004456710 	 0.0000191475 	 0.0000078476 	 0.7515366685 	
1631 	 6.8970363973 	1696.1776109406 	 0.1809197855 	 0.0010103561 	 0.0749840223 	 0.1595841378 	 0.0045489818 	 0.0078671908 	 0.0004377779 	 0.0000188798 	 0.0000077823 	 0.7515408712 	
1632 	 6.9128487514 	1700.3866254698 	 0.1805060028 	 0.0010018486 	 0.0748283857 	 0.1597819983 	 0.0045060016 	 0.0078806357 	 0.0004301078 	 0.0000186220 	 0.0000077165 	 0.7515446839 	
1633 	 6.9282521766 	1704.4908954528 	 0.1801046397 	 0.0009935268 	 0.0746786614 	 0.1599748045 	 0.0044634872 	 0.0078926825 	 0.0004226385 	 0.0000183730 	 0.0000076503 	 0.7515481759 	
1634 	 6.9432420755 	1708.4890735002 	 0.1797157593 	 0.0009853842 	 0.0745347044 	 0.1601626155 	 0.0044214868 	 0.0079033504 	 0.0004153744 	 0.0000181325 	 0.0000075840 	 0.7515513678 	
1635 	 6.9578068104 	1712.3779952040 	 0.1793396308 	 0.0009774180 	 0.0743964673 	 0.1603454014 	 0.0043800592 	 0.0079126376 	 0.0004083232 	 0.0000179008 	 0.0000075175 	 0.7515542752 	
1636 	 6.9720122508 	1716.1744446491 	 0.1789742121 	 0.0009695950 	 0.0742629064 	 0.1605240203 	 0.0043391499 	 0.0079207873 	 0.0004014532 	 0.0000176763 	 0.0000074510 	 0.7515569606 	
1637 	 6.9858716346 	1719.8817125213 	 0.1786190534 	 0.0009619060 	 0.0741337288 	 0.1606986838 	 0.0042987675 	 0.0079278655 	 0.0003947588 	 0.0000174586 	 0.0000073846 	 0.7515594465 	
1638 	 6.9993383971 	1723.4876536583 	 0.1782754650 	 0.0009543646 	 0.0740093829 	 0.1608689240 	 0.0042590162 	 0.0079337581 	 0.0003882645 	 0.0000172486 	 0.0000073185 	 0.7515617227 	
1639 	 7.0124856765 	1727.0110306698 	 0.1779412359 	 0.0009469405 	 0.0738888660 	 0.1610356087 	 0.0042198040 	 0.0079387094 	 0.0003819338 	 0.0000170448 	 0.0000072525 	 0.7515638405 	
1640 	 7.0253259720 	1730.4549843496 	 0.1776159548 	 0.0009396272 	 0.0737719516 	 0.1611989073 	 0.0041811293 	 0.0079427748 	 0.0003757608 	 0.0000168468 	 0.0000071868 	 0.7515658153 	
1641 	 7.0378340928 	1733.8128952257 	 0.1773003030 	 0.0009324322 	 0.0736588537 	 0.1613585719 	 0.0041430585 	 0.0079459033 	 0.0003697588 	 0.0000166550 	 0.0000071216 	 0.7515676451 	
1642 	 7.0500400343 	1737.0924432157 	 0.1769933633 	 0.0009253436 	 0.0735491599 	 0.1615149530 	 0.0041055560 	 0.0079481984 	 0.0003639126 	 0.0000164687 	 0.0000070567 	 0.7515693512 	
1643 	 7.0619717314 	1740.3008000287 	 0.1766942905 	 0.0009183509 	 0.0734425044 	 0.1616683690 	 0.0040685844 	 0.0079497529 	 0.0003582079 	 0.0000162875 	 0.0000069923 	 0.7515709508 	
1644 	 7.0736211546 	1743.4358106915 	 0.1764032750 	 0.0009114565 	 0.0733389291 	 0.1618187451 	 0.0040321736 	 0.0079505607 	 0.0003526491 	 0.0000161113 	 0.0000069284 	 0.7515724463 	
1645 	 7.0849838148 	1746.4962370065 	 0.1761204027 	 0.0009046618 	 0.0732384381 	 0.1619660425 	 0.0039963471 	 0.0079506261 	 0.0003472382 	 0.0000159403 	 0.0000068650 	 0.7515738408 	
1646 	 7.0960997254 	1749.4924290431 	 0.1758445022 	 0.0008979529 	 0.0731405673 	 0.1621106963 	 0.0039610350 	 0.0079500663 	 0.0003419547 	 0.0000157736 	 0.0000068022 	 0.7515751520 	
1647 	 7.1069747328 	1752.4258617061 	 0.1755753778 	 0.0008913280 	 0.0730452279 	 0.1622527722 	 0.0039262344 	 0.0079489075 	 0.0003367951 	 0.0000156111 	 0.0000067399 	 0.7515763840 	
1648 	 7.1175764727 	1755.2880469733 	 0.1753139011 	 0.0008847987 	 0.0729527295 	 0.1623919257 	 0.0038920255 	 0.0079470843 	 0.0003317760 	 0.0000154533 	 0.0000066783 	 0.7515775287 	
1649 	 7.1279544815 	1758.0918572315 	 0.1750586543 	 0.0008783481 	 0.0728625342 	 0.1625286866 	 0.0038583101 	 0.0079447297 	 0.0003268715 	 0.0000152993 	 0.0000066174 	 0.7515786031 	
1650 	 7.1381148985 	1760.8388611033 	 0.1748094402 	 0.0008719745 	 0.0727745614 	 0.1626631193 	 0.0038250817 	 0.0079418692 	 0.0003220781 	 0.0000151490 	 0.0000065570 	 0.7515796100 	
1651 	 7.1479842356 	1763.5096837280 	 0.1745682486 	 0.0008657083 	 0.0726895925 	 0.1627943532 	 0.0037925345 	 0.0079383495 	 0.0003174354 	 0.0000150036 	 0.0000064975 	 0.7515805256 	
1652 	 7.1577125659 	1766.1435266487 	 0.1743309401 	 0.0008594946 	 0.0726060409 	 0.1629240553 	 0.0037603213 	 0.0079345156 	 0.0003128666 	 0.0000148605 	 0.0000064384 	 0.7515814069 	
1653 	 7.1672534304 	1768.7281956381 	 0.1740987943 	 0.0008533509 	 0.0725243661 	 0.1630517254 	 0.0037285523 	 0.0079302645 	 0.0003083960 	 0.0000147206 	 0.0000063799 	 0.7515822441 	
1654 	 7.1765381693 	1771.2455936342 	 0.1738736601 	 0.0008473046 	 0.0724452333 	 0.1631766077 	 0.0036974045 	 0.0079254586 	 0.0003040596 	 0.0000145849 	 0.0000063223 	 0.7515830246 	
1655 	 7.1856898582 	1773.7280159466 	 0.1736521538 	 0.0008413096 	 0.0723674139 	 0.1633000366 	 0.0036665840 	 0.0079203700 	 0.0002997927 	 0.0000144514 	 0.0000062652 	 0.7515837766 	
1656 	 7.1946510288 	1776.1603364521 	 0.1734358331 	 0.0008353884 	 0.0722914711 	 0.1634213813 	 0.0036362351 	 0.0079148803 	 0.0002956254 	 0.0000143210 	 0.0000062088 	 0.7515844887 	
1657 	 7.2033991960 	1778.5365742500 	 0.1732252777 	 0.0008295514 	 0.0722176128 	 0.1635403831 	 0.0036064232 	 0.0079089549 	 0.0002915694 	 0.0000141940 	 0.0000061531 	 0.7515851582 	
1658 	 7.2120254788 	1780.8807003753 	 0.1730180117 	 0.0008237632 	 0.0721449435 	 0.1636580398 	 0.0035769215 	 0.0079027842 	 0.0002875768 	 0.0000140691 	 0.0000060979 	 0.7515858039 	
1659 	 7.2204597050 	1783.1741996421 	 0.1728159161 	 0.0008180525 	 0.0720741431 	 0.1637735716 	 0.0035479124 	 0.0078962322 	 0.0002836844 	 0.0000139471 	 0.0000060435 	 0.7515864131 	
1660 	 7.2287176829 	1785.4211860769 	 0.1726185403 	 0.0008124144 	 0.0720050492 	 0.1638871414 	 0.0035193625 	 0.0078893409 	 0.0002798837 	 0.0000138280 	 0.0000059898 	 0.7515869902 	
1661 	 7.2368636922 	1787.6386109867 	 0.1724241572 	 0.0008068228 	 0.0719370376 	 0.1639994616 	 0.0034911060 	 0.0078822365 	 0.0002761411 	 0.0000137107 	 0.0000059365 	 0.7515875472 	
1662 	 7.2448172948 	1789.8052022825 	 0.1722349005 	 0.0008013120 	 0.0718708808 	 0.1641096265 	 0.0034633583 	 0.0078747730 	 0.0002724984 	 0.0000135964 	 0.0000058841 	 0.7515880706 	
1663 	 7.2526260994 	1791.9334966039 	 0.1720494826 	 0.0007958633 	 0.0718061143 	 0.1642181588 	 0.0034359989 	 0.0078670475 	 0.0002689307 	 0.0000134843 	 0.0000058324 	 0.7515885698 	
1664 	 7.2603317746 	1794.0345081903 	 0.1718667959 	 0.0007904590 	 0.0717423373 	 0.1643255267 	 0.0034089169 	 0.0078591369 	 0.0002654164 	 0.0000133739 	 0.0000057811 	 0.7515890518 	
1665 	 7.2678456203 	1796.0847298618 	 0.1716891706 	 0.0007851387 	 0.0716803957 	 0.1644307179 	 0.0033823561 	 0.0078508904 	 0.0002620013 	 0.0000132664 	 0.0000057306 	 0.7515895029 	
1666 	 7.2752416699 	1798.1037308505 	 0.1715146388 	 0.0007798708 	 0.0716195774 	 0.1645345638 	 0.0033561193 	 0.0078424444 	 0.0002586469 	 0.0000131608 	 0.0000056808 	 0.7515899358 	
1667 	 7.2825424961 	1800.0974919513 	 0.1713426069 	 0.0007746455 	 0.0715596671 	 0.1646373216 	 0.0033301448 	 0.0078338375 	 0.0002553417 	 0.0000130566 	 0.0000056313 	 0.7515903539 	
1668 	 7.2896527878 	1802.0407026542 	 0.1711755560 	 0.0007695067 	 0.0715015683 	 0.1647378892 	 0.0033047008 	 0.0078249187 	 0.0002521345 	 0.0000129553 	 0.0000055829 	 0.7515907437 	
1669 	 7.2966685344 	1803.9588049709 	 0.1710109658 	 0.0007644116 	 0.0714443660 	 0.1648373630 	 0.0032795230 	 0.0078158505 	 0.0002489758 	 0.0000128554 	 0.0000055348 	 0.7515911198 	
1670 	 7.3035893478 	1805.8516957868 	 0.1708488465 	 0.0007593606 	 0.0713880638 	 0.1649357386 	 0.0032546125 	 0.0078066322 	 0.0002458659 	 0.0000127570 	 0.0000054873 	 0.7515914823 	
1671 	 7.3103350735 	1807.6980434551 	 0.1706912646 	 0.0007543919 	 0.0713334173 	 0.1650320755 	 0.0032302004 	 0.0077971469 	 0.0002428456 	 0.0000126612 	 0.0000054407 	 0.7515918205 	
1672 	 7.3169995255 	1809.5227676249 	 0.1705357808 	 0.0007494623 	 0.0712795375 	 0.1651274607 	 0.0032060219 	 0.0077875419 	 0.0002398669 	 0.0000125667 	 0.0000053944 	 0.7515921478 	
1673 	 7.3235637273 	1811.3208173845 	 0.1703828841 	 0.0007445806 	 0.0712266033 	 0.1652216713 	 0.0031821316 	 0.0077777896 	 0.0002369395 	 0.0000124736 	 0.0000053488 	 0.7515924618 	
1674 	 7.3299784813 	1813.0790656310 	 0.1702338283 	 0.0007397719 	 0.0711750755 	 0.1653141198 	 0.0031586755 	 0.0077678260 	 0.0002340882 	 0.0000123828 	 0.0000053039 	 0.7515927566 	
1675 	 7.3363176360 	1814.8171663244 	 0.1700867097 	 0.0007350005 	 0.0711242577 	 0.1654056729 	 0.0031354405 	 0.0077577588 	 0.0002312753 	 0.0000122930 	 0.0000052594 	 0.7515930419 	
1676 	 7.3425523534 	1816.5274279266 	 0.1699422645 	 0.0007302808 	 0.0710744203 	 0.1654959871 	 0.0031125118 	 0.0077475497 	 0.0002285156 	 0.0000122048 	 0.0000052155 	 0.7515933143 	
1677 	 7.3486600290 	1818.2037953790 	 0.1698010587 	 0.0007256252 	 0.0710257730 	 0.1655847851 	 0.0030899590 	 0.0077371751 	 0.0002258202 	 0.0000121185 	 0.0000051723 	 0.7515935716 	
1678 	 7.3546972316 	1819.8613514829 	 0.1696616458 	 0.0007210053 	 0.0709777848 	 0.1656727390 	 0.0030676158 	 0.0077267109 	 0.0002231606 	 0.0000120333 	 0.0000051295 	 0.7515938208 	
1679 	 7.3606267312 	1821.4901486218 	 0.1695249687 	 0.0007164406 	 0.0709308032 	 0.1657593999 	 0.0030455941 	 0.0077161123 	 0.0002205554 	 0.0000119496 	 0.0000050873 	 0.7515940576 	
1680 	 7.3664488092 	1823.0902385484 	 0.1693910101 	 0.0007119316 	 0.0708848235 	 0.1658447637 	 0.0030238956 	 0.0077053855 	 0.0002180043 	 0.0000118674 	 0.0000050458 	 0.7515942826 	
1681 	 7.3722050480 	1824.6727276201 	 0.1692587150 	 0.0007074570 	 0.0708394572 	 0.1659293304 	 0.0030023960 	 0.0076945816 	 0.0002154864 	 0.0000117862 	 0.0000050046 	 0.7515945005 	
1682 	 7.3778510573 	1826.2257360261 	 0.1691291991 	 0.0007030405 	 0.0707951167 	 0.1660125586 	 0.0029812307 	 0.0076836522 	 0.0002130239 	 0.0000117066 	 0.0000049641 	 0.7515947067 	
1683 	 7.3834068553 	1827.7545995607 	 0.1690019497 	 0.0006986721 	 0.0707516141 	 0.1660946851 	 0.0029603410 	 0.0076726249 	 0.0002106067 	 0.0000116283 	 0.0000049241 	 0.7515949037 	
1684 	 7.3889010003 	1829.2669584971 	 0.1688762477 	 0.0006943368 	 0.0707086838 	 0.1661760576 	 0.0029396401 	 0.0076615316 	 0.0002082202 	 0.0000115509 	 0.0000048845 	 0.7515950946 	
1685 	 7.3942829630 	1830.7492709641 	 0.1687533541 	 0.0006900621 	 0.0706667933 	 0.1662560530 	 0.0029192843 	 0.0076503225 	 0.0002058898 	 0.0000114752 	 0.0000048455 	 0.7515952743 	
1686 	 7.3995898326 	1832.2114575363 	 0.1686323339 	 0.0006858286 	 0.0706255976 	 0.1663351216 	 0.0028991611 	 0.0076390401 	 0.0002035967 	 0.0000114004 	 0.0000048070 	 0.7515954469 	
1687 	 7.4048388231 	1833.6581306014 	 0.1685127570 	 0.0006816267 	 0.0705849373 	 0.1664134756 	 0.0028792172 	 0.0076277014 	 0.0002013324 	 0.0000113265 	 0.0000047689 	 0.7515956140 	
1688 	 7.4099740932 	1835.0743069046 	 0.1683960073 	 0.0006774879 	 0.0705453272 	 0.1664904193 	 0.0028596275 	 0.0076162575 	 0.0001991244 	 0.0000112543 	 0.0000047315 	 0.7515957705 	
1689 	 7.4150475676 	1836.4739024420 	 0.1682807887 	 0.0006733837 	 0.0705062869 	 0.1665665930 	 0.0028402314 	 0.0076047597 	 0.0001969469 	 0.0000111829 	 0.0000046944 	 0.7515959211 	
1690 	 7.4200653840 	1837.8585639890 	 0.1681669492 	 0.0006693106 	 0.0704677598 	 0.1666420733 	 0.0028210095 	 0.0075932133 	 0.0001947969 	 0.0000111122 	 0.0000046577 	 0.7515960667 	
1691 	 7.4249705245 	1839.2129789300 	 0.1680558919 	 0.0006653013 	 0.0704302702 	 0.1667161434 	 0.0028021421 	 0.0075815744 	 0.0001927021 	 0.0000110432 	 0.0000046218 	 0.7515962016 	
1692 	 7.4298244157 	1840.5536316024 	 0.1679460960 	 0.0006613212 	 0.0703932518 	 0.1667895696 	 0.0027834365 	 0.0075698961 	 0.0001906323 	 0.0000109749 	 0.0000045861 	 0.7515963316 	
1693 	 7.4346179245 	1841.8780693030 	 0.1678377859 	 0.0006573755 	 0.0703567886 	 0.1668622371 	 0.0027649216 	 0.0075581713 	 0.0001885920 	 0.0000109074 	 0.0000045508 	 0.7515964557 	
1694 	 7.4393130170 	1843.1760714994 	 0.1677318897 	 0.0006534864 	 0.0703212294 	 0.1669336633 	 0.0027467185 	 0.0075463758 	 0.0001865993 	 0.0000108413 	 0.0000045162 	 0.7515965698 	
1695 	 7.4439594567 	1844.4610036009 	 0.1676271834 	 0.0006496255 	 0.0702861168 	 0.1670044741 	 0.0027286699 	 0.0075345474 	 0.0001846301 	 0.0000107759 	 0.0000044819 	 0.7515966784 	
1696 	 7.4485412227 	1845.7285612364 	 0.1675240578 	 0.0006458021 	 0.0702515977 	 0.1670744665 	 0.0027108266 	 0.0075226758 	 0.0001826920 	 0.0000107114 	 0.0000044480 	 0.7515967799 	
1697 	 7.4530370758 	1846.9730383235 	 0.1674230249 	 0.0006420286 	 0.0702178663 	 0.1671433686 	 0.0026932566 	 0.0075107517 	 0.0001807949 	 0.0000106480 	 0.0000044146 	 0.7515968708 	
1698 	 7.4574864894 	1848.2050405003 	 0.1673231206 	 0.0006382822 	 0.0701845602 	 0.1672116803 	 0.0026758345 	 0.0074988008 	 0.0001789197 	 0.0000105853 	 0.0000043816 	 0.7515969554 	
1699 	 7.4618671357 	1849.4185707680 	 0.1672248854 	 0.0006345761 	 0.0701518838 	 0.1672791170 	 0.0026586314 	 0.0074868119 	 0.0001770770 	 0.0000105235 	 0.0000043490 	 0.7515970304 	
1700 	 7.4661355216 	1850.6018982607 	 0.1671293612 	 0.0006309372 	 0.0701202468 	 0.1673450934 	 0.0026417937 	 0.0074747736 	 0.0001752873 	 0.0000104633 	 0.0000043172 	 0.7515970876 	
1701 	 7.4703706618 	1851.7762812398 	 0.1670346398 	 0.0006273182 	 0.0700889176 	 0.1674106375 	 0.0026250642 	 0.0074627208 	 0.0001735133 	 0.0000104035 	 0.0000042856 	 0.7515971395 	
1702 	 7.4746058020 	1852.9506642188 	 0.1669399184 	 0.0006236992 	 0.0700575884 	 0.1674761815 	 0.0026083348 	 0.0074506679 	 0.0001717393 	 0.0000103437 	 0.0000042540 	 0.7515971914 	
1703 	 7.4787222618 	1854.0929452437 	 0.1668480678 	 0.0006201548 	 0.0700273357 	 0.1675401758 	 0.0025920011 	 0.0074385668 	 0.0001700235 	 0.0000102856 	 0.0000042232 	 0.7515972337 	
1704 	 7.4827875602 	1855.2213875963 	 0.1667574547 	 0.0006166425 	 0.0699975470 	 0.1676035020 	 0.0025758381 	 0.0074264449 	 0.0001683327 	 0.0000102281 	 0.0000041927 	 0.7515972720 	
1705 	 7.4868528587 	1856.3498299488 	 0.1666668416 	 0.0006131302 	 0.0699677584 	 0.1676668283 	 0.0025596750 	 0.0074143231 	 0.0001666419 	 0.0000101707 	 0.0000041622 	 0.7515973102 	
1706 	 7.4908181250 	1857.4511771264 	 0.1665786361 	 0.0006096821 	 0.0699388719 	 0.1677288374 	 0.0025438504 	 0.0074021703 	 0.0001649999 	 0.0000101146 	 0.0000041325 	 0.7515973410 	
1707 	 7.4947236340 	1858.5363381519 	 0.1664918689 	 0.0006062722 	 0.0699105244 	 0.1677900595 	 0.0025282281 	 0.0073899990 	 0.0001633871 	 0.0000100594 	 0.0000041031 	 0.7515973673 	
1708 	 7.4986291430 	1859.6214991775 	 0.1664051017 	 0.0006028623 	 0.0698821769 	 0.1678512817 	 0.0025126057 	 0.0073778278 	 0.0001617742 	 0.0000100042 	 0.0000040738 	 0.7515973936 	
1709 	 7.5024513676 	1860.6840716580 	 0.1663203294 	 0.0005995068 	 0.0698545768 	 0.1679113979 	 0.0024972684 	 0.0073656392 	 0.0001602017 	 0.0000099501 	 0.0000040450 	 0.7515974141 	
1710 	 7.5062063477 	1861.7284059801 	 0.1662371678 	 0.0005961953 	 0.0698275802 	 0.1679706212 	 0.0024821612 	 0.0073534367 	 0.0001586619 	 0.0000098970 	 0.0000040167 	 0.7515974299 	
1711 	 7.5099613277 	1862.7727403021 	 0.1661540062 	 0.0005928837 	 0.0698005837 	 0.1680298445 	 0.0024670541 	 0.0073412341 	 0.0001571220 	 0.0000098438 	 0.0000039884 	 0.7515974457 	
1712 	 7.5136480821 	1863.7985467607 	 0.1660724714 	 0.0005896175 	 0.0697741965 	 0.1680881544 	 0.0024521830 	 0.0073290244 	 0.0001556151 	 0.0000097916 	 0.0000039606 	 0.7515974570 	
1713 	 7.5172610828 	1864.8043241643 	 0.1659926950 	 0.0005864004 	 0.0697484682 	 0.1681454769 	 0.0024375669 	 0.0073168068 	 0.0001541438 	 0.0000097404 	 0.0000039333 	 0.7515974634 	
1714 	 7.5208740835 	1865.8101015680 	 0.1659129187 	 0.0005831832 	 0.0697227399 	 0.1682027993 	 0.0024229509 	 0.0073045892 	 0.0001526725 	 0.0000096892 	 0.0000039060 	 0.7515974698 	
1715 	 7.5244324114 	1866.8010132197 	 0.1658344401 	 0.0005800031 	 0.0696974977 	 0.1682593840 	 0.0024085258 	 0.0072923714 	 0.0001512274 	 0.0000096387 	 0.0000038791 	 0.7515974729 	
1716 	 7.5279113400 	1867.7703359152 	 0.1657578463 	 0.0005768767 	 0.0696729615 	 0.1683148970 	 0.0023943780 	 0.0072801532 	 0.0001498205 	 0.0000095893 	 0.0000038528 	 0.7515974710 	
1717 	 7.5313902686 	1868.7396586107 	 0.1656812525 	 0.0005737503 	 0.0696484253 	 0.1683704101 	 0.0023802302 	 0.0072679351 	 0.0001484136 	 0.0000095400 	 0.0000038264 	 0.7515974691 	
1718 	 7.5348267316 	1869.6974207913 	 0.1656056625 	 0.0005706531 	 0.0696242650 	 0.1684253456 	 0.0023662321 	 0.0072557210 	 0.0001470270 	 0.0000094912 	 0.0000038004 	 0.7515974647 	
1719 	 7.5381789127 	1870.6322387084 	 0.1655320646 	 0.0005676139 	 0.0696008506 	 0.1684791348 	 0.0023525312 	 0.0072435150 	 0.0001456806 	 0.0000094435 	 0.0000037750 	 0.7515974554 	
1720 	 7.5415310939 	1871.5670566256 	 0.1654584667 	 0.0005645746 	 0.0695774362 	 0.1685329240 	 0.0023388302 	 0.0072313091 	 0.0001443343 	 0.0000093959 	 0.0000037496 	 0.7515974461 	
1721 	 7.5448518121 	1872.4932991918 	 0.1653856094 	 0.0005615574 	 0.0695542990 	 0.1685862821 	 0.0023252411 	 0.0072191093 	 0.0001430030 	 0.0000093487 	 0.0000037244 	 0.7515974351 	
1722 	 7.5480840408 	1873.3954235834 	 0.1653148351 	 0.0005586021 	 0.0695319414 	 0.1686384274 	 0.0023119668 	 0.0072069270 	 0.0001417137 	 0.0000093026 	 0.0000036998 	 0.7515974192 	
1723 	 7.5513162696 	1874.2975479749 	 0.1652440608 	 0.0005556467 	 0.0695095837 	 0.1686905728 	 0.0022986924 	 0.0071947447 	 0.0001404244 	 0.0000092566 	 0.0000036753 	 0.7515974033 	
1724 	 7.5545269580 	1875.1937946659 	 0.1651737916 	 0.0005527067 	 0.0694874150 	 0.1687424208 	 0.0022854954 	 0.0071825688 	 0.0001391454 	 0.0000092109 	 0.0000036509 	 0.7515973862 	
1725 	 7.5576455468 	1876.0649102153 	 0.1651056819 	 0.0005498320 	 0.0694660537 	 0.1687929973 	 0.0022726287 	 0.0071704202 	 0.0001379099 	 0.0000091664 	 0.0000036272 	 0.7515973644 	
1726 	 7.5607641357 	1876.9360257647 	 0.1650375721 	 0.0005469573 	 0.0694446925 	 0.1688435739 	 0.0022597620 	 0.0071582717 	 0.0001366745 	 0.0000091220 	 0.0000036035 	 0.7515973426 	
1727 	 7.5638701368 	1877.8037026309 	 0.1649697563 	 0.0005440918 	 0.0694234411 	 0.1688939754 	 0.0022469409 	 0.0071461282 	 0.0001354450 	 0.0000090777 	 0.0000035799 	 0.7515973202 	
1728 	 7.5668809573 	1878.6453782263 	 0.1649041638 	 0.0005412947 	 0.0694030203 	 0.1689430534 	 0.0022344640 	 0.0071340224 	 0.0001342603 	 0.0000090347 	 0.0000035570 	 0.7515972933 	
1729 	 7.5698917778 	1879.4870538217 	 0.1648385712 	 0.0005384977 	 0.0693825994 	 0.1689921314 	 0.0022219872 	 0.0071219167 	 0.0001330756 	 0.0000089917 	 0.0000035341 	 0.7515972663 	
1730 	 7.5728980911 	1880.3274968113 	 0.1647730835 	 0.0005357040 	 0.0693622178 	 0.1690411463 	 0.0022095268 	 0.0071098131 	 0.0001318931 	 0.0000089487 	 0.0000035112 	 0.7515972391 	
1731 	 7.5758066108 	1881.1411951230 	 0.1647098716 	 0.0005329818 	 0.0693426853 	 0.1690887918 	 0.0021974229 	 0.0070977582 	 0.0001307564 	 0.0000089071 	 0.0000034890 	 0.7515972075 	
1732 	 7.5787151305 	1881.9548934346 	 0.1646466597 	 0.0005302596 	 0.0693231528 	 0.1691364373 	 0.0021853191 	 0.0070857032 	 0.0001296198 	 0.0000088655 	 0.0000034669 	 0.7515971759 	
1733 	 7.5816236502 	1882.7685917462 	 0.1645834479 	 0.0005275374 	 0.0693036203 	 0.1691840829 	 0.0021732152 	 0.0070736483 	 0.0001284831 	 0.0000088238 	 0.0000034447 	 0.7515971443 	
1734 	 7.5844377540 	1883.5564411865 	 0.1645224254 	 0.0005248852 	 0.0692849036 	 0.1692303972 	 0.0021614583 	 0.0070616496 	 0.0001273905 	 0.0000087835 	 0.0000034233 	 0.7515971089 	
1735 	 7.5872490692 	1884.3435271582 	 0.1644614676 	 0.0005222350 	 0.0692662110 	 0.1692766723 	 0.0021497117 	 0.0070496526 	 0.0001262992 	 0.0000087432 	 0.0000034019 	 0.7515970733 	
1736 	 7.5900603844 	1885.1306131298 	 0.1644005097 	 0.0005195848 	 0.0692475184 	 0.1693229473 	 0.0021379650 	 0.0070376556 	 0.0001252079 	 0.0000087029 	 0.0000033804 	 0.7515970377 	
1737 	 7.5927886265 	1885.8949315790 	 0.1643414716 	 0.0005169971 	 0.0692295400 	 0.1693680432 	 0.0021265259 	 0.0070257163 	 0.0001241552 	 0.0000086637 	 0.0000033597 	 0.7515969991 	
1738 	 7.5955074910 	1886.6566799203 	 0.1642826503 	 0.0005144164 	 0.0692116422 	 0.1694130061 	 0.0021151214 	 0.0070137835 	 0.0001231068 	 0.0000086247 	 0.0000033389 	 0.7515969601 	
1739 	 7.5982263554 	1887.4184282616 	 0.1642238289 	 0.0005118357 	 0.0691937444 	 0.1694579689 	 0.0021037170 	 0.0070018507 	 0.0001220585 	 0.0000085856 	 0.0000033182 	 0.7515969210 	
1740 	 7.6008725359 	1888.1602358642 	 0.1641666816 	 0.0005093103 	 0.0691764682 	 0.1695018933 	 0.0020925836 	 0.0069899756 	 0.0001210438 	 0.0000085475 	 0.0000032980 	 0.7515968796 	
1741 	 7.6035033860 	1888.8978376037 	 0.1641098873 	 0.0005067965 	 0.0691593232 	 0.1695455988 	 0.0020815074 	 0.0069781127 	 0.0001200361 	 0.0000085097 	 0.0000032780 	 0.7515968377 	
1742 	 7.6061342361 	1889.6354393433 	 0.1640530931 	 0.0005042828 	 0.0691421782 	 0.1695893042 	 0.0020704311 	 0.0069662498 	 0.0001190285 	 0.0000084718 	 0.0000032579 	 0.7515967958 	
1743 	 7.6087019228 	1890.3556950770 	 0.1639977490 	 0.0005018177 	 0.0691255706 	 0.1696321014 	 0.0020595920 	 0.0069544433 	 0.0001180499 	 0.0000084348 	 0.0000032383 	 0.7515967521 	
1744 	 7.6112488988 	1891.0702632087 	 0.1639428803 	 0.0004993686 	 0.0691091391 	 0.1696746008 	 0.0020488306 	 0.0069426552 	 0.0001170809 	 0.0000083981 	 0.0000032189 	 0.7515967078 	
1745 	 7.6137958748 	1891.7848313405 	 0.1638880116 	 0.0004969195 	 0.0690927077 	 0.1697171003 	 0.0020380693 	 0.0069308671 	 0.0001161118 	 0.0000083614 	 0.0000031995 	 0.7515966635 	
1746 	 7.6162884164 	1892.4844364034 	 0.1638343886 	 0.0004945128 	 0.0690767370 	 0.1697588122 	 0.0020275136 	 0.0069191330 	 0.0001151677 	 0.0000083254 	 0.0000031805 	 0.7515966180 	
1747 	 7.6187553804 	1893.1770106267 	 0.1637813510 	 0.0004921261 	 0.0690609828 	 0.1698001540 	 0.0020170546 	 0.0069074242 	 0.0001142353 	 0.0000082897 	 0.0000031617 	 0.7515965718 	
1748 	 7.6212223445 	1893.8695848501 	 0.1637283135 	 0.0004897393 	 0.0690452285 	 0.1698414959 	 0.0020065956 	 0.0068957153 	 0.0001133029 	 0.0000082541 	 0.0000031429 	 0.7515965257 	
1749 	 7.6236428807 	1894.5493854500 	 0.1636763351 	 0.0004873892 	 0.0690298651 	 0.1698821619 	 0.0019963131 	 0.0068840570 	 0.0001123916 	 0.0000082191 	 0.0000031244 	 0.7515964787 	
1750 	 7.6260334308 	1895.2209359693 	 0.1636250409 	 0.0004850627 	 0.0690147541 	 0.1699223915 	 0.0019861445 	 0.0068724314 	 0.0001114940 	 0.0000081844 	 0.0000031062 	 0.7515964312 	
1751 	 7.6284239809 	1895.8924864886 	 0.1635737467 	 0.0004827362 	 0.0689996431 	 0.1699626211 	 0.0019759760 	 0.0068608057 	 0.0001105964 	 0.0000081498 	 0.0000030880 	 0.7515963837 	
1752 	 7.6307754504 	1896.5532759905 	 0.1635233414 	 0.0004804408 	 0.0689848594 	 0.1700022785 	 0.0019659569 	 0.0068492263 	 0.0001097165 	 0.0000081157 	 0.0000030700 	 0.7515963358 	
1753 	 7.6330929302 	1897.2047062932 	 0.1634737092 	 0.0004781725 	 0.0689703603 	 0.1700414383 	 0.0019560678 	 0.0068376872 	 0.0001088520 	 0.0000080821 	 0.0000030524 	 0.7515962874 	
1754 	 7.6354104101 	1897.8561365959 	 0.1634240771 	 0.0004759042 	 0.0689558612 	 0.1700805981 	 0.0019461786 	 0.0068261481 	 0.0001079875 	 0.0000080485 	 0.0000030347 	 0.7515962391 	
1755 	 7.6376955550 	1898.4986569565 	 0.1633751783 	 0.0004736619 	 0.0689416315 	 0.1701192818 	 0.0019364137 	 0.0068146504 	 0.0001071375 	 0.0000080153 	 0.0000030173 	 0.7515961906 	
1756 	 7.6399430594 	1899.1308054335 	 0.1633271331 	 0.0004714499 	 0.0689277154 	 0.1701574114 	 0.0019267933 	 0.0068032009 	 0.0001063045 	 0.0000079826 	 0.0000030002 	 0.7515961418 	
1757 	 7.6421905638 	1899.7629539105 	 0.1632790879 	 0.0004692379 	 0.0689137992 	 0.1701955410 	 0.0019171729 	 0.0067917514 	 0.0001054714 	 0.0000079500 	 0.0000029830 	 0.7515960931 	
1758 	 7.6444119314 	1900.3878962953 	 0.1632316337 	 0.0004670471 	 0.0689000997 	 0.1702332838 	 0.0019076533 	 0.0067803377 	 0.0001046501 	 0.0000079176 	 0.0000029661 	 0.7515960444 	
1759 	 7.6465923056 	1901.0015364937 	 0.1631851065 	 0.0004648895 	 0.0688867401 	 0.1702704200 	 0.0018982918 	 0.0067689804 	 0.0001038471 	 0.0000078859 	 0.0000029495 	 0.7515959957 	
1760 	 7.6487726799 	1901.6151766921 	 0.1631385792 	 0.0004627319 	 0.0688733805 	 0.1703075562 	 0.0018889303 	 0.0067576231 	 0.0001030441 	 0.0000078541 	 0.0000029329 	 0.7515959471 	
1761 	 7.6509326203 	1902.2231811229 	 0.1630925127 	 0.0004605910 	 0.0688601895 	 0.1703443886 	 0.0018796477 	 0.0067462956 	 0.0001022501 	 0.0000078226 	 0.0000029165 	 0.7515958985 	
1762 	 7.6530484527 	1902.8190203206 	 0.1630474405 	 0.0004584861 	 0.0688473625 	 0.1703805653 	 0.0018705356 	 0.0067350327 	 0.0001014757 	 0.0000077917 	 0.0000029003 	 0.7515958501 	
1763 	 7.6551642852 	1903.4148595183 	 0.1630023684 	 0.0004563812 	 0.0688345355 	 0.1704167419 	 0.0018614236 	 0.0067237698 	 0.0001007012 	 0.0000077608 	 0.0000028842 	 0.7515958017 	
1764 	 7.6572649437 	1904.0065133420 	 0.1629576374 	 0.0004542888 	 0.0688218334 	 0.1704526921 	 0.0018523702 	 0.0067125303 	 0.0000999335 	 0.0000077301 	 0.0000028682 	 0.7515957534 	
1765 	 7.6593185500 	1904.5851889890 	 0.1629139639 	 0.0004522349 	 0.0688095181 	 0.1704879401 	 0.0018434988 	 0.0067013637 	 0.0000991863 	 0.0000077001 	 0.0000028526 	 0.7515957054 	
1766 	 7.6613721562 	1905.1638646360 	 0.1628702905 	 0.0004501810 	 0.0687972029 	 0.1705231880 	 0.0018346274 	 0.0066901971 	 0.0000984392 	 0.0000076700 	 0.0000028370 	 0.7515956574 	
1767 	 7.6634154600 	1905.7396995200 	 0.1628268479 	 0.0004481356 	 0.0687849722 	 0.1705582818 	 0.0018257957 	 0.0066790472 	 0.0000976965 	 0.0000076401 	 0.0000028214 	 0.7515956094 	
1768 	 7.6654088551 	1906.3017728633 	 0.1627845237 	 0.0004461312 	 0.0687731509 	 0.1705926287 	 0.0018171567 	 0.0066679785 	 0.0000969755 	 0.0000076108 	 0.0000028062 	 0.7515955614 	
1769 	 7.6674022502 	1906.8638462065 	 0.1627421995 	 0.0004441267 	 0.0687613296 	 0.1706269756 	 0.0018085177 	 0.0066569098 	 0.0000962544 	 0.0000075816 	 0.0000027911 	 0.7515955134 	
1770 	 7.6693898872 	1907.4243332334 	 0.1627000039 	 0.0004421270 	 0.0687495555 	 0.1706612363 	 0.0017999008 	 0.0066458509 	 0.0000955358 	 0.0000075524 	 0.0000027759 	 0.7515954654 	
1771 	 7.6713247424 	1907.9702790266 	 0.1626589872 	 0.0004401705 	 0.0687382139 	 0.1706947060 	 0.0017914866 	 0.0066348817 	 0.0000948396 	 0.0000075239 	 0.0000027612 	 0.7515954166 	
1772 	 7.6732595976 	1908.5162248198 	 0.1626179706 	 0.0004382139 	 0.0687268723 	 0.1707281757 	 0.0017830724 	 0.0066239124 	 0.0000941435 	 0.0000074955 	 0.0000027465 	 0.7515953679 	
1773 	 7.6751929856 	1909.0617670399 	 0.1625769866 	 0.0004362586 	 0.0687155427 	 0.1707616235 	 0.0017746638 	 0.0066129457 	 0.0000934479 	 0.0000074670 	 0.0000027318 	 0.7515953190 	
1774 	 7.6770705629 	1909.5919573372 	 0.1625372448 	 0.0004343486 	 0.0687046702 	 0.1707942355 	 0.0017664677 	 0.0066020778 	 0.0000927756 	 0.0000074393 	 0.0000027175 	 0.7515952679 	
1775 	 7.6789481402 	1910.1221476346 	 0.1624975031 	 0.0004324386 	 0.0686937978 	 0.1708268474 	 0.0017582715 	 0.0065912099 	 0.0000921033 	 0.0000074116 	 0.0000027032 	 0.7515952168 	
1776 	 7.6808257175 	1910.6523379319 	 0.1624577614 	 0.0004305286 	 0.0686829253 	 0.1708594594 	 0.0017500753 	 0.0065803420 	 0.0000914310 	 0.0000073839 	 0.0000026889 	 0.7515951657 	
1777 	 7.6826226417 	1911.1603646113 	 0.1624198057 	 0.0004286840 	 0.0686727164 	 0.1708908519 	 0.0017421863 	 0.0065696294 	 0.0000907914 	 0.0000073572 	 0.0000026752 	 0.7515951082 	
1778 	 7.6844155766 	1911.6672950256 	 0.1623819384 	 0.0004268426 	 0.0686625403 	 0.1709221841 	 0.0017343125 	 0.0065589244 	 0.0000901535 	 0.0000073306 	 0.0000026615 	 0.7515950505 	
1779 	 7.6862085116 	1912.1742254399 	 0.1623440711 	 0.0004250013 	 0.0686523641 	 0.1709535163 	 0.0017264386 	 0.0065482195 	 0.0000895156 	 0.0000073040 	 0.0000026479 	 0.7515949927 	
1780 	 7.6880014465 	1912.6811558543 	 0.1623062037 	 0.0004231599 	 0.0686421880 	 0.1709848484 	 0.0017185648 	 0.0065375146 	 0.0000888777 	 0.0000072774 	 0.0000026342 	 0.7515949350 	
1781 	 7.6897943815 	1913.1880862686 	 0.1622683364 	 0.0004213185 	 0.0686320119 	 0.1710161806 	 0.0017106910 	 0.0065268096 	 0.0000882398 	 0.0000072508 	 0.0000026206 	 0.7515948772 	
1782 	 7.6915873164 	1913.6950166830 	 0.1622304691 	 0.0004194771 	 0.0686218358 	 0.1710475128 	 0.0017028171 	 0.0065161047 	 0.0000876019 	 0.0000072242 	 0.0000026069 	 0.7515948195 	
1783 	 7.6933053559 	1914.1811526713 	 0.1621942644 	 0.0004177013 	 0.0686122599 	 0.1710776909 	 0.0016952439 	 0.0065055540 	 0.0000869966 	 0.0000071986 	 0.0000025938 	 0.7515947611 	
1784 	 7.6950055268 	1914.6623275529 	 0.1621584563 	 0.0004159412 	 0.0686028271 	 0.1711075936 	 0.0016877424 	 0.0064950400 	 0.0000863990 	 0.0000071733 	 0.0000025809 	 0.7515947025 	
1785 	 7.6967056978 	1915.1435024346 	 0.1621226483 	 0.0004141810 	 0.0685933944 	 0.1711374963 	 0.0016802409 	 0.0064845260 	 0.0000858015 	 0.0000071479 	 0.0000025680 	 0.7515946439 	
1786 	 7.6984058688 	1915.6246773162 	 0.1620868402 	 0.0004124209 	 0.0685839617 	 0.1711673991 	 0.0016727394 	 0.0064740121 	 0.0000852040 	 0.0000071226 	 0.0000025550 	 0.7515945853 	
1787 	 7.7001060398 	1916.1058521978 	 0.1620510322 	 0.0004106607 	 0.0685745289 	 0.1711973018 	 0.0016652380 	 0.0064634981 	 0.0000846064 	 0.0000070973 	 0.0000025421 	 0.7515945268 	
1788 	 7.7018062108 	1916.5870270794 	 0.1620152242 	 0.0004089006 	 0.0685650962 	 0.1712272045 	 0.0016577365 	 0.0064529841 	 0.0000840089 	 0.0000070719 	 0.0000025292 	 0.7515944682 	
1789 	 7.7034495607 	1917.0524032370 	 0.1619806723 	 0.0004071909 	 0.0685561124 	 0.1712562245 	 0.0016504659 	 0.0064425970 	 0.0000834358 	 0.0000070474 	 0.0000025167 	 0.7515944095 	
1790 	 7.7050638843 	1917.5097088391 	 0.1619467621 	 0.0004055071 	 0.0685473579 	 0.1712847936 	 0.0016433133 	 0.0064322747 	 0.0000828752 	 0.0000070232 	 0.0000025044 	 0.7515943507 	
1791 	 7.7066782079 	1917.9670144411 	 0.1619128519 	 0.0004038232 	 0.0685386034 	 0.1713133626 	 0.0016361606 	 0.0064219524 	 0.0000823147 	 0.0000069991 	 0.0000024922 	 0.7515942919 	
1792 	 7.7082925315 	1918.4243200431 	 0.1618789417 	 0.0004021393 	 0.0685298489 	 0.1713419317 	 0.0016290080 	 0.0064116301 	 0.0000817541 	 0.0000069749 	 0.0000024799 	 0.7515942331 	
1793 	 7.7099068551 	1918.8816256451 	 0.1618450316 	 0.0004004555 	 0.0685210944 	 0.1713705007 	 0.0016218554 	 0.0064013078 	 0.0000811935 	 0.0000069507 	 0.0000024676 	 0.7515941743 	
1794 	 7.7115211787 	1919.3389312472 	 0.1618111214 	 0.0003987716 	 0.0685123399 	 0.1713990698 	 0.0016147027 	 0.0063909855 	 0.0000806330 	 0.0000069266 	 0.0000024554 	 0.7515941156 	
1795 	 7.7130943960 	1919.7847924468 	 0.1617781164 	 0.0003971248 	 0.0685039062 	 0.1714269950 	 0.0016077186 	 0.0063807622 	 0.0000800899 	 0.0000069030 	 0.0000024434 	 0.7515940568 	
1796 	 7.7146291169 	1920.2199358729 	 0.1617459591 	 0.0003955126 	 0.0684957730 	 0.1714543174 	 0.0016008922 	 0.0063706315 	 0.0000795633 	 0.0000068799 	 0.0000024318 	 0.7515939982 	
1797 	 7.7161638379 	1920.6550792989 	 0.1617138019 	 0.0003939005 	 0.0684876397 	 0.1714816397 	 0.0015940659 	 0.0063605009 	 0.0000790367 	 0.0000068569 	 0.0000024202 	 0.7515939395 	
1798 	 7.7176985588 	1921.0902227250 	 0.1616816446 	 0.0003922884 	 0.0684795065 	 0.1715089620 	 0.0015872396 	 0.0063503702 	 0.0000785101 	 0.0000068338 	 0.0000024085 	 0.7515938809 	
1799 	 7.7192332797 	1921.5253661510 	 0.1616494874 	 0.0003906762 	 0.0684713733 	 0.1715362843 	 0.0015804132 	 0.0063402396 	 0.0000779835 	 0.0000068108 	 0.0000023969 	 0.7515938222 	
1800 	 7.7207680007 	1921.9605095770 	 0.1616173301 	 0.0003890641 	 0.0684632400 	 0.1715636067 	 0.0015735869 	 0.0063301089 	 0.0000774569 	 0.0000067877 	 0.0000023853 	 0.7515937636 	
1801 	 7.7222752943 	1922.3880073870 	 0.1615857745 	 0.0003874769 	 0.0684553183 	 0.1715904960 	 0.0015668738 	 0.0063200490 	 0.0000769419 	 0.0000067650 	 0.0000023738 	 0.7515937051 	
1802 	 7.7237360676 	1922.8025372185 	 0.1615552396 	 0.0003859323 	 0.0684477555 	 0.1716166510 	 0.0015603529 	 0.0063101091 	 0.0000764466 	 0.0000067430 	 0.0000023628 	 0.7515936468 	
1803 	 7.7251968409 	1923.2170670499 	 0.1615247047 	 0.0003843877 	 0.0684401927 	 0.1716428060 	 0.0015538321 	 0.0063001692 	 0.0000759513 	 0.0000067209 	 0.0000023517 	 0.7515935885 	
1804 	 7.7266576142 	1923.6315968814 	 0.1614941697 	 0.0003828430 	 0.0684326298 	 0.1716689610 	 0.0015473112 	 0.0062902293 	 0.0000754559 	 0.0000066989 	 0.0000023407 	 0.7515935302 	
1805 	 7.7281183875 	1924.0461267128 	 0.1614636348 	 0.0003812984 	 0.0684250670 	 0.1716951160 	 0.0015407903 	 0.0062802894 	 0.0000749606 	 0.0000066769 	 0.0000023296 	 0.7515934719 	
1806 	 7.7295791608 	1924.4606565442 	 0.1614330998 	 0.0003797537 	 0.0684175042 	 0.1717212710 	 0.0015342694 	 0.0062703495 	 0.0000744653 	 0.0000066548 	 0.0000023186 	 0.7515934136 	
1807 	 7.7310244228 	1924.8708572364 	 0.1614029040 	 0.0003782234 	 0.0684100596 	 0.1717471792 	 0.0015278130 	 0.0062604523 	 0.0000739764 	 0.0000066330 	 0.0000023076 	 0.7515933555 	
1808 	 7.7324163821 	1925.2661814319 	 0.1613738734 	 0.0003767424 	 0.0684030215 	 0.1717722396 	 0.0015215784 	 0.0062507015 	 0.0000735099 	 0.0000066119 	 0.0000022971 	 0.7515932977 	
1809 	 7.7338083414 	1925.6615056274 	 0.1613448428 	 0.0003752613 	 0.0683959833 	 0.1717973000 	 0.0015153438 	 0.0062409508 	 0.0000730434 	 0.0000065908 	 0.0000022866 	 0.7515932400 	
1810 	 7.7352003007 	1926.0568298229 	 0.1613158122 	 0.0003737803 	 0.0683889452 	 0.1718223603 	 0.0015091092 	 0.0062312000 	 0.0000725769 	 0.0000065698 	 0.0000022761 	 0.7515931822 	
1811 	 7.7365922600 	1926.4521540184 	 0.1612867816 	 0.0003722992 	 0.0683819071 	 0.1718474207 	 0.0015028746 	 0.0062214493 	 0.0000721103 	 0.0000065487 	 0.0000022656 	 0.7515931245 	
1812 	 7.7379842193 	1926.8474782139 	 0.1612577510 	 0.0003708182 	 0.0683748690 	 0.1718724811 	 0.0014966400 	 0.0062116985 	 0.0000716438 	 0.0000065276 	 0.0000022551 	 0.7515930667 	
1813 	 7.7393710524 	1927.2413700633 	 0.1612288321 	 0.0003693419 	 0.0683678695 	 0.1718974593 	 0.0014904269 	 0.0062019628 	 0.0000711794 	 0.0000065066 	 0.0000022446 	 0.7515930090 	
1814 	 7.7406988688 	1927.6187715693 	 0.1612011990 	 0.0003679209 	 0.0683613148 	 0.1719214918 	 0.0014844610 	 0.0061923991 	 0.0000707395 	 0.0000064864 	 0.0000022346 	 0.7515929520 	
1815 	 7.7420266852 	1927.9961730752 	 0.1611735660 	 0.0003664998 	 0.0683547602 	 0.1719455243 	 0.0014784950 	 0.0061828354 	 0.0000702997 	 0.0000064662 	 0.0000022246 	 0.7515928949 	
1816 	 7.7433545016 	1928.3735745811 	 0.1611459329 	 0.0003650788 	 0.0683482055 	 0.1719695568 	 0.0014725291 	 0.0061732717 	 0.0000698598 	 0.0000064460 	 0.0000022146 	 0.7515928378 	
1817 	 7.7446823180 	1928.7509760871 	 0.1611182998 	 0.0003636577 	 0.0683416508 	 0.1719935893 	 0.0014665631 	 0.0061637080 	 0.0000694199 	 0.0000064258 	 0.0000022046 	 0.7515927807 	
1818 	 7.7460101344 	1929.1283775930 	 0.1610906667 	 0.0003622367 	 0.0683350962 	 0.1720176218 	 0.0014605972 	 0.0061541443 	 0.0000689800 	 0.0000064057 	 0.0000021946 	 0.7515927237 	
1819 	 7.7473379508 	1929.5057790990 	 0.1610630336 	 0.0003608156 	 0.0683285415 	 0.1720416543 	 0.0014546313 	 0.0061445806 	 0.0000685401 	 0.0000063855 	 0.0000021846 	 0.7515926666 	
1820 	 7.7486098107 	1929.8675278865 	 0.1610366157 	 0.0003594475 	 0.0683224037 	 0.1720647837 	 0.0014489012 	 0.0061351894 	 0.0000681232 	 0.0000063661 	 0.0000021750 	 0.7515926102 	
1821 	 7.7498777438 	1930.2281782377 	 0.1610102831 	 0.0003580831 	 0.0683162952 	 0.1720878498 	 0.0014431877 	 0.0061258103 	 0.0000677079 	 0.0000063467 	 0.0000021655 	 0.7515925539 	
1822 	 7.7511456769 	1930.5888285889 	 0.1609839506 	 0.0003567187 	 0.0683101866 	 0.1721109158 	 0.0014374742 	 0.0061164311 	 0.0000672926 	 0.0000063274 	 0.0000021559 	 0.7515924976 	
1823 	 7.7524136100 	1930.9494789401 	 0.1609576180 	 0.0003553543 	 0.0683040781 	 0.1721339819 	 0.0014317607 	 0.0061070520 	 0.0000668774 	 0.0000063080 	 0.0000021464 	 0.7515924413 	
1824 	 7.7536815432 	1931.3101292912 	 0.1609312854 	 0.0003539899 	 0.0682979695 	 0.1721570479 	 0.0014260472 	 0.0060976728 	 0.0000664621 	 0.0000062887 	 0.0000021369 	 0.7515923850 	
1825 	 7.7549494763 	1931.6707796424 	 0.1609049528 	 0.0003526255 	 0.0682918610 	 0.1721801140 	 0.0014203337 	 0.0060882937 	 0.0000660468 	 0.0000062693 	 0.0000021273 	 0.7515923287 	
1826 	 7.7561732365 	1932.0190601605 	 0.1608795766 	 0.0003513034 	 0.0682860777 	 0.1722024622 	 0.0014148075 	 0.0060790579 	 0.0000656496 	 0.0000062506 	 0.0000021181 	 0.7515922730 	
1827 	 7.7573851790 	1932.3640313465 	 0.1608544562 	 0.0003499925 	 0.0682803814 	 0.1722246183 	 0.0014093315 	 0.0060698605 	 0.0000652571 	 0.0000062320 	 0.0000021091 	 0.7515922176 	
1828 	 7.7585971216 	1932.7090025326 	 0.1608293359 	 0.0003486816 	 0.0682746851 	 0.1722467745 	 0.0014038555 	 0.0060606631 	 0.0000648647 	 0.0000062135 	 0.0000021000 	 0.7515921621 	
1829 	 7.7598090641 	1933.0539737187 	 0.1608042155 	 0.0003473708 	 0.0682689888 	 0.1722689307 	 0.0013983794 	 0.0060514657 	 0.0000644722 	 0.0000061949 	 0.0000020909 	 0.7515921067 	
1830 	 7.7610210066 	1933.3989449048 	 0.1607790952 	 0.0003460599 	 0.0682632925 	 0.1722910869 	 0.0013929034 	 0.0060422683 	 0.0000640798 	 0.0000061764 	 0.0000020818 	 0.7515920512 	
1831 	 7.7622329491 	1933.7439160908 	 0.1607539748 	 0.0003447491 	 0.0682575962 	 0.1723132431 	 0.0013874274 	 0.0060330709 	 0.0000636873 	 0.0000061578 	 0.0000020727 	 0.7515919957 	
1832 	 7.7634111584 	1934.0794310243 	 0.1607295827 	 0.0003434708 	 0.0682521453 	 0.1723348474 	 0.0013820953 	 0.0060239884 	 0.0000633085 	 0.0000061397 	 0.0000020639 	 0.7515919408 	
1833 	 7.7645706748 	1934.4097058687 	 0.1607055941 	 0.0003422106 	 0.0682468304 	 0.1723561460 	 0.0013768429 	 0.0060149697 	 0.0000629372 	 0.0000061219 	 0.0000020552 	 0.7515918863 	
1834 	 7.7657301912 	1934.7399807132 	 0.1606816055 	 0.0003409504 	 0.0682415155 	 0.1723774445 	 0.0013715905 	 0.0060059509 	 0.0000625659 	 0.0000061041 	 0.0000020465 	 0.7515918317 	
1835 	 7.7668897076 	1935.0702555576 	 0.1606576168 	 0.0003396902 	 0.0682362006 	 0.1723987431 	 0.0013663382 	 0.0059969322 	 0.0000621946 	 0.0000060863 	 0.0000020378 	 0.7515917771 	
1836 	 7.7680492240 	1935.4005304021 	 0.1606336282 	 0.0003384300 	 0.0682308857 	 0.1724200416 	 0.0013610858 	 0.0059879135 	 0.0000618234 	 0.0000060685 	 0.0000020291 	 0.7515917226 	
1837 	 7.7692087404 	1935.7308052465 	 0.1606096396 	 0.0003371698 	 0.0682255708 	 0.1724413402 	 0.0013558334 	 0.0059788947 	 0.0000614521 	 0.0000060506 	 0.0000020204 	 0.7515916680 	
1838 	 7.7703437796 	1936.0542115654 	 0.1605861779 	 0.0003359334 	 0.0682204319 	 0.1724622357 	 0.0013506860 	 0.0059699634 	 0.0000610906 	 0.0000060332 	 0.0000020120 	 0.7515916139 	
1839 	 7.7714541401 	1936.3706928277 	 0.1605632474 	 0.0003347212 	 0.0682154703 	 0.1724827250 	 0.0013456446 	 0.0059611201 	 0.0000607390 	 0.0000060160 	 0.0000020037 	 0.7515915602 	
1840 	 7.7725645006 	1936.6871740901 	 0.1605403170 	 0.0003335089 	 0.0682105087 	 0.1725032142 	 0.0013406031 	 0.0059522768 	 0.0000603874 	 0.0000059989 	 0.0000019954 	 0.7515915066 	
1841 	 7.7736748612 	1937.0036553524 	 0.1605173865 	 0.0003322967 	 0.0682055471 	 0.1725237035 	 0.0013355616 	 0.0059434335 	 0.0000600358 	 0.0000059818 	 0.0000019871 	 0.7515914530 	
1842 	 7.7747852217 	1937.3201366147 	 0.1604944561 	 0.0003310844 	 0.0682005856 	 0.1725441927 	 0.0013305201 	 0.0059345902 	 0.0000596842 	 0.0000059647 	 0.0000019788 	 0.7515913993 	
1843 	 7.7758955822 	1937.6366178771 	 0.1604715256 	 0.0003298722 	 0.0681956240 	 0.1725646820 	 0.0013254786 	 0.0059257469 	 0.0000593326 	 0.0000059476 	 0.0000019705 	 0.7515913457 	
1844 	 7.7769896768 	1937.9485302543 	 0.1604489444 	 0.0003286760 	 0.0681907779 	 0.1725849017 	 0.0013205073 	 0.0059169643 	 0.0000589874 	 0.0000059307 	 0.0000019623 	 0.7515912924 	
1845 	 7.7780538874 	1938.2520486332 	 0.1604270047 	 0.0003275092 	 0.0681861440 	 0.1726046264 	 0.0013156649 	 0.0059082931 	 0.0000586542 	 0.0000059142 	 0.0000019544 	 0.7515912397 	
1846 	 7.7791180980 	1938.5555670122 	 0.1604050651 	 0.0003263424 	 0.0681815101 	 0.1726243511 	 0.0013108225 	 0.0058996219 	 0.0000583209 	 0.0000058978 	 0.0000019465 	 0.7515911870 	
1847 	 7.7801823086 	1938.8590853912 	 0.1603831254 	 0.0003251756 	 0.0681768761 	 0.1726440758 	 0.0013059800 	 0.0058909507 	 0.0000579876 	 0.0000058813 	 0.0000019385 	 0.7515911343 	
1848 	 7.7812465192 	1939.1626037701 	 0.1603611858 	 0.0003240088 	 0.0681722422 	 0.1726638005 	 0.0013011376 	 0.0058822795 	 0.0000576543 	 0.0000058648 	 0.0000019306 	 0.7515910816 	
1849 	 7.7823107298 	1939.4661221491 	 0.1603392461 	 0.0003228420 	 0.0681676083 	 0.1726835252 	 0.0012962952 	 0.0058736084 	 0.0000573210 	 0.0000058484 	 0.0000019227 	 0.7515910290 	
1850 	 7.7833659618 	1939.7671161090 	 0.1603174987 	 0.0003216842 	 0.0681630374 	 0.1727031002 	 0.0012914917 	 0.0058649721 	 0.0000569912 	 0.0000058321 	 0.0000019148 	 0.7515909765 	
1851 	 7.7843867903 	1940.0584372951 	 0.1602964880 	 0.0003205605 	 0.0681587076 	 0.1727221018 	 0.0012868373 	 0.0058564696 	 0.0000566750 	 0.0000058162 	 0.0000019072 	 0.7515909247 	
1852 	 7.7854076189 	1940.3497584811 	 0.1602754774 	 0.0003194368 	 0.0681543779 	 0.1727411034 	 0.0012821830 	 0.0058479671 	 0.0000563588 	 0.0000058004 	 0.0000018996 	 0.7515908730 	
1853 	 7.7864284475 	1940.6410796671 	 0.1602544667 	 0.0003183132 	 0.0681500482 	 0.1727601050 	 0.0012775287 	 0.0058394646 	 0.0000560426 	 0.0000057845 	 0.0000018920 	 0.7515908213 	
1854 	 7.7874492760 	1940.9324008531 	 0.1602334560 	 0.0003171895 	 0.0681457184 	 0.1727791067 	 0.0012728744 	 0.0058309621 	 0.0000557263 	 0.0000057687 	 0.0000018844 	 0.7515907696 	
1855 	 7.7884701046 	1941.2237220392 	 0.1602124453 	 0.0003160658 	 0.0681413887 	 0.1727981083 	 0.0012682200 	 0.0058224595 	 0.0000554101 	 0.0000057529 	 0.0000018768 	 0.7515907178 	
1856 	 7.7894884232 	1941.5143368552 	 0.1601914883 	 0.0003149447 	 0.0681370763 	 0.1728170678 	 0.0012635766 	 0.0058139672 	 0.0000550949 	 0.0000057371 	 0.0000018693 	 0.7515906662 	
1857 	 7.7904684227 	1941.7941677551 	 0.1601713497 	 0.0003138619 	 0.0681330293 	 0.1728353849 	 0.0012591002 	 0.0058056299 	 0.0000547946 	 0.0000057218 	 0.0000018620 	 0.7515906154 	
1858 	 7.7914484222 	1942.0739986550 	 0.1601512112 	 0.0003127792 	 0.0681289822 	 0.1728537020 	 0.0012546238 	 0.0057972926 	 0.0000544943 	 0.0000057066 	 0.0000018547 	 0.7515905646 	
1859 	 7.7924284217 	1942.3538295550 	 0.1601310727 	 0.0003116965 	 0.0681249351 	 0.1728720191 	 0.0012501474 	 0.0057889553 	 0.0000541940 	 0.0000056913 	 0.0000018475 	 0.7515905139 	
1860 	 7.7934084211 	1942.6336604549 	 0.1601109342 	 0.0003106138 	 0.0681208880 	 0.1728903362 	 0.0012456710 	 0.0057806180 	 0.0000538937 	 0.0000056761 	 0.0000018402 	 0.7515904631 	
1861 	 7.7943884206 	1942.9134913549 	 0.1600907957 	 0.0003095310 	 0.0681168410 	 0.1729086533 	 0.0012411946 	 0.0057722807 	 0.0000535934 	 0.0000056608 	 0.0000018329 	 0.7515904123 	
1862 	 7.7953684201 	1943.1933222548 	 0.1600706571 	 0.0003084483 	 0.0681127939 	 0.1729269704 	 0.0012367182 	 0.0057639434 	 0.0000532931 	 0.0000056456 	 0.0000018256 	 0.7515903615 	
1863 	 7.7963131813 	1943.4632269463 	 0.1600512696 	 0.0003074012 	 0.0681089876 	 0.1729446933 	 0.0012323961 	 0.0057557543 	 0.0000530064 	 0.0000056309 	 0.0000018187 	 0.7515903116 	
1864 	 7.7972547103 	1943.7322211801 	 0.1600319509 	 0.0003063574 	 0.0681052034 	 0.1729623617 	 0.0012280882 	 0.0057475787 	 0.0000527210 	 0.0000056162 	 0.0000018117 	 0.7515902618 	
1865 	 7.7981962392 	1944.0012154140 	 0.1600126322 	 0.0003053135 	 0.0681014193 	 0.1729800301 	 0.0012237802 	 0.0057394031 	 0.0000524355 	 0.0000056015 	 0.0000018047 	 0.7515902120 	
1866 	 7.7991377682 	1944.2702096478 	 0.1599933135 	 0.0003042697 	 0.0680976351 	 0.1729976986 	 0.0012194723 	 0.0057312276 	 0.0000521501 	 0.0000055868 	 0.0000017978 	 0.7515901622 	
1867 	 7.8000792972 	1944.5392038816 	 0.1599739948 	 0.0003032259 	 0.0680938509 	 0.1730153670 	 0.0012151644 	 0.0057230520 	 0.0000518647 	 0.0000055721 	 0.0000017908 	 0.7515901123 	
1868 	 7.8010208262 	1944.8081981155 	 0.1599546762 	 0.0003021820 	 0.0680900667 	 0.1730330354 	 0.0012108564 	 0.0057148765 	 0.0000515793 	 0.0000055574 	 0.0000017838 	 0.7515900625 	
1869 	 7.8019343953 	1945.0693090723 	 0.1599359520 	 0.0003011667 	 0.0680864711 	 0.1730502297 	 0.0012066715 	 0.0057068228 	 0.0000513046 	 0.0000055431 	 0.0000017771 	 0.7515900134 	
1870 	 7.8028396359 	1945.3280718189 	 0.1599174049 	 0.0003001599 	 0.0680829316 	 0.1730672828 	 0.0012025233 	 0.0056988056 	 0.0000510331 	 0.0000055290 	 0.0000017704 	 0.7515899645 	
1871 	 7.8037448765 	1945.5868345656 	 0.1598988578 	 0.0002991530 	 0.0680793921 	 0.1730843359 	 0.0011983750 	 0.0056907883 	 0.0000507616 	 0.0000055148 	 0.0000017637 	 0.7515899156 	
1872 	 7.8046501171 	1945.8455973122 	 0.1598803107 	 0.0002981462 	 0.0680758526 	 0.1731013890 	 0.0011942268 	 0.0056827710 	 0.0000504900 	 0.0000055007 	 0.0000017570 	 0.7515898667 	
1873 	 7.8055553577 	1946.1043600589 	 0.1598617636 	 0.0002971394 	 0.0680723132 	 0.1731184421 	 0.0011900785 	 0.0056747537 	 0.0000502185 	 0.0000054865 	 0.0000017503 	 0.7515898178 	
1874 	 7.8064605983 	1946.3631228055 	 0.1598432165 	 0.0002961325 	 0.0680687737 	 0.1731354952 	 0.0011859303 	 0.0056667364 	 0.0000499470 	 0.0000054723 	 0.0000017436 	 0.7515897689 	
1875 	 7.8073444221 	1946.6158414886 	 0.1598251238 	 0.0002951477 	 0.0680653767 	 0.1731521831 	 0.0011818767 	 0.0056588160 	 0.0000496837 	 0.0000054585 	 0.0000017371 	 0.7515897206 	
1876 	 7.8082153958 	1946.8649337335 	 0.1598073037 	 0.0002941761 	 0.0680620651 	 0.1731686520 	 0.0011778800 	 0.0056509535 	 0.0000494252 	 0.0000054448 	 0.0000017307 	 0.7515896726 	
1877 	 7.8090863696 	1947.1140259784 	 0.1597894836 	 0.0002932045 	 0.0680587536 	 0.1731851208 	 0.0011738832 	 0.0056430911 	 0.0000491667 	 0.0000054312 	 0.0000017243 	 0.7515896246 	
1878 	 7.8099573433 	1947.3631182233 	 0.1597716635 	 0.0002922329 	 0.0680554420 	 0.1732015897 	 0.0011698865 	 0.0056352287 	 0.0000489083 	 0.0000054175 	 0.0000017179 	 0.7515895766 	
1879 	 7.8108283170 	1947.6122104682 	 0.1597538434 	 0.0002912612 	 0.0680521305 	 0.1732180585 	 0.0011658898 	 0.0056273663 	 0.0000486498 	 0.0000054039 	 0.0000017115 	 0.7515895286 	
1880 	 7.8116992908 	1947.8613027131 	 0.1597360233 	 0.0002902896 	 0.0680488189 	 0.1732345274 	 0.0011618930 	 0.0056195039 	 0.0000483913 	 0.0000053902 	 0.0000017050 	 0.7515894806 	
1881 	 7.8125547321 	1948.1060074400 	 0.1597185321 	 0.0002893341 	 0.0680456092 	 0.1732507300 	 0.0011579653 	 0.0056117142 	 0.0000481387 	 0.0000053768 	 0.0000016988 	 0.7515894331 	
1882 	 7.8133933134 	1948.3459496474 	 0.1597013978 	 0.0002883960 	 0.0680425101 	 0.1732666435 	 0.0011541124 	 0.0056040033 	 0.0000478924 	 0.0000053636 	 0.0000016926 	 0.7515893860 	
1883 	 7.8142318948 	1948.5858918548 	 0.1596842635 	 0.0002874580 	 0.0680394110 	 0.1732825571 	 0.0011502596 	 0.0055962924 	 0.0000476462 	 0.0000053504 	 0.0000016864 	 0.7515893389 	
1884 	 7.8150704761 	1948.8258340622 	 0.1596671293 	 0.0002865199 	 0.0680363119 	 0.1732984706 	 0.0011464068 	 0.0055885815 	 0.0000473999 	 0.0000053373 	 0.0000016803 	 0.7515892918 	
1885 	 7.8159090575 	1949.0657762696 	 0.1596499950 	 0.0002855819 	 0.0680332128 	 0.1733143842 	 0.0011425539 	 0.0055808707 	 0.0000471537 	 0.0000053241 	 0.0000016741 	 0.7515892447 	
1886 	 7.8167476388 	1949.3057184770 	 0.1596328607 	 0.0002846438 	 0.0680301137 	 0.1733302978 	 0.0011387011 	 0.0055731598 	 0.0000469075 	 0.0000053109 	 0.0000016679 	 0.7515891976 	
1887 	 7.8175759814 	1949.5427657591 	 0.1596159427 	 0.0002837164 	 0.0680270808 	 0.1733460349 	 0.0011348939 	 0.0055654984 	 0.0000466650 	 0.0000052979 	 0.0000016619 	 0.7515891508 	
1888 	 7.8183839092 	1949.7740409510 	 0.1595994561 	 0.0002828104 	 0.0680241798 	 0.1733614201 	 0.0011311779 	 0.0055579358 	 0.0000464303 	 0.0000052852 	 0.0000016559 	 0.7515891046 	
1889 	 7.8191918370 	1950.0053161429 	 0.1595829695 	 0.0002819043 	 0.0680212789 	 0.1733768054 	 0.0011274619 	 0.0055503733 	 0.0000461955 	 0.0000052724 	 0.0000016500 	 0.7515890584 	
1890 	 7.8199997648 	1950.2365913347 	 0.1595664829 	 0.0002809982 	 0.0680183779 	 0.1733921907 	 0.0011237459 	 0.0055428107 	 0.0000459607 	 0.0000052597 	 0.0000016441 	 0.7515890122 	
1891 	 7.8208076926 	1950.4678665266 	 0.1595499963 	 0.0002800922 	 0.0680154769 	 0.1734075759 	 0.0011200299 	 0.0055352481 	 0.0000457259 	 0.0000052470 	 0.0000016382 	 0.7515889660 	
1892 	 7.8216156204 	1950.6991417184 	 0.1595335097 	 0.0002791861 	 0.0680125759 	 0.1734229612 	 0.0011163139 	 0.0055276855 	 0.0000454912 	 0.0000052343 	 0.0000016323 	 0.7515889197 	
1893 	 7.8224180731 	1950.9288674211 	 0.1595171386 	 0.0002782858 	 0.0680097098 	 0.1734382516 	 0.0011126224 	 0.0055201503 	 0.0000452584 	 0.0000052216 	 0.0000016264 	 0.7515888737 	
1894 	 7.8231969592 	1951.1519235835 	 0.1595012644 	 0.0002774103 	 0.0680069937 	 0.1734531336 	 0.0011090366 	 0.0055127329 	 0.0000450345 	 0.0000052093 	 0.0000016207 	 0.7515888284 	
1895 	 7.8239758454 	1951.3749797458 	 0.1594853903 	 0.0002765348 	 0.0680042776 	 0.1734680157 	 0.0011054509 	 0.0055053155 	 0.0000448105 	 0.0000051971 	 0.0000016150 	 0.7515887831 	
1896 	 7.8247547315 	1951.5980359082 	 0.1594695161 	 0.0002756593 	 0.0680015615 	 0.1734828977 	 0.0011018651 	 0.0054978981 	 0.0000445865 	 0.0000051848 	 0.0000016093 	 0.7515887378 	
1897 	 7.8255336176 	1951.8210920705 	 0.1594536419 	 0.0002747838 	 0.0679988454 	 0.1734977798 	 0.0010982793 	 0.0054904806 	 0.0000443625 	 0.0000051725 	 0.0000016036 	 0.7515886925 	
1898 	 7.8263125038 	1952.0441482329 	 0.1594377677 	 0.0002739083 	 0.0679961293 	 0.1735126619 	 0.0010946935 	 0.0054830632 	 0.0000441385 	 0.0000051602 	 0.0000015979 	 0.7515886472 	
1899 	 7.8270902043 	1952.2668685449 	 0.1594219185 	 0.0002730340 	 0.0679934207 	 0.1735275233 	 0.0010911131 	 0.0054756519 	 0.0000439150 	 0.0000051479 	 0.0000015922 	 0.7515886020 	
1900 	 7.8278415391 	1952.4821201859 	 0.1594066243 	 0.0002721877 	 0.0679908772 	 0.1735419254 	 0.0010876514 	 0.0054683767 	 0.0000437011 	 0.0000051361 	 0.0000015867 	 0.7515885576 	
1901 	 7.8285928739 	1952.6973718268 	 0.1593913300 	 0.0002713414 	 0.0679883338 	 0.1735563275 	 0.0010841898 	 0.0054611015 	 0.0000434873 	 0.0000051242 	 0.0000015813 	 0.7515885133 	
1902 	 7.8293442087 	1952.9126234678 	 0.1593760357 	 0.0002704951 	 0.0679857904 	 0.1735707296 	 0.0010807281 	 0.0054538263 	 0.0000432735 	 0.0000051123 	 0.0000015758 	 0.7515884690 	
1903 	 7.8300955435 	1953.1278751087 	 0.1593607414 	 0.0002696488 	 0.0679832469 	 0.1735851318 	 0.0010772665 	 0.0054465511 	 0.0000430597 	 0.0000051004 	 0.0000015703 	 0.7515884246 	
1904 	 7.8308468783 	1953.3431267497 	 0.1593454472 	 0.0002688025 	 0.0679807035 	 0.1735995339 	 0.0010738048 	 0.0054392759 	 0.0000428458 	 0.0000050886 	 0.0000015648 	 0.7515883803 	
1905 	 7.8315982131 	1953.5583783906 	 0.1593301529 	 0.0002679562 	 0.0679781600 	 0.1736139360 	 0.0010703431 	 0.0054320007 	 0.0000426320 	 0.0000050767 	 0.0000015593 	 0.7515883359 	
1906 	 7.8323260485 	1953.7669674814 	 0.1593153523 	 0.0002671349 	 0.0679757615 	 0.1736279266 	 0.0010669878 	 0.0054248506 	 0.0000424268 	 0.0000050652 	 0.0000015540 	 0.7515882926 	
1907 	 7.8330512013 	1953.9747960070 	 0.1593006081 	 0.0002663166 	 0.0679733795 	 0.1736418703 	 0.0010636446 	 0.0054177148 	 0.0000422225 	 0.0000050537 	 0.0000015488 	 0.7515882493 	
1908 	 7.8337763541 	1954.1826245327 	 0.1592858639 	 0.0002654982 	 0.0679709975 	 0.1736558139 	 0.0010603014 	 0.0054105790 	 0.0000420183 	 0.0000050422 	 0.0000015435 	 0.7515882060 	
1909 	 7.8345015069 	1954.3904530583 	 0.1592711197 	 0.0002646798 	 0.0679686156 	 0.1736697576 	 0.0010569582 	 0.0054034432 	 0.0000418140 	 0.0000050307 	 0.0000015382 	 0.7515881627 	
1910 	 7.8352266598 	1954.5982815840 	 0.1592563755 	 0.0002638615 	 0.0679662336 	 0.1736837012 	 0.0010536149 	 0.0053963074 	 0.0000416098 	 0.0000050193 	 0.0000015329 	 0.7515881195 	
1911 	 7.8359518126 	1954.8061101096 	 0.1592416312 	 0.0002630431 	 0.0679638516 	 0.1736976448 	 0.0010502717 	 0.0053891716 	 0.0000414055 	 0.0000050078 	 0.0000015277 	 0.7515880762 	
1912 	 7.8366582091 	1955.0086169742 	 0.1592272804 	 0.0002622449 	 0.0679615834 	 0.1737112584 	 0.0010470137 	 0.0053821387 	 0.0000412081 	 0.0000049966 	 0.0000015225 	 0.7515880338 	
1913 	 7.8373584216 	1955.2093692858 	 0.1592130591 	 0.0002614533 	 0.0679593528 	 0.1737247630 	 0.0010437837 	 0.0053751398 	 0.0000410128 	 0.0000049855 	 0.0000015174 	 0.7515879918 	
1914 	 7.8380586341 	1955.4101215973 	 0.1591988379 	 0.0002606617 	 0.0679571221 	 0.1737382677 	 0.0010405536 	 0.0053681408 	 0.0000408176 	 0.0000049744 	 0.0000015124 	 0.7515879497 	
1915 	 7.8387588466 	1955.6108739088 	 0.1591846167 	 0.0002598701 	 0.0679548914 	 0.1737517724 	 0.0010373236 	 0.0053611418 	 0.0000406224 	 0.0000049633 	 0.0000015073 	 0.7515879077 	
1916 	 7.8394590592 	1955.8116262204 	 0.1591703955 	 0.0002590785 	 0.0679526608 	 0.1737652770 	 0.0010340936 	 0.0053541428 	 0.0000404272 	 0.0000049522 	 0.0000015022 	 0.7515878656 	
1917 	 7.8401592717 	1956.0123785319 	 0.1591561743 	 0.0002582869 	 0.0679504301 	 0.1737787817 	 0.0010308636 	 0.0053471439 	 0.0000402320 	 0.0000049411 	 0.0000014971 	 0.7515878236 	
1918 	 7.8408450210 	1956.2090256397 	 0.1591422558 	 0.0002575109 	 0.0679482859 	 0.1737920306 	 0.0010276994 	 0.0053402265 	 0.0000400419 	 0.0000049302 	 0.0000014922 	 0.7515877824 	
1919 	 7.8415213888 	1956.4030099127 	 0.1591285337 	 0.0002567450 	 0.0679461977 	 0.1738051137 	 0.0010245777 	 0.0053333620 	 0.0000398553 	 0.0000049195 	 0.0000014873 	 0.7515877418 	
1920 	 7.8421977566 	1956.5969941857 	 0.1591148116 	 0.0002559792 	 0.0679441096 	 0.1738181967 	 0.0010214561 	 0.0053264975 	 0.0000396686 	 0.0000049088 	 0.0000014824 	 0.7515877012 	
1921 	 7.8428741245 	1956.7909784587 	 0.1591010895 	 0.0002552133 	 0.0679420214 	 0.1738312798 	 0.0010183345 	 0.0053196330 	 0.0000394819 	 0.0000048980 	 0.0000014775 	 0.7515876606 	
1922 	 7.8435504923 	1956.9849627316 	 0.1590873674 	 0.0002544474 	 0.0679399333 	 0.1738443628 	 0.0010152129 	 0.0053127686 	 0.0000392953 	 0.0000048873 	 0.0000014726 	 0.7515876200 	
1923 	 7.8442268601 	1957.1789470046 	 0.1590736453 	 0.0002536815 	 0.0679378451 	 0.1738574459 	 0.0010120913 	 0.0053059041 	 0.0000391086 	 0.0000048766 	 0.0000014677 	 0.7515875793 	
1924 	 7.8448926544 	1957.3699309284 	 0.1590601440 	 0.0002529270 	 0.0679358194 	 0.1738703413 	 0.0010090176 	 0.0052991007 	 0.0000389257 	 0.0000048660 	 0.0000014629 	 0.7515875395 	
1925 	 7.8455460895 	1957.5574077773 	 0.1590469010 	 0.0002521858 	 0.0679338666 	 0.1738830175 	 0.0010060000 	 0.0052923687 	 0.0000387471 	 0.0000048556 	 0.0000014581 	 0.7515875005 	
1926 	 7.8461995246 	1957.7448846262 	 0.1590336579 	 0.0002514447 	 0.0679319139 	 0.1738956937 	 0.0010029824 	 0.0052856366 	 0.0000385685 	 0.0000048452 	 0.0000014534 	 0.7515874616 	
1927 	 7.8468529597 	1957.9323614751 	 0.1590204149 	 0.0002507035 	 0.0679299611 	 0.1739083699 	 0.0009999648 	 0.0052789046 	 0.0000383899 	 0.0000048348 	 0.0000014487 	 0.7515874226 	
1928 	 7.8475063948 	1958.1198383240 	 0.1590071718 	 0.0002499623 	 0.0679280084 	 0.1739210461 	 0.0009969472 	 0.0052721726 	 0.0000382114 	 0.0000048245 	 0.0000014440 	 0.7515873836 	
1929 	 7.8481598300 	1958.3073151730 	 0.1589939288 	 0.0002492212 	 0.0679260556 	 0.1739337223 	 0.0009939296 	 0.0052654406 	 0.0000380328 	 0.0000048141 	 0.0000014393 	 0.7515873447 	
1930 	 7.8488062360 	1958.4928004459 	 0.1589808322 	 0.0002484875 	 0.0679241441 	 0.1739462737 	 0.0009909435 	 0.0052587499 	 0.0000378567 	 0.0000048038 	 0.0000014346 	 0.7515873063 	
1931 	 7.8494373972 	1958.6739663270 	 0.1589680535 	 0.0002477702 	 0.0679223220 	 0.1739585545 	 0.0009880261 	 0.0052521487 	 0.0000376858 	 0.0000047938 	 0.0000014301 	 0.7515872690 	
1932 	 7.8500685584 	1958.8551322080 	 0.1589552747 	 0.0002470528 	 0.0679205000 	 0.1739708353 	 0.0009851086 	 0.0052455475 	 0.0000375149 	 0.0000047837 	 0.0000014255 	 0.7515872318 	
1933 	 7.8506997197 	1959.0362980890 	 0.1589424959 	 0.0002463355 	 0.0679186779 	 0.1739831160 	 0.0009821911 	 0.0052389463 	 0.0000373440 	 0.0000047737 	 0.0000014210 	 0.7515871946 	
1934 	 7.8513308809 	1959.2174639701 	 0.1589297171 	 0.0002456181 	 0.0679168559 	 0.1739953968 	 0.0009792736 	 0.0052323451 	 0.0000371731 	 0.0000047636 	 0.0000014164 	 0.7515871574 	
1935 	 7.8519620421 	1959.3986298511 	 0.1589169384 	 0.0002449008 	 0.0679150338 	 0.1740076775 	 0.0009763561 	 0.0052257440 	 0.0000370022 	 0.0000047536 	 0.0000014119 	 0.7515871202 	
1936 	 7.8525894627 	1959.5787397133 	 0.1589042374 	 0.0002441874 	 0.0679132338 	 0.1740198922 	 0.0009734551 	 0.0052191649 	 0.0000368326 	 0.0000047436 	 0.0000014073 	 0.7515870832 	
1937 	 7.8531986309 	1959.7536967128 	 0.1588919159 	 0.0002434930 	 0.0679115412 	 0.1740317842 	 0.0009706344 	 0.0052126938 	 0.0000366690 	 0.0000047339 	 0.0000014030 	 0.7515870475 	
1938 	 7.8538077990 	1959.9286537123 	 0.1588795943 	 0.0002427987 	 0.0679098487 	 0.1740436762 	 0.0009678138 	 0.0052062227 	 0.0000365055 	 0.0000047242 	 0.0000013986 	 0.7515870117 	
1939 	 7.8544169672 	1960.1036107119 	 0.1588672728 	 0.0002421043 	 0.0679081561 	 0.1740555683 	 0.0009649932 	 0.0051997516 	 0.0000363419 	 0.0000047144 	 0.0000013942 	 0.7515869760 	
1940 	 7.8550261353 	1960.2785677114 	 0.1588549513 	 0.0002414100 	 0.0679064636 	 0.1740674603 	 0.0009621725 	 0.0051932805 	 0.0000361783 	 0.0000047047 	 0.0000013898 	 0.7515869403 	
1941 	 7.8556353035 	1960.4535247109 	 0.1588426298 	 0.0002407157 	 0.0679047710 	 0.1740793523 	 0.0009593519 	 0.0051868094 	 0.0000360148 	 0.0000046950 	 0.0000013854 	 0.7515869046 	
1942 	 7.8562436493 	1960.6282509409 	 0.1588303253 	 0.0002400222 	 0.0679030833 	 0.1740912299 	 0.0009565347 	 0.0051803432 	 0.0000358515 	 0.0000046853 	 0.0000013810 	 0.7515868689 	
1943 	 7.8568193769 	1960.7938233172 	 0.1588186962 	 0.0002393615 	 0.0679015892 	 0.1741025343 	 0.0009538568 	 0.0051740725 	 0.0000356984 	 0.0000046761 	 0.0000013769 	 0.7515868344 	
1944 	 7.8573951044 	1960.9593956934 	 0.1588070671 	 0.0002387008 	 0.0679000950 	 0.1741138386 	 0.0009511790 	 0.0051678018 	 0.0000355453 	 0.0000046668 	 0.0000013728 	 0.7515868000 	
1945 	 7.8579708320 	1961.1249680696 	 0.1587954380 	 0.0002380401 	 0.0678986009 	 0.1741251429 	 0.0009485011 	 0.0051615311 	 0.0000353922 	 0.0000046576 	 0.0000013686 	 0.7515867656 	
1946 	 7.8585465595 	1961.2905404458 	 0.1587838088 	 0.0002373795 	 0.0678971067 	 0.1741364473 	 0.0009458232 	 0.0051552603 	 0.0000352391 	 0.0000046484 	 0.0000013645 	 0.7515867312 	
1947 	 7.8591222870 	1961.4561128220 	 0.1587721797 	 0.0002367188 	 0.0678956125 	 0.1741477516 	 0.0009431453 	 0.0051489896 	 0.0000350860 	 0.0000046391 	 0.0000013603 	 0.7515866967 	
1948 	 7.8596980146 	1961.6216851982 	 0.1587605506 	 0.0002360581 	 0.0678941184 	 0.1741590560 	 0.0009404674 	 0.0051427189 	 0.0000349329 	 0.0000046299 	 0.0000013562 	 0.7515866623 	
1949 	 7.8602737421 	1961.7872575745 	 0.1587489215 	 0.0002353974 	 0.0678926242 	 0.1741703603 	 0.0009377895 	 0.0051364482 	 0.0000347799 	 0.0000046207 	 0.0000013520 	 0.7515866279 	
1950 	 7.8608494697 	1961.9528299507 	 0.1587372924 	 0.0002347368 	 0.0678911301 	 0.1741816646 	 0.0009351116 	 0.0051301774 	 0.0000346268 	 0.0000046114 	 0.0000013479 	 0.7515865935 	
1951 	 7.8614251972 	1962.1184023269 	 0.1587256633 	 0.0002340761 	 0.0678896359 	 0.1741929690 	 0.0009324337 	 0.0051239067 	 0.0000344737 	 0.0000046022 	 0.0000013437 	 0.7515865591 	
1952 	 7.8620009248 	1962.2839747031 	 0.1587140342 	 0.0002334154 	 0.0678881418 	 0.1742042733 	 0.0009297558 	 0.0051176360 	 0.0000343206 	 0.0000045930 	 0.0000013396 	 0.7515865246 	
1953 	 7.8625766523 	1962.4495470793 	 0.1587024051 	 0.0002327547 	 0.0678866476 	 0.1742155776 	 0.0009270779 	 0.0051113652 	 0.0000341675 	 0.0000045838 	 0.0000013355 	 0.7515864902 	
1954 	 7.8631523799 	1962.6151194555 	 0.1586907760 	 0.0002320941 	 0.0678851535 	 0.1742268820 	 0.0009244000 	 0.0051050945 	 0.0000340144 	 0.0000045745 	 0.0000013313 	 0.7515864558 	
1955 	 7.8637029044 	1962.7735167780 	 0.1586796700 	 0.0002314613 	 0.0678838010 	 0.1742377311 	 0.0009218379 	 0.0050989834 	 0.0000338700 	 0.0000045657 	 0.0000013274 	 0.7515864224 	
1956 	 7.8642442770 	1962.9293086340 	 0.1586687539 	 0.0002308386 	 0.0678824999 	 0.1742484149 	 0.0009193179 	 0.0050929301 	 0.0000337287 	 0.0000045570 	 0.0000013235 	 0.7515863895 	
1957 	 7.8647856497 	1963.0851004900 	 0.1586578378 	 0.0002302160 	 0.0678811988 	 0.1742590987 	 0.0009167978 	 0.0050868769 	 0.0000335874 	 0.0000045483 	 0.0000013196 	 0.7515863565 	
1958 	 7.8653270223 	1963.2408923460 	 0.1586469217 	 0.0002295934 	 0.0678798977 	 0.1742697825 	 0.0009142778 	 0.0050808237 	 0.0000334461 	 0.0000045396 	 0.0000013157 	 0.7515863236 	
1959 	 7.8658683949 	1963.3966842020 	 0.1586360056 	 0.0002289707 	 0.0678785967 	 0.1742804662 	 0.0009117577 	 0.0050747705 	 0.0000333048 	 0.0000045309 	 0.0000013119 	 0.7515862906 	
1960 	 7.8664097676 	1963.5524760580 	 0.1586250895 	 0.0002283481 	 0.0678772956 	 0.1742911500 	 0.0009092377 	 0.0050687172 	 0.0000331635 	 0.0000045222 	 0.0000013080 	 0.7515862577 	
1961 	 7.8669511402 	1963.7082679140 	 0.1586141734 	 0.0002277254 	 0.0678759945 	 0.1743018338 	 0.0009067177 	 0.0050626640 	 0.0000330223 	 0.0000045135 	 0.0000013041 	 0.7515862247 	
1962 	 7.8674925128 	1963.8640597700 	 0.1586032574 	 0.0002271028 	 0.0678746934 	 0.1743125176 	 0.0009041976 	 0.0050566108 	 0.0000328810 	 0.0000045048 	 0.0000013002 	 0.7515861918 	
1963 	 7.8680338854 	1964.0198516260 	 0.1585923413 	 0.0002264801 	 0.0678733924 	 0.1743232014 	 0.0009016776 	 0.0050505576 	 0.0000327397 	 0.0000044961 	 0.0000012963 	 0.7515861588 	
1964 	 7.8685752581 	1964.1756434819 	 0.1585814252 	 0.0002258575 	 0.0678720913 	 0.1743338852 	 0.0008991575 	 0.0050445044 	 0.0000325984 	 0.0000044874 	 0.0000012925 	 0.7515861259 	
1965 	 7.8691166307 	1964.3314353379 	 0.1585705091 	 0.0002252349 	 0.0678707902 	 0.1743445690 	 0.0008966375 	 0.0050384511 	 0.0000324571 	 0.0000044788 	 0.0000012886 	 0.7515860929 	
1966 	 7.8696580033 	1964.4872271939 	 0.1585595930 	 0.0002246122 	 0.0678694892 	 0.1743552528 	 0.0008941175 	 0.0050323979 	 0.0000323158 	 0.0000044701 	 0.0000012847 	 0.7515860600 	
1967 	 7.8701854594 	1964.6390529406 	 0.1585489650 	 0.0002240051 	 0.0678682635 	 0.1743656836 	 0.0008916618 	 0.0050264366 	 0.0000321792 	 0.0000044616 	 0.0000012809 	 0.7515860277 	
1968 	 7.8706953909 	1964.7858843272 	 0.1585386997 	 0.0002234175 	 0.0678671329 	 0.1743757960 	 0.0008892873 	 0.0050205910 	 0.0000320486 	 0.0000044534 	 0.0000012773 	 0.7515859962 	
1969 	 7.8712053224 	1964.9327157139 	 0.1585284345 	 0.0002228299 	 0.0678660023 	 0.1743859083 	 0.0008869128 	 0.0050147453 	 0.0000319179 	 0.0000044452 	 0.0000012736 	 0.7515859648 	
1970 	 7.8717152538 	1965.0795471006 	 0.1585181692 	 0.0002222422 	 0.0678648717 	 0.1743960206 	 0.0008845383 	 0.0050088997 	 0.0000317872 	 0.0000044370 	 0.0000012700 	 0.7515859333 	
1971 	 7.8722251853 	1965.2263784873 	 0.1585079040 	 0.0002216546 	 0.0678637411 	 0.1744061329 	 0.0008821637 	 0.0050030541 	 0.0000316566 	 0.0000044288 	 0.0000012664 	 0.7515859019 	
1972 	 7.8727351168 	1965.3732098740 	 0.1584976387 	 0.0002210670 	 0.0678626105 	 0.1744162452 	 0.0008797892 	 0.0049972085 	 0.0000315259 	 0.0000044206 	 0.0000012627 	 0.7515858704 	
1973 	 7.8732450483 	1965.5200412606 	 0.1584873735 	 0.0002204794 	 0.0678614799 	 0.1744263575 	 0.0008774147 	 0.0049913629 	 0.0000313952 	 0.0000044124 	 0.0000012591 	 0.7515858389 	
1974 	 7.8737549798 	1965.6668726473 	 0.1584771082 	 0.0002198918 	 0.0678603493 	 0.1744364699 	 0.0008750401 	 0.0049855172 	 0.0000312646 	 0.0000044042 	 0.0000012555 	 0.7515858075 	
1975 	 7.8742649113 	1965.8137040340 	 0.1584668430 	 0.0002193042 	 0.0678592187 	 0.1744465822 	 0.0008726656 	 0.0049796716 	 0.0000311339 	 0.0000043960 	 0.0000012518 	 0.7515857760 	
1976 	 7.8747748428 	1965.9605354207 	 0.1584565777 	 0.0002187166 	 0.0678580881 	 0.1744566945 	 0.0008702911 	 0.0049738260 	 0.0000310032 	 0.0000043878 	 0.0000012482 	 0.7515857446 	
1977 	 7.8752847743 	1966.1073668074 	 0.1584463124 	 0.0002181290 	 0.0678569574 	 0.1744668068 	 0.0008679166 	 0.0049679804 	 0.0000308726 	 0.0000043796 	 0.0000012445 	 0.7515857131 	
1978 	 7.8757947058 	1966.2541981940 	 0.1584360472 	 0.0002175414 	 0.0678558268 	 0.1744769191 	 0.0008655420 	 0.0049621347 	 0.0000307419 	 0.0000043714 	 0.0000012409 	 0.7515856817 	
1979 	 7.8763002633 	1966.3997818524 	 0.1584258723 	 0.0002169587 	 0.0678547192 	 0.1744869514 	 0.0008631878 	 0.0049563192 	 0.0000306127 	 0.0000043633 	 0.0000012373 	 0.7515856504 	
1980 	 7.8767813502 	1966.5383849764 	 0.1584162026 	 0.0002164034 	 0.0678537400 	 0.1744965361 	 0.0008609474 	 0.0049506716 	 0.0000304916 	 0.0000043556 	 0.0000012339 	 0.7515856204 	
1981 	 7.8772624370 	1966.6769881003 	 0.1584065330 	 0.0002158482 	 0.0678527608 	 0.1745061208 	 0.0008587069 	 0.0049450241 	 0.0000303705 	 0.0000043478 	 0.0000012305 	 0.7515855904 	
1982 	 7.8777435239 	1966.8155912243 	 0.1583968634 	 0.0002152929 	 0.0678517817 	 0.1745157055 	 0.0008564664 	 0.0049393765 	 0.0000302495 	 0.0000043401 	 0.0000012270 	 0.7515855604 	
1983 	 7.8782246108 	1966.9541943483 	 0.1583871938 	 0.0002147376 	 0.0678508025 	 0.1745252902 	 0.0008542260 	 0.0049337289 	 0.0000301284 	 0.0000043323 	 0.0000012236 	 0.7515855304 	
1984 	 7.8787056977 	1967.0927974723 	 0.1583775241 	 0.0002141824 	 0.0678498233 	 0.1745348749 	 0.0008519855 	 0.0049280814 	 0.0000300073 	 0.0000043246 	 0.0000012202 	 0.7515855004 	
1985 	 7.8791867846 	1967.2314005963 	 0.1583678545 	 0.0002136271 	 0.0678488441 	 0.1745444596 	 0.0008497451 	 0.0049224338 	 0.0000298863 	 0.0000043169 	 0.0000012168 	 0.7515854704 	
1986 	 7.8796678714 	1967.3700037203 	 0.1583581849 	 0.0002130719 	 0.0678478650 	 0.1745540443 	 0.0008475046 	 0.0049167863 	 0.0000297652 	 0.0000043091 	 0.0000012134 	 0.7515854404 	
1987 	 7.8801489583 	1967.5086068442 	 0.1583485153 	 0.0002125166 	 0.0678468858 	 0.1745636289 	 0.0008452641 	 0.0049111387 	 0.0000296441 	 0.0000043014 	 0.0000012100 	 0.7515854104 	
1988 	 7.8806300452 	1967.6472099682 	 0.1583388456 	 0.0002119613 	 0.0678459066 	 0.1745732136 	 0.0008430237 	 0.0049054912 	 0.0000295230 	 0.0000042937 	 0.0000012065 	 0.7515853804 	
1989 	 7.8811111321 	1967.7858130922 	 0.1583291760 	 0.0002114061 	 0.0678449275 	 0.1745827983 	 0.0008407832 	 0.0048998436 	 0.0000294020 	 0.0000042859 	 0.0000012031 	 0.7515853504 	
1990 	 7.8815922190 	1967.9244162162 	 0.1583195064 	 0.0002108508 	 0.0678439483 	 0.1745923830 	 0.0008385427 	 0.0048941961 	 0.0000292809 	 0.0000042782 	 0.0000011997 	 0.7515853204 	
1991 	 7.8820733059 	1968.0630193402 	 0.1583098368 	 0.0002102956 	 0.0678429691 	 0.1746019677 	 0.0008363023 	 0.0048885485 	 0.0000291598 	 0.0000042704 	 0.0000011963 	 0.7515852904 	
1992 	 7.8825315655 	1968.1951049579 	 0.1583006374 	 0.0002097661 	 0.0678421061 	 0.1746111322 	 0.0008341683 	 0.0048830635 	 0.0000290462 	 0.0000042631 	 0.0000011930 	 0.7515852616 	
1993 	 7.8829861293 	1968.3261353604 	 0.1582915142 	 0.0002092407 	 0.0678412618 	 0.1746202287 	 0.0008320515 	 0.0048776049 	 0.0000289338 	 0.0000042558 	 0.0000011898 	 0.7515852329 	
1994 	 7.8834406930 	1968.4571657628 	 0.1582823910 	 0.0002087154 	 0.0678404176 	 0.1746293252 	 0.0008299348 	 0.0048721463 	 0.0000288214 	 0.0000042484 	 0.0000011866 	 0.7515852043 	
1995 	 7.8838952568 	1968.5881961652 	 0.1582732678 	 0.0002081901 	 0.0678395734 	 0.1746384217 	 0.0008278180 	 0.0048666876 	 0.0000287091 	 0.0000042411 	 0.0000011834 	 0.7515851757 	
1996 	 7.8843498206 	1968.7192265677 	 0.1582641446 	 0.0002076647 	 0.0678387291 	 0.1746475182 	 0.0008257012 	 0.0048612290 	 0.0000285967 	 0.0000042338 	 0.0000011802 	 0.7515851471 	
1997 	 7.8848043844 	1968.8502569701 	 0.1582550214 	 0.0002071394 	 0.0678378849 	 0.1746566147 	 0.0008235845 	 0.0048557703 	 0.0000284843 	 0.0000042265 	 0.0000011770 	 0.7515851184 	
1998 	 7.8852589481 	1968.9812873726 	 0.1582458982 	 0.0002066141 	 0.0678370407 	 0.1746657113 	 0.0008214677 	 0.0048503117 	 0.0000283719 	 0.0000042192 	 0.0000011738 	 0.7515850898 	
1999 	 7.8857135119 	1969.1123177750 	 0.1582367750 	 0.0002060887 	 0.0678361964 	 0.1746748078 	 0.0008193510 	 0.0048448530 	 0.0000282595 	 0.0000042119 	 0.0000011705 	 0.7515850612 	
2000 	 7.8861680757 	1969.2433481775 	 0.1582276518 	 0.0002055634 	 0.0678353522 	 0.1746839043 	 0.0008172342 	 0.0048393944 	 0.0000281471 	 0.0000042046 	 0.0000011673 	 0.7515850326 	
2001 	 7.8866226395 	1969.3743785799 	 0.1582185286 	 0.0002050381 	 0.0678345079 	 0.1746930008 	 0.0008151175 	 0.0048339358 	 0.0000280347 	 0.0000041973 	 0.0000011641 	 0.7515850039 	
2002 	 7.8870772033 	1969.5054089824 	 0.1582094054 	 0.0002045127 	 0.0678336637 	 0.1747020973 	 0.0008130007 	 0.0048284771 	 0.0000279224 	 0.0000041899 	 0.0000011609 	 0.7515849753 	
2003 	 7.8875317670 	1969.6364393848 	 0.1582002822 	 0.0002039874 	 0.0678328195 	 0.1747111938 	 0.0008108839 	 0.0048230185 	 0.0000278100 	 0.0000041826 	 0.0000011577 	 0.7515849467 	
2004 	 7.8879724072 	1969.7634910714 	 0.1581914452 	 0.0002034779 	 0.0678320439 	 0.1747200325 	 0.0008088323 	 0.0048176625 	 0.0000277021 	 0.0000041755 	 0.0000011546 	 0.7515849188 	
2005 	 7.8884025295 	1969.8875372531 	 0.1581828244 	 0.0002029803 	 0.0678313201 	 0.1747286764 	 0.0008068299 	 0.0048123841 	 0.0000275976 	 0.0000041686 	 0.0000011515 	 0.7515848915 	
2006 	 7.8888326517 	1970.0115834349 	 0.1581742037 	 0.0002024826 	 0.0678305964 	 0.1747373204 	 0.0008048275 	 0.0048071056 	 0.0000274931 	 0.0000041617 	 0.0000011485 	 0.7515848642 	
2007 	 7.8892627740 	1970.1356296167 	 0.1581655829 	 0.0002019850 	 0.0678298726 	 0.1747459643 	 0.0008028251 	 0.0048018272 	 0.0000273886 	 0.0000041548 	 0.0000011455 	 0.7515848369 	
2008 	 7.8896928963 	1970.2596757985 	 0.1581569622 	 0.0002014874 	 0.0678291489 	 0.1747546082 	 0.0008008227 	 0.0047965488 	 0.0000272841 	 0.0000041479 	 0.0000011425 	 0.7515848096 	
2009 	 7.8901230186 	1970.3837219802 	 0.1581483414 	 0.0002009898 	 0.0678284251 	 0.1747632522 	 0.0007988203 	 0.0047912703 	 0.0000271795 	 0.0000041410 	 0.0000011394 	 0.7515847822 	
2010 	 7.8905531409 	1970.5077681620 	 0.1581397206 	 0.0002004922 	 0.0678277014 	 0.1747718961 	 0.0007968179 	 0.0047859919 	 0.0000270750 	 0.0000041340 	 0.0000011364 	 0.7515847549 	
2011 	 7.8909832631 	1970.6318143438 	 0.1581310999 	 0.0001999946 	 0.0678269777 	 0.1747805401 	 0.0007948155 	 0.0047807135 	 0.0000269705 	 0.0000041271 	 0.0000011334 	 0.7515847276 	
2012 	 7.8914133854 	1970.7558605255 	 0.1581224791 	 0.0001994970 	 0.0678262539 	 0.1747891840 	 0.0007928131 	 0.0047754351 	 0.0000268660 	 0.0000041202 	 0.0000011303 	 0.7515847003 	
2013 	 7.8918435077 	1970.8799067073 	 0.1581138583 	 0.0001989994 	 0.0678255302 	 0.1747978280 	 0.0007908107 	 0.0047701566 	 0.0000267615 	 0.0000041133 	 0.0000011273 	 0.7515846730 	
2014 	 7.8922736300 	1971.0039528891 	 0.1581052376 	 0.0001985018 	 0.0678248064 	 0.1748064719 	 0.0007888083 	 0.0047648782 	 0.0000266570 	 0.0000041064 	 0.0000011243 	 0.7515846457 	
2015 	 7.8927037522 	1971.1279990709 	 0.1580966168 	 0.0001980042 	 0.0678240827 	 0.1748151159 	 0.0007868059 	 0.0047595998 	 0.0000265525 	 0.0000040995 	 0.0000011213 	 0.7515846184 	
2016 	 7.8931275846 	1971.2502464610 	 0.1580881251 	 0.0001975138 	 0.0678233889 	 0.1748236427 	 0.0007848330 	 0.0047543693 	 0.0000264500 	 0.0000040926 	 0.0000011183 	 0.7515845914 	
2017 	 7.8935351370 	1971.3678381551 	 0.1580799673 	 0.0001970420 	 0.0678227730 	 0.1748318663 	 0.0007829365 	 0.0047492628 	 0.0000263527 	 0.0000040861 	 0.0000011154 	 0.7515845653 	
2018 	 7.8939426895 	1971.4854298492 	 0.1580718096 	 0.0001965701 	 0.0678221570 	 0.1748400899 	 0.0007810400 	 0.0047441563 	 0.0000262553 	 0.0000040795 	 0.0000011126 	 0.7515845392 	
2019 	 7.8943502419 	1971.6030215432 	 0.1580636518 	 0.0001960983 	 0.0678215410 	 0.1748483136 	 0.0007791435 	 0.0047390498 	 0.0000261580 	 0.0000040730 	 0.0000011097 	 0.7515845132 	
2020 	 7.8947577944 	1971.7206132373 	 0.1580554941 	 0.0001956264 	 0.0678209250 	 0.1748565372 	 0.0007772470 	 0.0047339434 	 0.0000260607 	 0.0000040664 	 0.0000011068 	 0.7515844871 	
2021 	 7.8951653468 	1971.8382049314 	 0.1580473363 	 0.0001951545 	 0.0678203090 	 0.1748647609 	 0.0007753505 	 0.0047288369 	 0.0000259633 	 0.0000040599 	 0.0000011040 	 0.7515844610 	
2022 	 7.8955728993 	1971.9557966255 	 0.1580391785 	 0.0001946827 	 0.0678196930 	 0.1748729845 	 0.0007734540 	 0.0047237304 	 0.0000258660 	 0.0000040534 	 0.0000011011 	 0.7515844349 	
2023 	 7.8959804517 	1972.0733883196 	 0.1580310208 	 0.0001942108 	 0.0678190770 	 0.1748812081 	 0.0007715575 	 0.0047186240 	 0.0000257687 	 0.0000040468 	 0.0000010983 	 0.7515844089 	
2024 	 7.8963880042 	1972.1909800137 	 0.1580228630 	 0.0001937390 	 0.0678184610 	 0.1748894318 	 0.0007696610 	 0.0047135175 	 0.0000256713 	 0.0000040403 	 0.0000010954 	 0.7515843828 	
2025 	 7.8967955566 	1972.3085717078 	 0.1580147053 	 0.0001932671 	 0.0678178450 	 0.1748976554 	 0.0007677645 	 0.0047084110 	 0.0000255740 	 0.0000040337 	 0.0000010926 	 0.7515843567 	
2026 	 7.8972031091 	1972.4261634019 	 0.1580065475 	 0.0001927953 	 0.0678172290 	 0.1749058790 	 0.0007658680 	 0.0047033046 	 0.0000254767 	 0.0000040272 	 0.0000010897 	 0.7515843306 	
2027 	 7.8976106616 	1972.5437550960 	 0.1579983897 	 0.0001923234 	 0.0678166131 	 0.1749141027 	 0.0007639715 	 0.0046981981 	 0.0000253793 	 0.0000040206 	 0.0000010868 	 0.7515843046 	
2028 	 7.8980182140 	1972.6613467900 	 0.1579902320 	 0.0001918516 	 0.0678159971 	 0.1749223263 	 0.0007620750 	 0.0046930916 	 0.0000252820 	 0.0000040141 	 0.0000010840 	 0.7515842785 	
2029 	 7.8984051408 	1972.7730355420 	 0.1579824965 	 0.0001914033 	 0.0678154764 	 0.1749301637 	 0.0007602755 	 0.0046881473 	 0.0000251911 	 0.0000040078 	 0.0000010813 	 0.7515842536 	
2030 	 7.8987918107 	1972.8846508133 	 0.1579747663 	 0.0001909554 	 0.0678149569 	 0.1749379963 	 0.0007584772 	 0.0046832050 	 0.0000251003 	 0.0000040016 	 0.0000010786 	 0.7515842287 	
2031 	 7.8991784807 	1972.9962660847 	 0.1579670361 	 0.0001905075 	 0.0678144374 	 0.1749458290 	 0.0007566789 	 0.0046782627 	 0.0000250095 	 0.0000039954 	 0.0000010759 	 0.7515842038 	
2032 	 7.8995651507 	1973.1078813560 	 0.1579593059 	 0.0001900596 	 0.0678139179 	 0.1749536616 	 0.0007548806 	 0.0046733204 	 0.0000249187 	 0.0000039892 	 0.0000010732 	 0.7515841789 	
2033 	 7.8999518207 	1973.2194966274 	 0.1579515757 	 0.0001896117 	 0.0678133984 	 0.1749614942 	 0.0007530823 	 0.0046683781 	 0.0000248279 	 0.0000039830 	 0.0000010705 	 0.7515841540 	
2034 	 7.9003384907 	1973.3311118987 	 0.1579438455 	 0.0001891637 	 0.0678128789 	 0.1749693268 	 0.0007512841 	 0.0046634357 	 0.0000247371 	 0.0000039768 	 0.0000010678 	 0.7515841291 	
2035 	 7.9007251607 	1973.4427271701 	 0.1579361153 	 0.0001887158 	 0.0678123594 	 0.1749771594 	 0.0007494858 	 0.0046584934 	 0.0000246463 	 0.0000039706 	 0.0000010651 	 0.7515841042 	
2036 	 7.9011118307 	1973.5543424414 	 0.1579283851 	 0.0001882679 	 0.0678118399 	 0.1749849920 	 0.0007476875 	 0.0046535511 	 0.0000245555 	 0.0000039644 	 0.0000010624 	 0.7515840793 	
2037 	 7.9014985007 	1973.6659577128 	 0.1579206549 	 0.0001878200 	 0.0678113204 	 0.1749928246 	 0.0007458892 	 0.0046486088 	 0.0000244647 	 0.0000039582 	 0.0000010597 	 0.7515840544 	
2038 	 7.9018851707 	1973.7775729841 	 0.1579129247 	 0.0001873721 	 0.0678108010 	 0.1750006572 	 0.0007440909 	 0.0046436665 	 0.0000243739 	 0.0000039520 	 0.0000010570 	 0.7515840295 	
2039 	 7.9022718407 	1973.8891882554 	 0.1579051945 	 0.0001869241 	 0.0678102815 	 0.1750084898 	 0.0007422927 	 0.0046387242 	 0.0000242831 	 0.0000039458 	 0.0000010543 	 0.7515840046 	
2040 	 7.9026585107 	1974.0008035268 	 0.1578974643 	 0.0001864762 	 0.0678097620 	 0.1750163225 	 0.0007404944 	 0.0046337819 	 0.0000241923 	 0.0000039396 	 0.0000010516 	 0.7515839797 	
2041 	 7.9030316940 	1974.1085562303 	 0.1578900097 	 0.0001860438 	 0.0678093028 	 0.1750239012 	 0.0007387597 	 0.0046289488 	 0.0000241057 	 0.0000039336 	 0.0000010490 	 0.7515839555 	
2042 	 7.9033990066 	1974.2146275808 	 0.1578826751 	 0.0001856182 	 0.0678088698 	 0.1750313694 	 0.0007370527 	 0.0046241633 	 0.0000240208 	 0.0000039277 	 0.0000010464 	 0.7515839317 	
2043 	 7.9037663192 	1974.3206989313 	 0.1578753405 	 0.0001851926 	 0.0678084368 	 0.1750388376 	 0.0007353456 	 0.0046193778 	 0.0000239360 	 0.0000039218 	 0.0000010439 	 0.7515839079 	
2044 	 7.9041336318 	1974.4267702818 	 0.1578680059 	 0.0001847669 	 0.0678080038 	 0.1750463059 	 0.0007336386 	 0.0046145922 	 0.0000238512 	 0.0000039159 	 0.0000010413 	 0.7515838841 	
2045 	 7.9045009444 	1974.5328416323 	 0.1578606713 	 0.0001843413 	 0.0678075709 	 0.1750537741 	 0.0007319316 	 0.0046098067 	 0.0000237663 	 0.0000039100 	 0.0000010388 	 0.7515838603 	
2046 	 7.9048682570 	1974.6389129828 	 0.1578533366 	 0.0001839157 	 0.0678071379 	 0.1750612423 	 0.0007302246 	 0.0046050212 	 0.0000236815 	 0.0000039041 	 0.0000010362 	 0.7515838366 	
2047 	 7.9052355696 	1974.7449843333 	 0.1578460020 	 0.0001834900 	 0.0678067049 	 0.1750687105 	 0.0007285176 	 0.0046002356 	 0.0000235967 	 0.0000038983 	 0.0000010337 	 0.7515838128 	
2048 	 7.9056028822 	1974.8510556838 	 0.1578386674 	 0.0001830644 	 0.0678062719 	 0.1750761788 	 0.0007268105 	 0.0045954501 	 0.0000235118 	 0.0000038924 	 0.0000010311 	 0.7515837890 	
2049 	 7.9059701948 	1974.9571270343 	 0.1578313328 	 0.0001826388 	 0.0678058390 	 0.1750836470 	 0.0007251035 	 0.0045906646 	 0.0000234270 	 0.0000038865 	 0.0000010286 	 0.7515837652 	
2050 	 7.9063375074 	1975.0631983848 	 0.1578239982 	 0.0001822131 	 0.0678054060 	 0.1750911152 	 0.0007233965 	 0.0045858791 	 0.0000233422 	 0.0000038806 	 0.0000010260 	 0.7515837414 	
2051 	 7.9067048200 	1975.1692697353 	 0.1578166636 	 0.0001817875 	 0.0678049730 	 0.1750985834 	 0.0007216895 	 0.0045810935 	 0.0000232573 	 0.0000038747 	 0.0000010235 	 0.7515837176 	
2052 	 7.9070721326 	1975.2753410858 	 0.1578093290 	 0.0001813619 	 0.0678045400 	 0.1751060517 	 0.0007199825 	 0.0045763080 	 0.0000231725 	 0.0000038688 	 0.0000010209 	 0.7515836938 	
2053 	 7.9074321517 	1975.3793221905 	 0.1578021432 	 0.0001809447 	 0.0678041385 	 0.1751133819 	 0.0007183099 	 0.0045715833 	 0.0000230899 	 0.0000038631 	 0.0000010184 	 0.7515836704 	
2054 	 7.9077814886 	1975.4802418242 	 0.1577951753 	 0.0001805398 	 0.0678037832 	 0.1751205100 	 0.0007166878 	 0.0045669476 	 0.0000230105 	 0.0000038575 	 0.0000010160 	 0.7515836477 	
2055 	 7.9081308255 	1975.5811614579 	 0.1577882074 	 0.0001801350 	 0.0678034279 	 0.1751276381 	 0.0007150657 	 0.0045623118 	 0.0000229312 	 0.0000038519 	 0.0000010136 	 0.7515836249 	
2056 	 7.9084801624 	1975.6820810916 	 0.1577812395 	 0.0001797301 	 0.0678030725 	 0.1751347663 	 0.0007134436 	 0.0045576761 	 0.0000228518 	 0.0000038463 	 0.0000010111 	 0.7515836022 	
2057 	 7.9088294993 	1975.7830007252 	 0.1577742716 	 0.0001793253 	 0.0678027172 	 0.1751418944 	 0.0007118215 	 0.0045530404 	 0.0000227724 	 0.0000038407 	 0.0000010087 	 0.7515835794 	
2058 	 7.9091788362 	1975.8839203589 	 0.1577673037 	 0.0001789204 	 0.0678023619 	 0.1751490225 	 0.0007101994 	 0.0045484047 	 0.0000226930 	 0.0000038351 	 0.0000010063 	 0.7515835567 	
2059 	 7.9095281731 	1975.9848399926 	 0.1577603358 	 0.0001785156 	 0.0678020065 	 0.1751561506 	 0.0007085773 	 0.0045437690 	 0.0000226137 	 0.0000038295 	 0.0000010039 	 0.7515835339 	
2060 	 7.9098775100 	1976.0857596263 	 0.1577533679 	 0.0001781107 	 0.0678016512 	 0.1751632788 	 0.0007069552 	 0.0045391333 	 0.0000225343 	 0.0000038239 	 0.0000010015 	 0.7515835112 	
2061 	 7.9102268469 	1976.1866792599 	 0.1577464000 	 0.0001777059 	 0.0678012959 	 0.1751704069 	 0.0007053331 	 0.0045344975 	 0.0000224549 	 0.0000038183 	 0.0000009990 	 0.7515834884 	
2062 	 7.9105761838 	1976.2875988936 	 0.1577394321 	 0.0001773010 	 0.0678009405 	 0.1751775350 	 0.0007037110 	 0.0045298618 	 0.0000223756 	 0.0000038128 	 0.0000009966 	 0.7515834657 	
2063 	 7.9109255207 	1976.3885185273 	 0.1577324642 	 0.0001768962 	 0.0678005852 	 0.1751846632 	 0.0007020889 	 0.0045252261 	 0.0000222962 	 0.0000038072 	 0.0000009942 	 0.7515834429 	
2064 	 7.9112748576 	1976.4894381610 	 0.1577254963 	 0.0001764913 	 0.0678002299 	 0.1751917913 	 0.0007004668 	 0.0045205904 	 0.0000222168 	 0.0000038016 	 0.0000009918 	 0.7515834202 	
2065 	 7.9116222757 	1976.5898075195 	 0.1577185674 	 0.0001760887 	 0.0677998825 	 0.1751988829 	 0.0006988538 	 0.0045159711 	 0.0000221380 	 0.0000037960 	 0.0000009894 	 0.7515833975 	
2066 	 7.9119548916 	1976.6859318982 	 0.1577119401 	 0.0001757032 	 0.0677995970 	 0.1752056931 	 0.0006973108 	 0.0045114786 	 0.0000220637 	 0.0000037907 	 0.0000009871 	 0.7515833758 	
2067 	 7.9122875075 	1976.7820562769 	 0.1577053127 	 0.0001753178 	 0.0677993114 	 0.1752125034 	 0.0006957679 	 0.0045069861 	 0.0000219893 	 0.0000037854 	 0.0000009848 	 0.7515833540 	
2068 	 7.9126201234 	1976.8781806556 	 0.1576986854 	 0.0001749323 	 0.0677990258 	 0.1752193136 	 0.0006942249 	 0.0045024936 	 0.0000219150 	 0.0000037801 	 0.0000009825 	 0.7515833322 	
2069 	 7.9129527393 	1976.9743050343 	 0.1576920580 	 0.0001745469 	 0.0677987402 	 0.1752261238 	 0.0006926819 	 0.0044980012 	 0.0000218406 	 0.0000037748 	 0.0000009802 	 0.7515833105 	
2070 	 7.9132853553 	1977.0704294130 	 0.1576854307 	 0.0001741615 	 0.0677984546 	 0.1752329340 	 0.0006911390 	 0.0044935087 	 0.0000217662 	 0.0000037695 	 0.0000009779 	 0.7515832887 	
2071 	 7.9136179712 	1977.1665537917 	 0.1576788033 	 0.0001737760 	 0.0677981690 	 0.1752397443 	 0.0006895960 	 0.0044890162 	 0.0000216919 	 0.0000037642 	 0.0000009756 	 0.7515832669 	
2072 	 7.9139505871 	1977.2626781705 	 0.1576721760 	 0.0001733906 	 0.0677978834 	 0.1752465545 	 0.0006880531 	 0.0044845237 	 0.0000216175 	 0.0000037589 	 0.0000009733 	 0.7515832452 	
2073 	 7.9142832030 	1977.3588025492 	 0.1576655486 	 0.0001730051 	 0.0677975978 	 0.1752533647 	 0.0006865101 	 0.0044800312 	 0.0000215431 	 0.0000037535 	 0.0000009710 	 0.7515832234 	
2074 	 7.9146158189 	1977.4549269279 	 0.1576589212 	 0.0001726197 	 0.0677973122 	 0.1752601749 	 0.0006849671 	 0.0044755387 	 0.0000214688 	 0.0000037482 	 0.0000009687 	 0.7515832016 	
2075 	 7.9149484348 	1977.5510513066 	 0.1576522939 	 0.0001722342 	 0.0677970266 	 0.1752669852 	 0.0006834242 	 0.0044710462 	 0.0000213944 	 0.0000037429 	 0.0000009665 	 0.7515831799 	
2076 	 7.9152810507 	1977.6471756853 	 0.1576456665 	 0.0001718488 	 0.0677967410 	 0.1752737954 	 0.0006818812 	 0.0044665537 	 0.0000213201 	 0.0000037376 	 0.0000009642 	 0.7515831581 	
2077 	 7.9156136666 	1977.7433000640 	 0.1576390392 	 0.0001714633 	 0.0677964554 	 0.1752806056 	 0.0006803383 	 0.0044620612 	 0.0000212457 	 0.0000037323 	 0.0000009619 	 0.7515831363 	
2078 	 7.9159334489 	1977.8357417104 	 0.1576326728 	 0.0001710928 	 0.0677962214 	 0.1752871707 	 0.0006788562 	 0.0044576816 	 0.0000211751 	 0.0000037272 	 0.0000009597 	 0.7515831153 	
2079 	 7.9162504857 	1977.9273955086 	 0.1576263622 	 0.0001707255 	 0.0677959985 	 0.1752936833 	 0.0006773871 	 0.0044533261 	 0.0000211054 	 0.0000037222 	 0.0000009575 	 0.7515830945 	
2080 	 7.9165675225 	1978.0190493068 	 0.1576200516 	 0.0001703582 	 0.0677957756 	 0.1753001959 	 0.0006759180 	 0.0044489706 	 0.0000210356 	 0.0000037171 	 0.0000009553 	 0.7515830737 	
2081 	 7.9168845594 	1978.1107031050 	 0.1576137410 	 0.0001699909 	 0.0677955527 	 0.1753067086 	 0.0006744489 	 0.0044446151 	 0.0000209659 	 0.0000037121 	 0.0000009531 	 0.7515830528 	
2082 	 7.9172015962 	1978.2023569032 	 0.1576074305 	 0.0001696236 	 0.0677953298 	 0.1753132212 	 0.0006729798 	 0.0044402596 	 0.0000208961 	 0.0000037070 	 0.0000009510 	 0.7515830320 	
2083 	 7.9175186330 	1978.2940107014 	 0.1576011199 	 0.0001692563 	 0.0677951068 	 0.1753197338 	 0.0006715107 	 0.0044359041 	 0.0000208263 	 0.0000037020 	 0.0000009488 	 0.7515830112 	
2084 	 7.9178356698 	1978.3856644996 	 0.1575948093 	 0.0001688890 	 0.0677948839 	 0.1753262465 	 0.0006700416 	 0.0044315487 	 0.0000207566 	 0.0000036969 	 0.0000009466 	 0.7515829903 	
2085 	 7.9181527067 	1978.4773182977 	 0.1575884987 	 0.0001685217 	 0.0677946610 	 0.1753327591 	 0.0006685725 	 0.0044271932 	 0.0000206868 	 0.0000036919 	 0.0000009444 	 0.7515829695 	
2086 	 7.9184697435 	1978.5689720959 	 0.1575821882 	 0.0001681544 	 0.0677944381 	 0.1753392717 	 0.0006671034 	 0.0044228377 	 0.0000206171 	 0.0000036868 	 0.0000009423 	 0.7515829487 	
2087 	 7.9187867803 	1978.6606258941 	 0.1575758776 	 0.0001677871 	 0.0677942152 	 0.1753457844 	 0.0006656343 	 0.0044184822 	 0.0000205473 	 0.0000036818 	 0.0000009401 	 0.7515829278 	
2088 	 7.9191038171 	1978.7522796923 	 0.1575695670 	 0.0001674198 	 0.0677939923 	 0.1753522970 	 0.0006641652 	 0.0044141267 	 0.0000204775 	 0.0000036767 	 0.0000009379 	 0.7515829070 	
2089 	 7.9194208539 	1978.8439334905 	 0.1575632564 	 0.0001670524 	 0.0677937693 	 0.1753588096 	 0.0006626961 	 0.0044097712 	 0.0000204078 	 0.0000036717 	 0.0000009357 	 0.7515828862 	
2090 	 7.9197301453 	1978.9333633032 	 0.1575571031 	 0.0001666942 	 0.0677935765 	 0.1753651737 	 0.0006612637 	 0.0044054856 	 0.0000203403 	 0.0000036668 	 0.0000009336 	 0.7515828658 	
2091 	 7.9200326446 	1979.0208428518 	 0.1575510877 	 0.0001663439 	 0.0677934099 	 0.1753714073 	 0.0006598637 	 0.0044012612 	 0.0000202747 	 0.0000036620 	 0.0000009315 	 0.7515828458 	
2092 	 7.9203351438 	1979.1083224003 	 0.1575450723 	 0.0001659935 	 0.0677932434 	 0.1753776410 	 0.0006584636 	 0.0043970369 	 0.0000202092 	 0.0000036572 	 0.0000009295 	 0.7515828259 	
2093 	 7.9206376431 	1979.1958019489 	 0.1575390569 	 0.0001656432 	 0.0677930768 	 0.1753838747 	 0.0006570635 	 0.0043928125 	 0.0000201437 	 0.0000036524 	 0.0000009274 	 0.7515828059 	
2094 	 7.9209401423 	1979.2832814974 	 0.1575330415 	 0.0001652929 	 0.0677929102 	 0.1753901084 	 0.0006556634 	 0.0043885881 	 0.0000200782 	 0.0000036476 	 0.0000009253 	 0.7515827859 	
2095 	 7.9212426415 	1979.3707610460 	 0.1575270260 	 0.0001649426 	 0.0677927437 	 0.1753963420 	 0.0006542634 	 0.0043843638 	 0.0000200126 	 0.0000036428 	 0.0000009233 	 0.7515827660 	
2096 	 7.9215451408 	1979.4582405945 	 0.1575210106 	 0.0001645922 	 0.0677925771 	 0.1754025757 	 0.0006528633 	 0.0043801394 	 0.0000199471 	 0.0000036380 	 0.0000009212 	 0.7515827460 	
2097 	 7.9218476400 	1979.5457201431 	 0.1575149952 	 0.0001642419 	 0.0677924106 	 0.1754088094 	 0.0006514632 	 0.0043759150 	 0.0000198816 	 0.0000036332 	 0.0000009191 	 0.7515827260 	
2098 	 7.9221501393 	1979.6331996916 	 0.1575089798 	 0.0001638916 	 0.0677922440 	 0.1754150431 	 0.0006500632 	 0.0043716907 	 0.0000198160 	 0.0000036284 	 0.0000009170 	 0.7515827061 	
2099 	 7.9224526385 	1979.7206792402 	 0.1575029644 	 0.0001635413 	 0.0677920775 	 0.1754212767 	 0.0006486631 	 0.0043674663 	 0.0000197505 	 0.0000036236 	 0.0000009150 	 0.7515826861 	
2100 	 7.9227551377 	1979.8081587887 	 0.1574969489 	 0.0001631910 	 0.0677919109 	 0.1754275104 	 0.0006472630 	 0.0043632419 	 0.0000196850 	 0.0000036188 	 0.0000009129 	 0.7515826661 	
2101 	 7.9230576370 	1979.8956383373 	 0.1574909335 	 0.0001628406 	 0.0677917444 	 0.1754337441 	 0.0006458629 	 0.0043590176 	 0.0000196195 	 0.0000036140 	 0.0000009108 	 0.7515826462 	
2102 	 7.9233568512 	1979.9821740659 	 0.1574849847 	 0.0001624942 	 0.0677915901 	 0.1754399145 	 0.0006444785 	 0.0043548236 	 0.0000195549 	 0.0000036092 	 0.0000009088 	 0.7515826264 	
2103 	 7.9236457647 	1980.0657503592 	 0.1574792447 	 0.0001621598 	 0.0677914742 	 0.1754458863 	 0.0006431430 	 0.0043507248 	 0.0000194933 	 0.0000036046 	 0.0000009068 	 0.7515826073 	
2104 	 7.9239346783 	1980.1493266524 	 0.1574735047 	 0.0001618253 	 0.0677913583 	 0.1754518581 	 0.0006418075 	 0.0043466260 	 0.0000194316 	 0.0000036001 	 0.0000009049 	 0.7515825881 	
2105 	 7.9242235918 	1980.2329029456 	 0.1574677647 	 0.0001614909 	 0.0677912425 	 0.1754578300 	 0.0006404721 	 0.0043425272 	 0.0000193700 	 0.0000035955 	 0.0000009029 	 0.7515825690 	
2106 	 7.9245125054 	1980.3164792389 	 0.1574620247 	 0.0001611565 	 0.0677911266 	 0.1754638018 	 0.0006391366 	 0.0043384284 	 0.0000193084 	 0.0000035909 	 0.0000009009 	 0.7515825498 	
2107 	 7.9248014189 	1980.4000555321 	 0.1574562847 	 0.0001608221 	 0.0677910108 	 0.1754697736 	 0.0006378011 	 0.0043343296 	 0.0000192467 	 0.0000035864 	 0.0000008990 	 0.7515825307 	
2108 	 7.9250903325 	1980.4836318254 	 0.1574505448 	 0.0001604877 	 0.0677908949 	 0.1754757455 	 0.0006364656 	 0.0043302308 	 0.0000191851 	 0.0000035818 	 0.0000008970 	 0.7515825115 	
2109 	 7.9253792460 	1980.5672081186 	 0.1574448048 	 0.0001601533 	 0.0677907790 	 0.1754817173 	 0.0006351302 	 0.0043261320 	 0.0000191235 	 0.0000035772 	 0.0000008950 	 0.7515824924 	
2110 	 7.9256681596 	1980.6507844119 	 0.1574390648 	 0.0001598189 	 0.0677906632 	 0.1754876892 	 0.0006337947 	 0.0043220333 	 0.0000190619 	 0.0000035726 	 0.0000008931 	 0.7515824733 	
2111 	 7.9259570731 	1980.7343607051 	 0.1574333248 	 0.0001594845 	 0.0677905473 	 0.1754936610 	 0.0006324592 	 0.0043179345 	 0.0000190002 	 0.0000035681 	 0.0000008911 	 0.7515824541 	
2112 	 7.9262459867 	1980.8179369983 	 0.1574275848 	 0.0001591501 	 0.0677904315 	 0.1754996328 	 0.0006311238 	 0.0043138357 	 0.0000189386 	 0.0000035635 	 0.0000008891 	 0.7515824350 	
2113 	 7.9265349003 	1980.9015132916 	 0.1574218448 	 0.0001588157 	 0.0677903156 	 0.1755056047 	 0.0006297883 	 0.0043097369 	 0.0000188770 	 0.0000035589 	 0.0000008871 	 0.7515824158 	
2114 	 7.9268238138 	1980.9850895848 	 0.1574161048 	 0.0001584813 	 0.0677901997 	 0.1755115765 	 0.0006284528 	 0.0043056381 	 0.0000188154 	 0.0000035544 	 0.0000008852 	 0.7515823967 	
2115 	 7.9271006387 	1981.0651906630 	 0.1574106096 	 0.0001581611 	 0.0677901272 	 0.1755173144 	 0.0006271749 	 0.0043016537 	 0.0000187572 	 0.0000035500 	 0.0000008833 	 0.7515823782 	
2116 	 7.9273768384 	1981.1451119887 	 0.1574051270 	 0.0001578416 	 0.0677900570 	 0.1755230401 	 0.0006259000 	 0.0042976753 	 0.0000186991 	 0.0000035456 	 0.0000008814 	 0.7515823599 	
2117 	 7.9276530380 	1981.2250333144 	 0.1573996444 	 0.0001575222 	 0.0677899867 	 0.1755287658 	 0.0006246250 	 0.0042936968 	 0.0000186411 	 0.0000035413 	 0.0000008796 	 0.7515823415 	
2118 	 7.9279292376 	1981.3049546401 	 0.1573941618 	 0.0001572027 	 0.0677899164 	 0.1755344916 	 0.0006233501 	 0.0042897184 	 0.0000185831 	 0.0000035369 	 0.0000008777 	 0.7515823231 	
2119 	 7.9282054373 	1981.3848759657 	 0.1573886792 	 0.0001568833 	 0.0677898462 	 0.1755402173 	 0.0006220752 	 0.0042857400 	 0.0000185251 	 0.0000035326 	 0.0000008758 	 0.7515823047 	
2120 	 7.9284816369 	1981.4647972914 	 0.1573831966 	 0.0001565638 	 0.0677897759 	 0.1755459431 	 0.0006208002 	 0.0042817615 	 0.0000184670 	 0.0000035282 	 0.0000008739 	 0.7515822863 	
2121 	 7.9287578366 	1981.5447186171 	 0.1573777140 	 0.0001562443 	 0.0677897056 	 0.1755516688 	 0.0006195253 	 0.0042777831 	 0.0000184090 	 0.0000035239 	 0.0000008721 	 0.7515822679 	
2122 	 7.9290340362 	1981.6246399428 	 0.1573722314 	 0.0001559249 	 0.0677896354 	 0.1755573946 	 0.0006182504 	 0.0042738046 	 0.0000183510 	 0.0000035195 	 0.0000008702 	 0.7515822496 	
2123 	 7.9293102359 	1981.7045612685 	 0.1573667488 	 0.0001556054 	 0.0677895651 	 0.1755631203 	 0.0006169754 	 0.0042698262 	 0.0000182930 	 0.0000035152 	 0.0000008683 	 0.7515822312 	
2124 	 7.9295864355 	1981.7844825942 	 0.1573612663 	 0.0001552859 	 0.0677894948 	 0.1755688461 	 0.0006157005 	 0.0042658477 	 0.0000182350 	 0.0000035108 	 0.0000008664 	 0.7515822128 	
2125 	 7.9298626351 	1981.8644039198 	 0.1573557837 	 0.0001549665 	 0.0677894246 	 0.1755745718 	 0.0006144256 	 0.0042618693 	 0.0000181769 	 0.0000035065 	 0.0000008646 	 0.7515821944 	
2126 	 7.9301388348 	1981.9443252455 	 0.1573503011 	 0.0001546470 	 0.0677893543 	 0.1755802976 	 0.0006131506 	 0.0042578908 	 0.0000181189 	 0.0000035021 	 0.0000008627 	 0.7515821760 	
2127 	 7.9304071732 	1982.0219852541 	 0.1573449774 	 0.0001543368 	 0.0677893111 	 0.1755858705 	 0.0006119132 	 0.0042539885 	 0.0000180631 	 0.0000034979 	 0.0000008609 	 0.7515821581 	
2128 	 7.9306714589 	1982.0984794905 	 0.1573397357 	 0.0001540314 	 0.0677892818 	 0.1755913647 	 0.0006106950 	 0.0042501255 	 0.0000180084 	 0.0000034937 	 0.0000008591 	 0.7515821404 	
2129 	 7.9309357446 	1982.1749737268 	 0.1573344940 	 0.0001537260 	 0.0677892525 	 0.1755968589 	 0.0006094769 	 0.0042462625 	 0.0000179537 	 0.0000034896 	 0.0000008573 	 0.7515821227 	
2130 	 7.9312000303 	1982.2514679632 	 0.1573292523 	 0.0001534205 	 0.0677892232 	 0.1756023530 	 0.0006082588 	 0.0042423995 	 0.0000178990 	 0.0000034854 	 0.0000008555 	 0.7515821050 	
2131 	 7.9314643160 	1982.3279621996 	 0.1573240106 	 0.0001531151 	 0.0677891939 	 0.1756078472 	 0.0006070407 	 0.0042385364 	 0.0000178443 	 0.0000034813 	 0.0000008537 	 0.7515820874 	
2132 	 7.9317286017 	1982.4044564360 	 0.1573187689 	 0.0001528097 	 0.0677891647 	 0.1756133414 	 0.0006058225 	 0.0042346734 	 0.0000177896 	 0.0000034771 	 0.0000008519 	 0.7515820697 	
2133 	 7.9319928875 	1982.4809506724 	 0.1573135272 	 0.0001525043 	 0.0677891354 	 0.1756188355 	 0.0006046044 	 0.0042308104 	 0.0000177349 	 0.0000034730 	 0.0000008502 	 0.7515820520 	
2134 	 7.9322571732 	1982.5574449088 	 0.1573082855 	 0.0001521989 	 0.0677891061 	 0.1756243297 	 0.0006033863 	 0.0042269473 	 0.0000176802 	 0.0000034688 	 0.0000008484 	 0.7515820343 	
2135 	 7.9325214589 	1982.6339391452 	 0.1573030438 	 0.0001518934 	 0.0677890768 	 0.1756298239 	 0.0006021682 	 0.0042230843 	 0.0000176255 	 0.0000034647 	 0.0000008466 	 0.7515820166 	
2136 	 7.9327857446 	1982.7104333815 	 0.1572978021 	 0.0001515880 	 0.0677890475 	 0.1756353181 	 0.0006009500 	 0.0042192213 	 0.0000175708 	 0.0000034605 	 0.0000008448 	 0.7515819990 	
2137 	 7.9330500303 	1982.7869276179 	 0.1572925604 	 0.0001512826 	 0.0677890182 	 0.1756408122 	 0.0005997319 	 0.0042153583 	 0.0000175161 	 0.0000034564 	 0.0000008430 	 0.7515819813 	
2138 	 7.9333143160 	1982.8634218543 	 0.1572873187 	 0.0001509772 	 0.0677889890 	 0.1756463064 	 0.0005985138 	 0.0042114952 	 0.0000174615 	 0.0000034522 	 0.0000008412 	 0.7515819636 	
2139 	 7.9335744785 	1982.9387292587 	 0.1572821602 	 0.0001506766 	 0.0677889732 	 0.1756517201 	 0.0005973154 	 0.0042076731 	 0.0000174079 	 0.0000034482 	 0.0000008395 	 0.7515819461 	
2140 	 7.9338275858 	1983.0120058618 	 0.1572771443 	 0.0001503844 	 0.0677889808 	 0.1756569961 	 0.0005961506 	 0.0042039208 	 0.0000173563 	 0.0000034442 	 0.0000008378 	 0.7515819291 	
2141 	 7.9340806930 	1983.0852824648 	 0.1572721283 	 0.0001500922 	 0.0677889883 	 0.1756622720 	 0.0005949859 	 0.0042001686 	 0.0000173047 	 0.0000034402 	 0.0000008361 	 0.7515819121 	
2142 	 7.9343338002 	1983.1585590678 	 0.1572671123 	 0.0001498000 	 0.0677889958 	 0.1756675480 	 0.0005938211 	 0.0041964164 	 0.0000172531 	 0.0000034363 	 0.0000008344 	 0.7515818950 	
2143 	 7.9345869075 	1983.2318356709 	 0.1572620963 	 0.0001495078 	 0.0677890033 	 0.1756728240 	 0.0005926564 	 0.0041926641 	 0.0000172015 	 0.0000034323 	 0.0000008327 	 0.7515818780 	
2144 	 7.9348400147 	1983.3051122739 	 0.1572570804 	 0.0001492156 	 0.0677890108 	 0.1756781000 	 0.0005914916 	 0.0041889119 	 0.0000171499 	 0.0000034284 	 0.0000008309 	 0.7515818609 	
2145 	 7.9350931220 	1983.3783888769 	 0.1572520644 	 0.0001489234 	 0.0677890183 	 0.1756833760 	 0.0005903269 	 0.0041851597 	 0.0000170983 	 0.0000034244 	 0.0000008292 	 0.7515818439 	
2146 	 7.9353462292 	1983.4516654800 	 0.1572470484 	 0.0001486311 	 0.0677890258 	 0.1756886519 	 0.0005891622 	 0.0041814074 	 0.0000170466 	 0.0000034205 	 0.0000008275 	 0.7515818269 	
2147 	 7.9355993364 	1983.5249420830 	 0.1572420324 	 0.0001483389 	 0.0677890333 	 0.1756939279 	 0.0005879974 	 0.0041776552 	 0.0000169950 	 0.0000034165 	 0.0000008258 	 0.7515818098 	
2148 	 7.9358524437 	1983.5982186860 	 0.1572370165 	 0.0001480467 	 0.0677890409 	 0.1756992039 	 0.0005868327 	 0.0041739030 	 0.0000169434 	 0.0000034125 	 0.0000008241 	 0.7515817928 	
2149 	 7.9361055509 	1983.6714952891 	 0.1572320005 	 0.0001477545 	 0.0677890484 	 0.1757044799 	 0.0005856679 	 0.0041701508 	 0.0000168918 	 0.0000034086 	 0.0000008224 	 0.7515817757 	
2150 	 7.9363586582 	1983.7447718921 	 0.1572269845 	 0.0001474623 	 0.0677890559 	 0.1757097559 	 0.0005845032 	 0.0041663985 	 0.0000168402 	 0.0000034046 	 0.0000008207 	 0.7515817587 	
2151 	 7.9366109477 	1983.8178129467 	 0.1572219850 	 0.0001471711 	 0.0677890660 	 0.1757150158 	 0.0005833424 	 0.0041626546 	 0.0000167888 	 0.0000034007 	 0.0000008190 	 0.7515817417 	
2152 	 7.9368535535 	1983.8880646116 	 0.1572171809 	 0.0001468913 	 0.0677891064 	 0.1757200859 	 0.0005822279 	 0.0041590088 	 0.0000167401 	 0.0000033969 	 0.0000008174 	 0.7515817252 	
2153 	 7.9370961594 	1983.9583162766 	 0.1572123767 	 0.0001466115 	 0.0677891469 	 0.1757251561 	 0.0005811134 	 0.0041553631 	 0.0000166913 	 0.0000033931 	 0.0000008158 	 0.7515817088 	
2154 	 7.9373387652 	1984.0285679416 	 0.1572075725 	 0.0001463318 	 0.0677891874 	 0.1757302262 	 0.0005799989 	 0.0041517174 	 0.0000166426 	 0.0000033894 	 0.0000008141 	 0.7515816923 	
2155 	 7.9375813710 	1984.0988196065 	 0.1572027684 	 0.0001460520 	 0.0677892279 	 0.1757352963 	 0.0005788844 	 0.0041480716 	 0.0000165939 	 0.0000033856 	 0.0000008125 	 0.7515816759 	
2156 	 7.9378239769 	1984.1690712715 	 0.1571979642 	 0.0001457723 	 0.0677892684 	 0.1757403665 	 0.0005777699 	 0.0041444259 	 0.0000165451 	 0.0000033818 	 0.0000008109 	 0.7515816594 	
2157 	 7.9380665827 	1984.2393229364 	 0.1571931600 	 0.0001454925 	 0.0677893088 	 0.1757454366 	 0.0005766554 	 0.0041407801 	 0.0000164964 	 0.0000033780 	 0.0000008093 	 0.7515816429 	
2158 	 7.9383091886 	1984.3095746014 	 0.1571883558 	 0.0001452128 	 0.0677893493 	 0.1757505067 	 0.0005755409 	 0.0041371344 	 0.0000164476 	 0.0000033743 	 0.0000008076 	 0.7515816265 	
2159 	 7.9385517944 	1984.3798262663 	 0.1571835517 	 0.0001449330 	 0.0677893898 	 0.1757555769 	 0.0005744264 	 0.0041334886 	 0.0000163989 	 0.0000033705 	 0.0000008060 	 0.7515816100 	
2160 	 7.9387944003 	1984.4500779313 	 0.1571787475 	 0.0001446532 	 0.0677894303 	 0.1757606470 	 0.0005733119 	 0.0041298429 	 0.0000163501 	 0.0000033667 	 0.0000008044 	 0.7515815935 	
2161 	 7.9390370061 	1984.5203295962 	 0.1571739433 	 0.0001443735 	 0.0677894707 	 0.1757657171 	 0.0005721974 	 0.0041261971 	 0.0000163014 	 0.0000033629 	 0.0000008028 	 0.7515815771 	
2162 	 7.9392796120 	1984.5905812612 	 0.1571691391 	 0.0001440937 	 0.0677895112 	 0.1757707873 	 0.0005710829 	 0.0041225514 	 0.0000162526 	 0.0000033592 	 0.0000008011 	 0.7515815606 	
2163 	 7.9395222178 	1984.6608329261 	 0.1571643350 	 0.0001438140 	 0.0677895517 	 0.1757758574 	 0.0005699684 	 0.0041189057 	 0.0000162039 	 0.0000033554 	 0.0000007995 	 0.7515815442 	
2164 	 7.9397570508 	1984.7288437271 	 0.1571596874 	 0.0001435435 	 0.0677896153 	 0.1757807745 	 0.0005688911 	 0.0041153406 	 0.0000161572 	 0.0000033517 	 0.0000007979 	 0.7515815281 	
2165 	 7.9399897786 	1984.7962476274 	 0.1571550822 	 0.0001432755 	 0.0677896852 	 0.1757856502 	 0.0005678240 	 0.0041117973 	 0.0000161112 	 0.0000033481 	 0.0000007964 	 0.7515815121 	
2166 	 7.9402225065 	1984.8636515278 	 0.1571504770 	 0.0001430075 	 0.0677897552 	 0.1757905258 	 0.0005667569 	 0.0041082541 	 0.0000160651 	 0.0000033445 	 0.0000007948 	 0.7515814962 	
2167 	 7.9404552343 	1984.9310554281 	 0.1571458719 	 0.0001427395 	 0.0677898251 	 0.1757954015 	 0.0005656897 	 0.0041047109 	 0.0000160190 	 0.0000033409 	 0.0000007933 	 0.7515814802 	
2168 	 7.9406879621 	1984.9984593284 	 0.1571412667 	 0.0001424715 	 0.0677898950 	 0.1758002771 	 0.0005646226 	 0.0041011677 	 0.0000159729 	 0.0000033373 	 0.0000007917 	 0.7515814643 	
2169 	 7.9409206899 	1985.0658632287 	 0.1571366615 	 0.0001422035 	 0.0677899649 	 0.1758051528 	 0.0005635555 	 0.0040976244 	 0.0000159268 	 0.0000033337 	 0.0000007902 	 0.7515814483 	
2170 	 7.9411534178 	1985.1332671291 	 0.1571320563 	 0.0001419355 	 0.0677900348 	 0.1758100284 	 0.0005624883 	 0.0040940812 	 0.0000158807 	 0.0000033301 	 0.0000007886 	 0.7515814324 	
2171 	 7.9413861456 	1985.2006710294 	 0.1571274512 	 0.0001416675 	 0.0677901047 	 0.1758149041 	 0.0005614212 	 0.0040905380 	 0.0000158347 	 0.0000033265 	 0.0000007871 	 0.7515814164 	
2172 	 7.9416188734 	1985.2680749297 	 0.1571228460 	 0.0001413995 	 0.0677901746 	 0.1758197797 	 0.0005603541 	 0.0040869947 	 0.0000157886 	 0.0000033229 	 0.0000007855 	 0.7515814005 	
2173 	 7.9418516013 	1985.3354788301 	 0.1571182408 	 0.0001411315 	 0.0677902445 	 0.1758246553 	 0.0005592869 	 0.0040834515 	 0.0000157425 	 0.0000033193 	 0.0000007840 	 0.7515813845 	
2174 	 7.9420843291 	1985.4028827304 	 0.1571136356 	 0.0001408635 	 0.0677903144 	 0.1758295310 	 0.0005582198 	 0.0040799083 	 0.0000156964 	 0.0000033157 	 0.0000007824 	 0.7515813686 	
2175 	 7.9423170569 	1985.4702866307 	 0.1571090305 	 0.0001405955 	 0.0677903843 	 0.1758344066 	 0.0005571527 	 0.0040763650 	 0.0000156503 	 0.0000033121 	 0.0000007808 	 0.7515813526 	
2176 	 7.9425451697 	1985.5363587472 	 0.1571045182 	 0.0001403330 	 0.0677904672 	 0.1758391910 	 0.0005561077 	 0.0040728708 	 0.0000156055 	 0.0000033086 	 0.0000007793 	 0.7515813369 	
2177 	 7.9427685913 	1985.6010770670 	 0.1571001003 	 0.0001400761 	 0.0677905633 	 0.1758438826 	 0.0005550854 	 0.0040694265 	 0.0000155619 	 0.0000033052 	 0.0000007778 	 0.7515813214 	
2178 	 7.9429920128 	1985.6657953868 	 0.1570956824 	 0.0001398192 	 0.0677906593 	 0.1758485741 	 0.0005540630 	 0.0040659822 	 0.0000155183 	 0.0000033017 	 0.0000007764 	 0.7515813059 	
2179 	 7.9432154344 	1985.7305137066 	 0.1570912645 	 0.0001395623 	 0.0677907554 	 0.1758532657 	 0.0005530406 	 0.0040625379 	 0.0000154747 	 0.0000032983 	 0.0000007749 	 0.7515812904 	
2180 	 7.9434388559 	1985.7952320264 	 0.1570868466 	 0.0001393055 	 0.0677908514 	 0.1758579572 	 0.0005520182 	 0.0040590935 	 0.0000154310 	 0.0000032948 	 0.0000007734 	 0.7515812749 	
2181 	 7.9436622774 	1985.8599503462 	 0.1570824287 	 0.0001390486 	 0.0677909475 	 0.1758626488 	 0.0005509958 	 0.0040556492 	 0.0000153874 	 0.0000032914 	 0.0000007719 	 0.7515812594 	
2182 	 7.9438856990 	1985.9246686659 	 0.1570780107 	 0.0001387917 	 0.0677910435 	 0.1758673403 	 0.0005499735 	 0.0040522049 	 0.0000153438 	 0.0000032880 	 0.0000007704 	 0.7515812439 	
2183 	 7.9441091205 	1985.9893869857 	 0.1570735928 	 0.0001385348 	 0.0677911396 	 0.1758720319 	 0.0005489511 	 0.0040487606 	 0.0000153002 	 0.0000032845 	 0.0000007689 	 0.7515812284 	
2184 	 7.9443325420 	1986.0541053055 	 0.1570691749 	 0.0001382780 	 0.0677912356 	 0.1758767234 	 0.0005479287 	 0.0040453163 	 0.0000152566 	 0.0000032811 	 0.0000007674 	 0.7515812129 	
2185 	 7.9445559636 	1986.1188236253 	 0.1570647570 	 0.0001380211 	 0.0677913317 	 0.1758814150 	 0.0005469063 	 0.0040418719 	 0.0000152130 	 0.0000032776 	 0.0000007660 	 0.7515811974 	
2186 	 7.9447793851 	1986.1835419451 	 0.1570603391 	 0.0001377642 	 0.0677914277 	 0.1758861065 	 0.0005458840 	 0.0040384276 	 0.0000151694 	 0.0000032742 	 0.0000007645 	 0.7515811819 	
2187 	 7.9450028066 	1986.2482602649 	 0.1570559212 	 0.0001375073 	 0.0677915238 	 0.1758907981 	 0.0005448616 	 0.0040349833 	 0.0000151258 	 0.0000032708 	 0.0000007630 	 0.7515811664 	
2188 	 7.9452244270 	1986.3124582401 	 0.1570515395 	 0.0001372526 	 0.0677916246 	 0.1758954538 	 0.0005438479 	 0.0040315586 	 0.0000150827 	 0.0000032673 	 0.0000007615 	 0.7515811510 	
2189 	 7.9454390588 	1986.3746372786 	 0.1570472983 	 0.0001370063 	 0.0677917437 	 0.1758999706 	 0.0005428679 	 0.0040282100 	 0.0000150414 	 0.0000032641 	 0.0000007601 	 0.7515811359 	
2190 	 7.9456536906 	1986.4368163171 	 0.1570430571 	 0.0001367600 	 0.0677918629 	 0.1759044873 	 0.0005418880 	 0.0040248615 	 0.0000150001 	 0.0000032608 	 0.0000007587 	 0.7515811209 	
2191 	 7.9458683224 	1986.4989953555 	 0.1570388159 	 0.0001365137 	 0.0677919820 	 0.1759090041 	 0.0005409080 	 0.0040215129 	 0.0000149588 	 0.0000032575 	 0.0000007572 	 0.7515811058 	
2192 	 7.9460829542 	1986.5611743940 	 0.1570345746 	 0.0001362673 	 0.0677921012 	 0.1759135209 	 0.0005399280 	 0.0040181643 	 0.0000149175 	 0.0000032542 	 0.0000007558 	 0.7515810907 	
2193 	 7.9462975860 	1986.6233534325 	 0.1570303334 	 0.0001360210 	 0.0677922203 	 0.1759180377 	 0.0005389480 	 0.0040148158 	 0.0000148762 	 0.0000032509 	 0.0000007544 	 0.7515810756 	
2194 	 7.9465122178 	1986.6855324710 	 0.1570260922 	 0.0001357747 	 0.0677923395 	 0.1759225544 	 0.0005379681 	 0.0040114672 	 0.0000148350 	 0.0000032476 	 0.0000007530 	 0.7515810606 	
2195 	 7.9467268496 	1986.7477115095 	 0.1570218510 	 0.0001355284 	 0.0677924587 	 0.1759270712 	 0.0005369881 	 0.0040081186 	 0.0000147937 	 0.0000032443 	 0.0000007516 	 0.7515810455 	
2196 	 7.9469414814 	1986.8098905479 	 0.1570176098 	 0.0001352821 	 0.0677925778 	 0.1759315880 	 0.0005360081 	 0.0040047701 	 0.0000147524 	 0.0000032411 	 0.0000007501 	 0.7515810304 	
2197 	 7.9471561132 	1986.8720695864 	 0.1570133685 	 0.0001350358 	 0.0677926970 	 0.1759361047 	 0.0005350281 	 0.0040014215 	 0.0000147111 	 0.0000032378 	 0.0000007487 	 0.7515810153 	
2198 	 7.9473707450 	1986.9342486249 	 0.1570091273 	 0.0001347894 	 0.0677928161 	 0.1759406215 	 0.0005340482 	 0.0039980729 	 0.0000146698 	 0.0000032345 	 0.0000007473 	 0.7515810003 	
2199 	 7.9475853768 	1986.9964276634 	 0.1570048861 	 0.0001345431 	 0.0677929353 	 0.1759451383 	 0.0005330682 	 0.0039947244 	 0.0000146285 	 0.0000032312 	 0.0000007459 	 0.7515809852 	
2200 	 7.9478000086 	1987.0586067018 	 0.1570006449 	 0.0001342968 	 0.0677930544 	 0.1759496551 	 0.0005320882 	 0.0039913758 	 0.0000145872 	 0.0000032279 	 0.0000007445 	 0.7515809701 	
2201 	 7.9480070140 	1987.1185804617 	 0.1569965568 	 0.0001340597 	 0.0677931922 	 0.1759540194 	 0.0005311451 	 0.0039881124 	 0.0000145479 	 0.0000032248 	 0.0000007431 	 0.7515809554 	
2202 	 7.9482133012 	1987.1783465495 	 0.1569924831 	 0.0001338234 	 0.0677933318 	 0.1759583693 	 0.0005302055 	 0.0039848570 	 0.0000145088 	 0.0000032216 	 0.0000007417 	 0.7515809408 	
2203 	 7.9484195883 	1987.2381126374 	 0.1569884094 	 0.0001335872 	 0.0677934713 	 0.1759627193 	 0.0005292659 	 0.0039816016 	 0.0000144697 	 0.0000032185 	 0.0000007404 	 0.7515809262 	
2204 	 7.9486258755 	1987.2978787253 	 0.1569843358 	 0.0001333509 	 0.0677936109 	 0.1759670692 	 0.0005283263 	 0.0039783463 	 0.0000144306 	 0.0000032154 	 0.0000007390 	 0.7515809116 	
2205 	 7.9488321626 	1987.3576448131 	 0.1569802621 	 0.0001331147 	 0.0677937505 	 0.1759714192 	 0.0005273866 	 0.0039750909 	 0.0000143914 	 0.0000032122 	 0.0000007376 	 0.7515808969 	
2206 	 7.9490384498 	1987.4174109010 	 0.1569761884 	 0.0001328784 	 0.0677938900 	 0.1759757691 	 0.0005264470 	 0.0039718355 	 0.0000143523 	 0.0000032091 	 0.0000007363 	 0.7515808823 	
2207 	 7.9492447370 	1987.4771769889 	 0.1569721147 	 0.0001326422 	 0.0677940296 	 0.1759801191 	 0.0005255074 	 0.0039685801 	 0.0000143132 	 0.0000032059 	 0.0000007349 	 0.7515808677 	
2208 	 7.9494510241 	1987.5369430767 	 0.1569680411 	 0.0001324059 	 0.0677941691 	 0.1759844690 	 0.0005245677 	 0.0039653248 	 0.0000142741 	 0.0000032028 	 0.0000007336 	 0.7515808530 	
2209 	 7.9496573113 	1987.5967091646 	 0.1569639674 	 0.0001321696 	 0.0677943087 	 0.1759888190 	 0.0005236281 	 0.0039620694 	 0.0000142350 	 0.0000031997 	 0.0000007322 	 0.7515808384 	
2210 	 7.9498635985 	1987.6564752525 	 0.1569598937 	 0.0001319334 	 0.0677944482 	 0.1759931689 	 0.0005226885 	 0.0039588140 	 0.0000141959 	 0.0000031965 	 0.0000007308 	 0.7515808238 	
2211 	 7.9500698856 	1987.7162413403 	 0.1569558200 	 0.0001316971 	 0.0677945878 	 0.1759975189 	 0.0005217489 	 0.0039555586 	 0.0000141567 	 0.0000031934 	 0.0000007295 	 0.7515808091 	
2212 	 7.9502761728 	1987.7760074282 	 0.1569517464 	 0.0001314609 	 0.0677947274 	 0.1760018688 	 0.0005208092 	 0.0039523032 	 0.0000141176 	 0.0000031903 	 0.0000007281 	 0.7515807945 	
2213 	 7.9504774653 	1987.8343294493 	 0.1569477728 	 0.0001312306 	 0.0677948784 	 0.1760061185 	 0.0005198937 	 0.0039491048 	 0.0000140798 	 0.0000031872 	 0.0000007268 	 0.7515807802 	
2214 	 7.9506757348 	1987.8917774301 	 0.1569438599 	 0.0001310040 	 0.0677950364 	 0.1760103075 	 0.0005189927 	 0.0039459409 	 0.0000140427 	 0.0000031842 	 0.0000007255 	 0.7515807661 	
2215 	 7.9508740043 	1987.9492254108 	 0.1569399470 	 0.0001307774 	 0.0677951943 	 0.1760144965 	 0.0005180917 	 0.0039427769 	 0.0000140056 	 0.0000031812 	 0.0000007242 	 0.7515807521 	
2216 	 7.9510722738 	1988.0066733915 	 0.1569360341 	 0.0001305508 	 0.0677953523 	 0.1760186856 	 0.0005171907 	 0.0039396130 	 0.0000139686 	 0.0000031782 	 0.0000007229 	 0.7515807380 	
2217 	 7.9512705433 	1988.0641213723 	 0.1569321212 	 0.0001303242 	 0.0677955103 	 0.1760228746 	 0.0005162897 	 0.0039364491 	 0.0000139315 	 0.0000031752 	 0.0000007216 	 0.7515807239 	
2218 	 7.9514688128 	1988.1215693530 	 0.1569282083 	 0.0001300976 	 0.0677956683 	 0.1760270636 	 0.0005153887 	 0.0039332851 	 0.0000138944 	 0.0000031722 	 0.0000007203 	 0.7515807098 	
2219 	 7.9516670823 	1988.1790173337 	 0.1569242955 	 0.0001298710 	 0.0677958262 	 0.1760312526 	 0.0005144877 	 0.0039301212 	 0.0000138574 	 0.0000031692 	 0.0000007190 	 0.7515806958 	
2220 	 7.9518653518 	1988.2364653145 	 0.1569203826 	 0.0001296444 	 0.0677959842 	 0.1760354416 	 0.0005135867 	 0.0039269572 	 0.0000138203 	 0.0000031662 	 0.0000007177 	 0.7515806817 	
2221 	 7.9520636213 	1988.2939132952 	 0.1569164697 	 0.0001294178 	 0.0677961422 	 0.1760396307 	 0.0005126857 	 0.0039237933 	 0.0000137832 	 0.0000031632 	 0.0000007164 	 0.7515806676 	
2222 	 7.9522618908 	1988.3513612760 	 0.1569125568 	 0.0001291912 	 0.0677963001 	 0.1760438197 	 0.0005117847 	 0.0039206294 	 0.0000137461 	 0.0000031602 	 0.0000007151 	 0.7515806535 	
2223 	 7.9524601603 	1988.4088092567 	 0.1569086439 	 0.0001289646 	 0.0677964581 	 0.1760480087 	 0.0005108837 	 0.0039174654 	 0.0000137091 	 0.0000031572 	 0.0000007138 	 0.7515806395 	
2224 	 7.9526584298 	1988.4662572374 	 0.1569047310 	 0.0001287379 	 0.0677966161 	 0.1760521977 	 0.0005099827 	 0.0039143015 	 0.0000136720 	 0.0000031542 	 0.0000007125 	 0.7515806254 	
2225 	 7.9528540674 	1988.5229469862 	 0.1569008708 	 0.0001285144 	 0.0677967801 	 0.1760563340 	 0.0005090941 	 0.0039111678 	 0.0000136356 	 0.0000031513 	 0.0000007112 	 0.7515806116 	
2226 	 7.9530444087 	1988.5781109102 	 0.1568971166 	 0.0001282972 	 0.0677969561 	 0.1760603643 	 0.0005082305 	 0.0039080949 	 0.0000136004 	 0.0000031484 	 0.0000007099 	 0.7515805983 	
2227 	 7.9532347501 	1988.6332748342 	 0.1568933624 	 0.0001280799 	 0.0677971321 	 0.1760643947 	 0.0005073669 	 0.0039050220 	 0.0000135653 	 0.0000031456 	 0.0000007087 	 0.7515805849 	
2228 	 7.9534250915 	1988.6884387581 	 0.1568896082 	 0.0001278626 	 0.0677973081 	 0.1760684250 	 0.0005065033 	 0.0039019491 	 0.0000135302 	 0.0000031427 	 0.0000007075 	 0.7515805716 	
2229 	 7.9536154328 	1988.7436026821 	 0.1568858540 	 0.0001276453 	 0.0677974841 	 0.1760724553 	 0.0005056397 	 0.0038988762 	 0.0000134951 	 0.0000031399 	 0.0000007062 	 0.7515805583 	
2230 	 7.9538057742 	1988.7987666061 	 0.1568820999 	 0.0001274280 	 0.0677976601 	 0.1760764856 	 0.0005047761 	 0.0038958034 	 0.0000134599 	 0.0000031370 	 0.0000007050 	 0.7515805450 	
2231 	 7.9539961156 	1988.8539305301 	 0.1568783457 	 0.0001272108 	 0.0677978361 	 0.1760805159 	 0.0005039125 	 0.0038927305 	 0.0000134248 	 0.0000031341 	 0.0000007037 	 0.7515805317 	
2232 	 7.9541864569 	1988.9090944540 	 0.1568745915 	 0.0001269935 	 0.0677980121 	 0.1760845462 	 0.0005030489 	 0.0038896576 	 0.0000133897 	 0.0000031313 	 0.0000007025 	 0.7515805184 	
2233 	 7.9543767983 	1988.9642583780 	 0.1568708373 	 0.0001267762 	 0.0677981881 	 0.1760885765 	 0.0005021852 	 0.0038865847 	 0.0000133545 	 0.0000031284 	 0.0000007012 	 0.7515805051 	
2234 	 7.9545671396 	1989.0194223020 	 0.1568670832 	 0.0001265589 	 0.0677983642 	 0.1760926068 	 0.0005013216 	 0.0038835118 	 0.0000133194 	 0.0000031256 	 0.0000007000 	 0.7515804918 	
2235 	 7.9547574810 	1989.0745862260 	 0.1568633290 	 0.0001263416 	 0.0677985402 	 0.1760966371 	 0.0005004580 	 0.0038804389 	 0.0000132843 	 0.0000031227 	 0.0000006987 	 0.7515804784 	
2236 	 7.9549478224 	1989.1297501499 	 0.1568595748 	 0.0001261244 	 0.0677987162 	 0.1761006674 	 0.0004995944 	 0.0038773660 	 0.0000132492 	 0.0000031198 	 0.0000006975 	 0.7515804651 	
2237 	 7.9551376491 	1989.1847674589 	 0.1568558309 	 0.0001259076 	 0.0677988934 	 0.1761046876 	 0.0004987331 	 0.0038742990 	 0.0000132141 	 0.0000031170 	 0.0000006963 	 0.7515804519 	
2238 	 7.9553154342 	1989.2363539772 	 0.1568523273 	 0.0001257041 	 0.0677990999 	 0.1761084710 	 0.0004979252 	 0.0038713682 	 0.0000131818 	 0.0000031143 	 0.0000006951 	 0.7515804405 	
2239 	 7.9554932193 	1989.2879404955 	 0.1568488237 	 0.0001255005 	 0.0677993064 	 0.1761122544 	 0.0004971172 	 0.0038684375 	 0.0000131495 	 0.0000031117 	 0.0000006939 	 0.7515804290 	
2240 	 7.9556710044 	1989.3395270138 	 0.1568453202 	 0.0001252970 	 0.0677995128 	 0.1761160378 	 0.0004963093 	 0.0038655067 	 0.0000131171 	 0.0000031090 	 0.0000006928 	 0.7515804176 	
2241 	 7.9558487896 	1989.3911135321 	 0.1568418166 	 0.0001250934 	 0.0677997193 	 0.1761198212 	 0.0004955013 	 0.0038625760 	 0.0000130848 	 0.0000031064 	 0.0000006916 	 0.7515804061 	
2242 	 7.9560265747 	1989.4427000504 	 0.1568383130 	 0.0001248899 	 0.0677999257 	 0.1761236046 	 0.0004946934 	 0.0038596452 	 0.0000130524 	 0.0000031037 	 0.0000006904 	 0.7515803947 	
2243 	 7.9562043598 	1989.4942865687 	 0.1568348095 	 0.0001246864 	 0.0678001322 	 0.1761273879 	 0.0004938854 	 0.0038567145 	 0.0000130201 	 0.0000031010 	 0.0000006893 	 0.7515803832 	
2244 	 7.9563821449 	1989.5458730870 	 0.1568313059 	 0.0001244828 	 0.0678003387 	 0.1761311713 	 0.0004930775 	 0.0038537837 	 0.0000129878 	 0.0000030984 	 0.0000006881 	 0.7515803718 	
2245 	 7.9565599300 	1989.5974596052 	 0.1568278023 	 0.0001242793 	 0.0678005451 	 0.1761349547 	 0.0004922695 	 0.0038508529 	 0.0000129554 	 0.0000030957 	 0.0000006870 	 0.7515803604 	
2246 	 7.9567377151 	1989.6490461235 	 0.1568242988 	 0.0001240757 	 0.0678007516 	 0.1761387381 	 0.0004914616 	 0.0038479222 	 0.0000129231 	 0.0000030931 	 0.0000006858 	 0.7515803489 	
2247 	 7.9569155002 	1989.7006326418 	 0.1568207952 	 0.0001238722 	 0.0678009581 	 0.1761425215 	 0.0004906536 	 0.0038449914 	 0.0000128907 	 0.0000030904 	 0.0000006846 	 0.7515803375 	
2248 	 7.9570932853 	1989.7522191601 	 0.1568172916 	 0.0001236686 	 0.0678011645 	 0.1761463049 	 0.0004898457 	 0.0038420607 	 0.0000128584 	 0.0000030877 	 0.0000006835 	 0.7515803260 	
2249 	 7.9572710704 	1989.8038056784 	 0.1568137880 	 0.0001234651 	 0.0678013710 	 0.1761500883 	 0.0004890377 	 0.0038391299 	 0.0000128261 	 0.0000030851 	 0.0000006823 	 0.7515803146 	
2250 	 7.9574488555 	1989.8553921967 	 0.1568102845 	 0.0001232615 	 0.0678015774 	 0.1761538717 	 0.0004882298 	 0.0038361992 	 0.0000127937 	 0.0000030824 	 0.0000006811 	 0.7515803031 	
2251 	 7.9576266406 	1989.9069787150 	 0.1568067809 	 0.0001230580 	 0.0678017839 	 0.1761576551 	 0.0004874219 	 0.0038332684 	 0.0000127614 	 0.0000030798 	 0.0000006800 	 0.7515802917 	
2252 	 7.9578044257 	1989.9585652333 	 0.1568032773 	 0.0001228544 	 0.0678019904 	 0.1761614384 	 0.0004866139 	 0.0038303377 	 0.0000127290 	 0.0000030771 	 0.0000006788 	 0.7515802803 	
2253 	 7.9579822108 	1990.0101517515 	 0.1567997738 	 0.0001226509 	 0.0678021968 	 0.1761652218 	 0.0004858060 	 0.0038274069 	 0.0000126967 	 0.0000030745 	 0.0000006777 	 0.7515802688 	
2254 	 7.9581599959 	1990.0617382698 	 0.1567962702 	 0.0001224473 	 0.0678024033 	 0.1761690052 	 0.0004849980 	 0.0038244762 	 0.0000126643 	 0.0000030718 	 0.0000006765 	 0.7515802574 	
2255 	 7.9583377810 	1990.1133247881 	 0.1567927666 	 0.0001222438 	 0.0678026098 	 0.1761727886 	 0.0004841901 	 0.0038215454 	 0.0000126320 	 0.0000030691 	 0.0000006753 	 0.7515802459 	
2256 	 7.9585155661 	1990.1649113064 	 0.1567892630 	 0.0001220402 	 0.0678028162 	 0.1761765720 	 0.0004833821 	 0.0038186147 	 0.0000125997 	 0.0000030665 	 0.0000006742 	 0.7515802345 	
2257 	 7.9586933512 	1990.2164978247 	 0.1567857595 	 0.0001218367 	 0.0678030227 	 0.1761803554 	 0.0004825742 	 0.0038156839 	 0.0000125673 	 0.0000030638 	 0.0000006730 	 0.7515802230 	
2258 	 7.9588711363 	1990.2680843430 	 0.1567822559 	 0.0001216331 	 0.0678032292 	 0.1761841388 	 0.0004817662 	 0.0038127531 	 0.0000125350 	 0.0000030612 	 0.0000006718 	 0.7515802116 	
2259 	 7.9590489215 	1990.3196708613 	 0.1567787523 	 0.0001214296 	 0.0678034356 	 0.1761879222 	 0.0004809583 	 0.0038098224 	 0.0000125026 	 0.0000030585 	 0.0000006707 	 0.7515802001 	
2260 	 7.9592267066 	1990.3712573796 	 0.1567752488 	 0.0001212260 	 0.0678036421 	 0.1761917056 	 0.0004801503 	 0.0038068916 	 0.0000124703 	 0.0000030558 	 0.0000006695 	 0.7515801887 	
2261 	 7.9594044917 	1990.4228438979 	 0.1567717452 	 0.0001210225 	 0.0678038485 	 0.1761954889 	 0.0004793424 	 0.0038039609 	 0.0000124380 	 0.0000030532 	 0.0000006684 	 0.7515801773 	
2262 	 7.9595766977 	1990.4728179342 	 0.1567683532 	 0.0001208256 	 0.0678040663 	 0.1761991597 	 0.0004785611 	 0.0038010962 	 0.0000124070 	 0.0000030506 	 0.0000006672 	 0.7515801662 	
2263 	 7.9597423284 	1990.5208915453 	 0.1567650926 	 0.0001206367 	 0.0678042975 	 0.1762026978 	 0.0004778113 	 0.0037983093 	 0.0000123776 	 0.0000030482 	 0.0000006662 	 0.7515801555 	
2264 	 7.9599079590 	1990.5689651565 	 0.1567618320 	 0.0001204477 	 0.0678045287 	 0.1762062359 	 0.0004770615 	 0.0037955225 	 0.0000123482 	 0.0000030457 	 0.0000006651 	 0.7515801448 	
2265 	 7.9600735897 	1990.6170387676 	 0.1567585714 	 0.0001202587 	 0.0678047598 	 0.1762097739 	 0.0004763117 	 0.0037927356 	 0.0000123189 	 0.0000030433 	 0.0000006640 	 0.7515801342 	
2266 	 7.9602392204 	1990.6651123787 	 0.1567553108 	 0.0001200697 	 0.0678049910 	 0.1762133120 	 0.0004755619 	 0.0037899487 	 0.0000122895 	 0.0000030409 	 0.0000006629 	 0.7515801235 	
2267 	 7.9604048510 	1990.7131859899 	 0.1567520502 	 0.0001198807 	 0.0678052221 	 0.1762168500 	 0.0004748120 	 0.0037871619 	 0.0000122601 	 0.0000030384 	 0.0000006619 	 0.7515801128 	
2268 	 7.9605704817 	1990.7612596010 	 0.1567487896 	 0.0001196918 	 0.0678054533 	 0.1762203881 	 0.0004740622 	 0.0037843750 	 0.0000122307 	 0.0000030360 	 0.0000006608 	 0.7515801021 	
2269 	 7.9607361124 	1990.8093332122 	 0.1567455291 	 0.0001195028 	 0.0678056845 	 0.1762239262 	 0.0004733124 	 0.0037815882 	 0.0000122014 	 0.0000030335 	 0.0000006597 	 0.7515800915 	
2270 	 7.9609017430 	1990.8574068233 	 0.1567422685 	 0.0001193138 	 0.0678059156 	 0.1762274642 	 0.0004725626 	 0.0037788013 	 0.0000121720 	 0.0000030311 	 0.0000006586 	 0.7515800808 	
2271 	 7.9610673737 	1990.9054804345 	 0.1567390079 	 0.0001191248 	 0.0678061468 	 0.1762310023 	 0.0004718128 	 0.0037760144 	 0.0000121426 	 0.0000030286 	 0.0000006576 	 0.7515800701 	
2272 	 7.9612330044 	1990.9535540456 	 0.1567357473 	 0.0001189359 	 0.0678063779 	 0.1762345404 	 0.0004710629 	 0.0037732276 	 0.0000121133 	 0.0000030262 	 0.0000006565 	 0.7515800594 	
2273 	 7.9613986350 	1991.0016276567 	 0.1567324867 	 0.0001187469 	 0.0678066091 	 0.1762380784 	 0.0004703131 	 0.0037704407 	 0.0000120839 	 0.0000030238 	 0.0000006554 	 0.7515800488 	
2274 	 7.9615642657 	1991.0497012679 	 0.1567292261 	 0.0001185579 	 0.0678068402 	 0.1762416165 	 0.0004695633 	 0.0037676538 	 0.0000120545 	 0.0000030213 	 0.0000006543 	 0.7515800381 	
2275 	 7.9617298964 	1991.0977748790 	 0.1567259655 	 0.0001183689 	 0.0678070714 	 0.1762451546 	 0.0004688135 	 0.0037648670 	 0.0000120251 	 0.0000030189 	 0.0000006533 	 0.7515800274 	
2276 	 7.9618955270 	1991.1458484902 	 0.1567227050 	 0.0001181799 	 0.0678073026 	 0.1762486926 	 0.0004680636 	 0.0037620801 	 0.0000119958 	 0.0000030164 	 0.0000006522 	 0.7515800168 	
2277 	 7.9620611577 	1991.1939221013 	 0.1567194444 	 0.0001179910 	 0.0678075337 	 0.1762522307 	 0.0004673138 	 0.0037592933 	 0.0000119664 	 0.0000030140 	 0.0000006511 	 0.7515800061 	
2278 	 7.9622267884 	1991.2419957125 	 0.1567161838 	 0.0001178020 	 0.0678077649 	 0.1762557688 	 0.0004665640 	 0.0037565064 	 0.0000119370 	 0.0000030115 	 0.0000006500 	 0.7515799954 	
2279 	 7.9623924190 	1991.2900693236 	 0.1567129232 	 0.0001176130 	 0.0678079960 	 0.1762593068 	 0.0004658142 	 0.0037537195 	 0.0000119076 	 0.0000030091 	 0.0000006490 	 0.7515799847 	
2280 	 7.9625580497 	1991.3381429347 	 0.1567096626 	 0.0001174240 	 0.0678082272 	 0.1762628449 	 0.0004650644 	 0.0037509327 	 0.0000118783 	 0.0000030067 	 0.0000006479 	 0.7515799741 	
2281 	 7.9627236804 	1991.3862165459 	 0.1567064020 	 0.0001172351 	 0.0678084584 	 0.1762663829 	 0.0004643145 	 0.0037481458 	 0.0000118489 	 0.0000030042 	 0.0000006468 	 0.7515799634 	
2282 	 7.9628893110 	1991.4342901570 	 0.1567031415 	 0.0001170461 	 0.0678086895 	 0.1762699210 	 0.0004635647 	 0.0037453590 	 0.0000118195 	 0.0000030018 	 0.0000006457 	 0.7515799527 	
2283 	 7.9630549417 	1991.4823637682 	 0.1566998809 	 0.0001168571 	 0.0678089207 	 0.1762734591 	 0.0004628149 	 0.0037425721 	 0.0000117901 	 0.0000029993 	 0.0000006447 	 0.7515799420 	
2284 	 7.9632205724 	1991.5304373793 	 0.1566966203 	 0.0001166681 	 0.0678091518 	 0.1762769971 	 0.0004620651 	 0.0037397852 	 0.0000117608 	 0.0000029969 	 0.0000006436 	 0.7515799314 	
2285 	 7.9633862030 	1991.5785109905 	 0.1566933597 	 0.0001164791 	 0.0678093830 	 0.1762805352 	 0.0004613153 	 0.0037369984 	 0.0000117314 	 0.0000029944 	 0.0000006425 	 0.7515799207 	
2286 	 7.9635518337 	1991.6265846016 	 0.1566900991 	 0.0001162902 	 0.0678096141 	 0.1762840733 	 0.0004605654 	 0.0037342115 	 0.0000117020 	 0.0000029920 	 0.0000006414 	 0.7515799100 	
2287 	 7.9637078225 	1991.6718698973 	 0.1566870310 	 0.0001161127 	 0.0678098623 	 0.1762874158 	 0.0004598618 	 0.0037315423 	 0.0000116750 	 0.0000029897 	 0.0000006404 	 0.7515799000 	
2288 	 7.9638624597 	1991.7167643076 	 0.1566839898 	 0.0001159369 	 0.0678101129 	 0.1762907309 	 0.0004591646 	 0.0037288896 	 0.0000116482 	 0.0000029875 	 0.0000006394 	 0.7515798900 	
2289 	 7.9640170969 	1991.7616587180 	 0.1566809486 	 0.0001157611 	 0.0678103635 	 0.1762940460 	 0.0004584673 	 0.0037262369 	 0.0000116214 	 0.0000029852 	 0.0000006384 	 0.7515798801 	
2290 	 7.9641717340 	1991.8065531283 	 0.1566779075 	 0.0001155853 	 0.0678106141 	 0.1762973611 	 0.0004577701 	 0.0037235842 	 0.0000115947 	 0.0000029830 	 0.0000006374 	 0.7515798701 	
2291 	 7.9643263712 	1991.8514475387 	 0.1566748663 	 0.0001154095 	 0.0678108647 	 0.1763006761 	 0.0004570729 	 0.0037209315 	 0.0000115679 	 0.0000029807 	 0.0000006364 	 0.7515798602 	
2292 	 7.9644810084 	1991.8963419490 	 0.1566718252 	 0.0001152337 	 0.0678111152 	 0.1763039912 	 0.0004563757 	 0.0037182788 	 0.0000115412 	 0.0000029785 	 0.0000006355 	 0.7515798502 	
2293 	 7.9646356455 	1991.9412363594 	 0.1566687840 	 0.0001150579 	 0.0678113658 	 0.1763073063 	 0.0004556785 	 0.0037156261 	 0.0000115144 	 0.0000029762 	 0.0000006345 	 0.7515798403 	
2294 	 7.9647902827 	1991.9861307697 	 0.1566657428 	 0.0001148821 	 0.0678116164 	 0.1763106214 	 0.0004549813 	 0.0037129735 	 0.0000114877 	 0.0000029740 	 0.0000006335 	 0.7515798303 	
2295 	 7.9649449199 	1992.0310251800 	 0.1566627017 	 0.0001147063 	 0.0678118670 	 0.1763139365 	 0.0004542841 	 0.0037103208 	 0.0000114609 	 0.0000029717 	 0.0000006325 	 0.7515798203 	
2296 	 7.9650995570 	1992.0759195904 	 0.1566596605 	 0.0001145305 	 0.0678121175 	 0.1763172516 	 0.0004535868 	 0.0037076681 	 0.0000114342 	 0.0000029695 	 0.0000006315 	 0.7515798104 	
2297 	 7.9652541942 	1992.1208140007 	 0.1566566194 	 0.0001143547 	 0.0678123681 	 0.1763205667 	 0.0004528896 	 0.0037050154 	 0.0000114074 	 0.0000029672 	 0.0000006305 	 0.7515798004 	
2298 	 7.9654088314 	1992.1657084111 	 0.1566535782 	 0.0001141789 	 0.0678126187 	 0.1763238818 	 0.0004521924 	 0.0037023627 	 0.0000113807 	 0.0000029650 	 0.0000006295 	 0.7515797905 	
2299 	 7.9655634685 	1992.2106028214 	 0.1566505370 	 0.0001140030 	 0.0678128693 	 0.1763271969 	 0.0004514952 	 0.0036997100 	 0.0000113539 	 0.0000029627 	 0.0000006285 	 0.7515797805 	
2300 	 7.9657181057 	1992.2554972318 	 0.1566474959 	 0.0001138272 	 0.0678131199 	 0.1763305120 	 0.0004507980 	 0.0036970573 	 0.0000113272 	 0.0000029605 	 0.0000006275 	 0.7515797706 	
2301 	 7.9658727429 	1992.3003916421 	 0.1566444547 	 0.0001136514 	 0.0678133704 	 0.1763338271 	 0.0004501008 	 0.0036944046 	 0.0000113004 	 0.0000029583 	 0.0000006265 	 0.7515797606 	
2302 	 7.9660273800 	1992.3452860524 	 0.1566414136 	 0.0001134756 	 0.0678136210 	 0.1763371422 	 0.0004494036 	 0.0036917519 	 0.0000112737 	 0.0000029560 	 0.0000006255 	 0.7515797507 	
2303 	 7.9661820172 	1992.3901804628 	 0.1566383724 	 0.0001132998 	 0.0678138716 	 0.1763404573 	 0.0004487063 	 0.0036890992 	 0.0000112469 	 0.0000029538 	 0.0000006245 	 0.7515797407 	
2304 	 7.9663366543 	1992.4350748731 	 0.1566353312 	 0.0001131240 	 0.0678141222 	 0.1763437724 	 0.0004480091 	 0.0036864465 	 0.0000112201 	 0.0000029515 	 0.0000006235 	 0.7515797307 	
2305 	 7.9664912915 	1992.4799692835 	 0.1566322901 	 0.0001129482 	 0.0678143728 	 0.1763470875 	 0.0004473119 	 0.0036837938 	 0.0000111934 	 0.0000029493 	 0.0000006225 	 0.7515797208 	
2306 	 7.9666459287 	1992.5248636938 	 0.1566292489 	 0.0001127724 	 0.0678146233 	 0.1763504026 	 0.0004466147 	 0.0036811411 	 0.0000111666 	 0.0000029470 	 0.0000006215 	 0.7515797108 	
2307 	 7.9668005658 	1992.5697581042 	 0.1566262078 	 0.0001125966 	 0.0678148739 	 0.1763537177 	 0.0004459175 	 0.0036784884 	 0.0000111399 	 0.0000029448 	 0.0000006205 	 0.7515797009 	
2308 	 7.9669552030 	1992.6146525145 	 0.1566231666 	 0.0001124208 	 0.0678151245 	 0.1763570327 	 0.0004452203 	 0.0036758357 	 0.0000111131 	 0.0000029425 	 0.0000006195 	 0.7515796909 	
2309 	 7.9671098402 	1992.6595469248 	 0.1566201254 	 0.0001122450 	 0.0678153751 	 0.1763603478 	 0.0004445231 	 0.0036731830 	 0.0000110864 	 0.0000029403 	 0.0000006185 	 0.7515796810 	
2310 	 7.9672644773 	1992.7044413352 	 0.1566170843 	 0.0001120692 	 0.0678156256 	 0.1763636629 	 0.0004438258 	 0.0036705303 	 0.0000110596 	 0.0000029380 	 0.0000006175 	 0.7515796710 	
2311 	 7.9674161712 	1992.7484841405 	 0.1566141018 	 0.0001118969 	 0.0678158807 	 0.1763669180 	 0.0004431427 	 0.0036679146 	 0.0000110336 	 0.0000029358 	 0.0000006165 	 0.7515796612 	
2312 	 7.9675608338 	1992.7904925560 	 0.1566112594 	 0.0001117330 	 0.0678161465 	 0.1763700298 	 0.0004424932 	 0.0036653871 	 0.0000110091 	 0.0000029338 	 0.0000006156 	 0.7515796520 	
2313 	 7.9677054963 	1992.8325009715 	 0.1566084170 	 0.0001115691 	 0.0678164123 	 0.1763731416 	 0.0004418436 	 0.0036628596 	 0.0000109847 	 0.0000029317 	 0.0000006147 	 0.7515796427 	
2314 	 7.9678501589 	1992.8745093871 	 0.1566055747 	 0.0001114053 	 0.0678166781 	 0.1763762534 	 0.0004411941 	 0.0036603322 	 0.0000109603 	 0.0000029296 	 0.0000006138 	 0.7515796334 	
2315 	 7.9679948215 	1992.9165178026 	 0.1566027323 	 0.0001112414 	 0.0678169439 	 0.1763793652 	 0.0004405445 	 0.0036578047 	 0.0000109358 	 0.0000029275 	 0.0000006128 	 0.7515796241 	
2316 	 7.9681394841 	1992.9585262181 	 0.1565998899 	 0.0001110776 	 0.0678172097 	 0.1763824770 	 0.0004398950 	 0.0036552773 	 0.0000109114 	 0.0000029255 	 0.0000006119 	 0.7515796148 	
2317 	 7.9682841467 	1993.0005346336 	 0.1565970475 	 0.0001109137 	 0.0678174755 	 0.1763855888 	 0.0004392455 	 0.0036527498 	 0.0000108870 	 0.0000029234 	 0.0000006110 	 0.7515796055 	
2318 	 7.9684288092 	1993.0425430491 	 0.1565942052 	 0.0001107498 	 0.0678177413 	 0.1763887006 	 0.0004385959 	 0.0036502223 	 0.0000108625 	 0.0000029213 	 0.0000006101 	 0.7515795962 	
2319 	 7.9685734718 	1993.0845514646 	 0.1565913628 	 0.0001105860 	 0.0678180071 	 0.1763918124 	 0.0004379464 	 0.0036476949 	 0.0000108381 	 0.0000029193 	 0.0000006091 	 0.7515795869 	
2320 	 7.9687181344 	1993.1265598801 	 0.1565885204 	 0.0001104221 	 0.0678182729 	 0.1763949242 	 0.0004372968 	 0.0036451674 	 0.0000108137 	 0.0000029172 	 0.0000006082 	 0.7515795776 	
2321 	 7.9688627970 	1993.1685682957 	 0.1565856781 	 0.0001102582 	 0.0678185387 	 0.1763980360 	 0.0004366473 	 0.0036426400 	 0.0000107892 	 0.0000029151 	 0.0000006073 	 0.7515795683 	
2322 	 7.9690074596 	1993.2105767112 	 0.1565828357 	 0.0001100944 	 0.0678188045 	 0.1764011478 	 0.0004359978 	 0.0036401125 	 0.0000107648 	 0.0000029130 	 0.0000006063 	 0.7515795590 	
2323 	 7.9691521222 	1993.2525851267 	 0.1565799933 	 0.0001099305 	 0.0678190703 	 0.1764042595 	 0.0004353482 	 0.0036375850 	 0.0000107404 	 0.0000029110 	 0.0000006054 	 0.7515795497 	
2324 	 7.9692967847 	1993.2945935422 	 0.1565771510 	 0.0001097666 	 0.0678193361 	 0.1764073713 	 0.0004346987 	 0.0036350576 	 0.0000107159 	 0.0000029089 	 0.0000006045 	 0.7515795404 	
2325 	 7.9694414473 	1993.3366019577 	 0.1565743086 	 0.0001096028 	 0.0678196019 	 0.1764104831 	 0.0004340491 	 0.0036325301 	 0.0000106915 	 0.0000029068 	 0.0000006036 	 0.7515795311 	
2326 	 7.9695861099 	1993.3786103732 	 0.1565714662 	 0.0001094389 	 0.0678198677 	 0.1764135949 	 0.0004333996 	 0.0036300027 	 0.0000106671 	 0.0000029048 	 0.0000006026 	 0.7515795218 	
2327 	 7.9697307725 	1993.4206187888 	 0.1565686238 	 0.0001092750 	 0.0678201335 	 0.1764167067 	 0.0004327501 	 0.0036274752 	 0.0000106426 	 0.0000029027 	 0.0000006017 	 0.7515795125 	
2328 	 7.9698754351 	1993.4626272043 	 0.1565657815 	 0.0001091112 	 0.0678203993 	 0.1764198185 	 0.0004321005 	 0.0036249477 	 0.0000106182 	 0.0000029006 	 0.0000006008 	 0.7515795032 	
2329 	 7.9700200976 	1993.5046356198 	 0.1565629391 	 0.0001089473 	 0.0678206651 	 0.1764229303 	 0.0004314510 	 0.0036224203 	 0.0000105938 	 0.0000028985 	 0.0000005999 	 0.7515794939 	
2330 	 7.9701647602 	1993.5466440353 	 0.1565600967 	 0.0001087835 	 0.0678209309 	 0.1764260421 	 0.0004308014 	 0.0036198928 	 0.0000105694 	 0.0000028965 	 0.0000005989 	 0.7515794846 	
2331 	 7.9703094228 	1993.5886524508 	 0.1565572544 	 0.0001086196 	 0.0678211967 	 0.1764291539 	 0.0004301519 	 0.0036173654 	 0.0000105449 	 0.0000028944 	 0.0000005980 	 0.7515794753 	
2332 	 7.9704540854 	1993.6306608663 	 0.1565544120 	 0.0001084557 	 0.0678214624 	 0.1764322657 	 0.0004295024 	 0.0036148379 	 0.0000105205 	 0.0000028923 	 0.0000005971 	 0.7515794660 	
2333 	 7.9705987480 	1993.6726692818 	 0.1565515696 	 0.0001082919 	 0.0678217282 	 0.1764353775 	 0.0004288528 	 0.0036123104 	 0.0000104961 	 0.0000028903 	 0.0000005962 	 0.7515794567 	
2334 	 7.9707434105 	1993.7146776974 	 0.1565487273 	 0.0001081280 	 0.0678219940 	 0.1764384893 	 0.0004282033 	 0.0036097830 	 0.0000104716 	 0.0000028882 	 0.0000005952 	 0.7515794474 	
2335 	 7.9708880731 	1993.7566861129 	 0.1565458849 	 0.0001079641 	 0.0678222598 	 0.1764416011 	 0.0004275537 	 0.0036072555 	 0.0000104472 	 0.0000028861 	 0.0000005943 	 0.7515794381 	
2336 	 7.9710262630 	1993.7968208733 	 0.1565431713 	 0.0001078080 	 0.0678225340 	 0.1764445803 	 0.0004269351 	 0.0036048115 	 0.0000104242 	 0.0000028842 	 0.0000005934 	 0.7515794292 	
2337 	 7.9711618488 	1993.8362018645 	 0.1565405096 	 0.0001076550 	 0.0678228116 	 0.1764475062 	 0.0004263289 	 0.0036024011 	 0.0000104019 	 0.0000028823 	 0.0000005926 	 0.7515794205 	
2338 	 7.9712974347 	1993.8755828557 	 0.1565378479 	 0.0001075020 	 0.0678230891 	 0.1764504321 	 0.0004257226 	 0.0035999907 	 0.0000103795 	 0.0000028804 	 0.0000005917 	 0.7515794118 	
2339 	 7.9714330205 	1993.9149638469 	 0.1565351862 	 0.0001073490 	 0.0678233667 	 0.1764533581 	 0.0004251164 	 0.0035975803 	 0.0000103571 	 0.0000028784 	 0.0000005908 	 0.7515794032 	
2340 	 7.9715686064 	1993.9543448380 	 0.1565325244 	 0.0001071960 	 0.0678236442 	 0.1764562840 	 0.0004245102 	 0.0035951699 	 0.0000103348 	 0.0000028765 	 0.0000005900 	 0.7515793945 	
2341 	 7.9717041922 	1993.9937258292 	 0.1565298627 	 0.0001070430 	 0.0678239218 	 0.1764592099 	 0.0004239040 	 0.0035927595 	 0.0000103124 	 0.0000028746 	 0.0000005891 	 0.7515793858 	
2342 	 7.9718397781 	1994.0331068204 	 0.1565272010 	 0.0001068900 	 0.0678241993 	 0.1764621358 	 0.0004232977 	 0.0035903491 	 0.0000102900 	 0.0000028727 	 0.0000005883 	 0.7515793771 	
2343 	 7.9719753639 	1994.0724878116 	 0.1565245392 	 0.0001067370 	 0.0678244769 	 0.1764650617 	 0.0004226915 	 0.0035879387 	 0.0000102677 	 0.0000028708 	 0.0000005874 	 0.7515793684 	
2344 	 7.9721109498 	1994.1118688027 	 0.1565218775 	 0.0001065840 	 0.0678247544 	 0.1764679876 	 0.0004220853 	 0.0035855283 	 0.0000102453 	 0.0000028689 	 0.0000005865 	 0.7515793597 	
2345 	 7.9722465356 	1994.1512497939 	 0.1565192158 	 0.0001064310 	 0.0678250320 	 0.1764709136 	 0.0004214791 	 0.0035831179 	 0.0000102229 	 0.0000028670 	 0.0000005857 	 0.7515793510 	
2346 	 7.9723821215 	1994.1906307851 	 0.1565165541 	 0.0001062780 	 0.0678253095 	 0.1764738395 	 0.0004208728 	 0.0035807075 	 0.0000102006 	 0.0000028651 	 0.0000005848 	 0.7515793423 	
2347 	 7.9725177073 	1994.2300117763 	 0.1565138923 	 0.0001061250 	 0.0678255871 	 0.1764767654 	 0.0004202666 	 0.0035782971 	 0.0000101782 	 0.0000028632 	 0.0000005839 	 0.7515793336 	
2348 	 7.9726532931 	1994.2693927674 	 0.1565112306 	 0.0001059720 	 0.0678258646 	 0.1764796913 	 0.0004196604 	 0.0035758866 	 0.0000101558 	 0.0000028613 	 0.0000005831 	 0.7515793249 	
2349 	 7.9727888790 	1994.3087737586 	 0.1565085689 	 0.0001058190 	 0.0678261422 	 0.1764826172 	 0.0004190542 	 0.0035734762 	 0.0000101335 	 0.0000028593 	 0.0000005822 	 0.7515793162 	
2350 	 7.9729244648 	1994.3481547498 	 0.1565059072 	 0.0001056660 	 0.0678264198 	 0.1764855431 	 0.0004184479 	 0.0035710658 	 0.0000101111 	 0.0000028574 	 0.0000005814 	 0.7515793075 	
2351 	 7.9730600507 	1994.3875357410 	 0.1565032454 	 0.0001055130 	 0.0678266973 	 0.1764884691 	 0.0004178417 	 0.0035686554 	 0.0000100887 	 0.0000028555 	 0.0000005805 	 0.7515792988 	
2352 	 7.9731956365 	1994.4269167321 	 0.1565005837 	 0.0001053600 	 0.0678269749 	 0.1764913950 	 0.0004172355 	 0.0035662450 	 0.0000100664 	 0.0000028536 	 0.0000005796 	 0.7515792901 	
2353 	 7.9733312224 	1994.4662977233 	 0.1564979220 	 0.0001052070 	 0.0678272524 	 0.1764943209 	 0.0004166293 	 0.0035638346 	 0.0000100440 	 0.0000028517 	 0.0000005788 	 0.7515792814 	
2354 	 7.9734668082 	1994.5056787145 	 0.1564952602 	 0.0001050540 	 0.0678275300 	 0.1764972468 	 0.0004160230 	 0.0035614242 	 0.0000100216 	 0.0000028498 	 0.0000005779 	 0.7515792727 	
2355 	 7.9736023941 	1994.5450597057 	 0.1564925985 	 0.0001049010 	 0.0678278075 	 0.1765001727 	 0.0004154168 	 0.0035590138 	 0.0000099993 	 0.0000028479 	 0.0000005771 	 0.7515792640 	
2356 	 7.9737379799 	1994.5844406968 	 0.1564899368 	 0.0001047480 	 0.0678280851 	 0.1765030986 	 0.0004148106 	 0.0035566034 	 0.0000099769 	 0.0000028460 	 0.0000005762 	 0.7515792553 	
2357 	 7.9738735658 	1994.6238216880 	 0.1564872751 	 0.0001045950 	 0.0678283626 	 0.1765060245 	 0.0004142044 	 0.0035541930 	 0.0000099545 	 0.0000028441 	 0.0000005753 	 0.7515792466 	
2358 	 7.9740091516 	1994.6632026792 	 0.1564846133 	 0.0001044420 	 0.0678286402 	 0.1765089505 	 0.0004135981 	 0.0035517826 	 0.0000099321 	 0.0000028422 	 0.0000005745 	 0.7515792379 	
2359 	 7.9741447375 	1994.7025836704 	 0.1564819516 	 0.0001042890 	 0.0678289177 	 0.1765118764 	 0.0004129919 	 0.0035493722 	 0.0000099098 	 0.0000028402 	 0.0000005736 	 0.7515792293 	
2360 	 7.9742792371 	1994.7416500926 	 0.1564793115 	 0.0001041373 	 0.0678291964 	 0.1765147800 	 0.0004123909 	 0.0035469761 	 0.0000098877 	 0.0000028384 	 0.0000005727 	 0.7515792206 	
2361 	 7.9744065403 	1994.7786324953 	 0.1564768144 	 0.0001039942 	 0.0678294829 	 0.1765175355 	 0.0004118241 	 0.0035446753 	 0.0000098671 	 0.0000028366 	 0.0000005719 	 0.7515792125 	
2362 	 7.9745338434 	1994.8156148981 	 0.1564743173 	 0.0001038511 	 0.0678297693 	 0.1765202910 	 0.0004112573 	 0.0035423744 	 0.0000098466 	 0.0000028348 	 0.0000005711 	 0.7515792043 	
2363 	 7.9746611466 	1994.8525973009 	 0.1564718202 	 0.0001037080 	 0.0678300557 	 0.1765230466 	 0.0004106905 	 0.0035400736 	 0.0000098261 	 0.0000028331 	 0.0000005703 	 0.7515791962 	
2364 	 7.9747884498 	1994.8895797037 	 0.1564693231 	 0.0001035649 	 0.0678303421 	 0.1765258021 	 0.0004101238 	 0.0035377727 	 0.0000098056 	 0.0000028313 	 0.0000005695 	 0.7515791881 	
2365 	 7.9749157529 	1994.9265621065 	 0.1564668260 	 0.0001034218 	 0.0678306285 	 0.1765285576 	 0.0004095570 	 0.0035354719 	 0.0000097850 	 0.0000028295 	 0.0000005687 	 0.7515791799 	
2366 	 7.9750430561 	1994.9635445093 	 0.1564643289 	 0.0001032787 	 0.0678309150 	 0.1765313132 	 0.0004089902 	 0.0035331710 	 0.0000097645 	 0.0000028278 	 0.0000005679 	 0.7515791718 	
2367 	 7.9751703593 	1995.0005269120 	 0.1564618318 	 0.0001031356 	 0.0678312014 	 0.1765340687 	 0.0004084234 	 0.0035308702 	 0.0000097440 	 0.0000028260 	 0.0000005671 	 0.7515791636 	
2368 	 7.9752976625 	1995.0375093148 	 0.1564593347 	 0.0001029925 	 0.0678314878 	 0.1765368243 	 0.0004078567 	 0.0035285693 	 0.0000097234 	 0.0000028243 	 0.0000005663 	 0.7515791555 	
2369 	 7.9754249656 	1995.0744917176 	 0.1564568376 	 0.0001028494 	 0.0678317742 	 0.1765395798 	 0.0004072899 	 0.0035262685 	 0.0000097029 	 0.0000028225 	 0.0000005655 	 0.7515791473 	
2370 	 7.9755522688 	1995.1114741204 	 0.1564543405 	 0.0001027063 	 0.0678320607 	 0.1765423353 	 0.0004067231 	 0.0035239676 	 0.0000096824 	 0.0000028207 	 0.0000005647 	 0.7515791392 	
2371 	 7.9756795720 	1995.1484565232 	 0.1564518434 	 0.0001025632 	 0.0678323471 	 0.1765450909 	 0.0004061564 	 0.0035216668 	 0.0000096619 	 0.0000028190 	 0.0000005639 	 0.7515791311 	
2372 	 7.9758068751 	1995.1854389260 	 0.1564493462 	 0.0001024201 	 0.0678326335 	 0.1765478464 	 0.0004055896 	 0.0035193659 	 0.0000096413 	 0.0000028172 	 0.0000005631 	 0.7515791229 	
2373 	 7.9759341783 	1995.2224213287 	 0.1564468491 	 0.0001022770 	 0.0678329199 	 0.1765506019 	 0.0004050228 	 0.0035170651 	 0.0000096208 	 0.0000028154 	 0.0000005623 	 0.7515791148 	
2374 	 7.9760614815 	1995.2594037315 	 0.1564443520 	 0.0001021339 	 0.0678332063 	 0.1765533575 	 0.0004044560 	 0.0035147642 	 0.0000096003 	 0.0000028137 	 0.0000005615 	 0.7515791066 	
2375 	 7.9761887847 	1995.2963861343 	 0.1564418549 	 0.0001019908 	 0.0678334928 	 0.1765561130 	 0.0004038893 	 0.0035124634 	 0.0000095798 	 0.0000028119 	 0.0000005607 	 0.7515790985 	
2376 	 7.9763160878 	1995.3333685371 	 0.1564393578 	 0.0001018477 	 0.0678337792 	 0.1765588685 	 0.0004033225 	 0.0035101625 	 0.0000095592 	 0.0000028102 	 0.0000005599 	 0.7515790903 	
2377 	 7.9764433910 	1995.3703509399 	 0.1564368607 	 0.0001017046 	 0.0678340656 	 0.1765616241 	 0.0004027557 	 0.0035078617 	 0.0000095387 	 0.0000028084 	 0.0000005591 	 0.7515790822 	
2378 	 7.9765706942 	1995.4073333427 	 0.1564343636 	 0.0001015615 	 0.0678343520 	 0.1765643796 	 0.0004021889 	 0.0035055608 	 0.0000095182 	 0.0000028066 	 0.0000005583 	 0.7515790740 	
2379 	 7.9766979973 	1995.4443157454 	 0.1564318665 	 0.0001014184 	 0.0678346384 	 0.1765671352 	 0.0004016222 	 0.0035032600 	 0.0000094977 	 0.0000028049 	 0.0000005575 	 0.7515790659 	
2380 	 7.9768253005 	1995.4812981482 	 0.1564293694 	 0.0001012753 	 0.0678349249 	 0.1765698907 	 0.0004010554 	 0.0035009591 	 0.0000094771 	 0.0000028031 	 0.0000005567 	 0.7515790578 	
2381 	 7.9769526037 	1995.5182805510 	 0.1564268723 	 0.0001011322 	 0.0678352113 	 0.1765726462 	 0.0004004886 	 0.0034986583 	 0.0000094566 	 0.0000028013 	 0.0000005559 	 0.7515790496 	
2382 	 7.9770799069 	1995.5552629538 	 0.1564243752 	 0.0001009891 	 0.0678354977 	 0.1765754018 	 0.0003999218 	 0.0034963574 	 0.0000094361 	 0.0000027996 	 0.0000005551 	 0.7515790415 	
2383 	 7.9772072100 	1995.5922453566 	 0.1564218781 	 0.0001008460 	 0.0678357841 	 0.1765781573 	 0.0003993551 	 0.0034940566 	 0.0000094156 	 0.0000027978 	 0.0000005543 	 0.7515790333 	
2384 	 7.9773345132 	1995.6292277594 	 0.1564193810 	 0.0001007029 	 0.0678360705 	 0.1765809128 	 0.0003987883 	 0.0034917557 	 0.0000093950 	 0.0000027961 	 0.0000005535 	 0.7515790252 	
2385 	 7.9774576547 	1995.6650045071 	 0.1564169665 	 0.0001005648 	 0.0678363605 	 0.1765835824 	 0.0003982413 	 0.0034895113 	 0.0000093754 	 0.0000027944 	 0.0000005527 	 0.7515790173 	
2386 	 7.9775773799 	1995.6997915379 	 0.1564146199 	 0.0001004307 	 0.0678366534 	 0.1765861814 	 0.0003977106 	 0.0034873131 	 0.0000093565 	 0.0000027927 	 0.0000005519 	 0.7515790097 	
2387 	 7.9776971051 	1995.7345785687 	 0.1564122732 	 0.0001002967 	 0.0678369463 	 0.1765887804 	 0.0003971798 	 0.0034851149 	 0.0000093377 	 0.0000027911 	 0.0000005512 	 0.7515790020 	
2388 	 7.9778168303 	1995.7693655996 	 0.1564099265 	 0.0001001626 	 0.0678372391 	 0.1765913794 	 0.0003966491 	 0.0034829168 	 0.0000093188 	 0.0000027895 	 0.0000005504 	 0.7515789944 	
2389 	 7.9779365555 	1995.8041526304 	 0.1564075798 	 0.0001000286 	 0.0678375320 	 0.1765939783 	 0.0003961183 	 0.0034807186 	 0.0000092999 	 0.0000027879 	 0.0000005497 	 0.7515789868 	
2390 	 7.9780562807 	1995.8389396612 	 0.1564052332 	 0.0000998945 	 0.0678378249 	 0.1765965773 	 0.0003955876 	 0.0034785205 	 0.0000092810 	 0.0000027862 	 0.0000005489 	 0.7515789791 	
2391 	 7.9781760059 	1995.8737266921 	 0.1564028865 	 0.0000997605 	 0.0678381178 	 0.1765991763 	 0.0003950568 	 0.0034763223 	 0.0000092621 	 0.0000027846 	 0.0000005482 	 0.7515789715 	
2392 	 7.9782957311 	1995.9085137229 	 0.1564005398 	 0.0000996264 	 0.0678384106 	 0.1766017753 	 0.0003945260 	 0.0034741241 	 0.0000092433 	 0.0000027830 	 0.0000005474 	 0.7515789639 	
2393 	 7.9784154563 	1995.9433007537 	 0.1563981932 	 0.0000994924 	 0.0678387035 	 0.1766043743 	 0.0003939953 	 0.0034719260 	 0.0000092244 	 0.0000027813 	 0.0000005467 	 0.7515789562 	
2394 	 7.9785351815 	1995.9780877845 	 0.1563958465 	 0.0000993583 	 0.0678389964 	 0.1766069733 	 0.0003934645 	 0.0034697278 	 0.0000092055 	 0.0000027797 	 0.0000005459 	 0.7515789486 	
2395 	 7.9786549067 	1996.0128748154 	 0.1563934998 	 0.0000992243 	 0.0678392893 	 0.1766095722 	 0.0003929338 	 0.0034675296 	 0.0000091866 	 0.0000027781 	 0.0000005452 	 0.7515789409 	
2396 	 7.9787746319 	1996.0476618462 	 0.1563911532 	 0.0000990902 	 0.0678395821 	 0.1766121712 	 0.0003924030 	 0.0034653315 	 0.0000091678 	 0.0000027765 	 0.0000005444 	 0.7515789333 	
2397 	 7.9788943571 	1996.0824488770 	 0.1563888065 	 0.0000989562 	 0.0678398750 	 0.1766147702 	 0.0003918723 	 0.0034631333 	 0.0000091489 	 0.0000027748 	 0.0000005437 	 0.7515789257 	
2398 	 7.9790140823 	1996.1172359079 	 0.1563864598 	 0.0000988221 	 0.0678401679 	 0.1766173692 	 0.0003913415 	 0.0034609352 	 0.0000091300 	 0.0000027732 	 0.0000005429 	 0.7515789180 	
2399 	 7.9791338075 	1996.1520229387 	 0.1563841131 	 0.0000986881 	 0.0678404608 	 0.1766199682 	 0.0003908108 	 0.0034587370 	 0.0000091111 	 0.0000027716 	 0.0000005422 	 0.7515789104 	
2400 	 7.9792535327 	1996.1868099695 	 0.1563817665 	 0.0000985540 	 0.0678407536 	 0.1766225672 	 0.0003902800 	 0.0034565388 	 0.0000090922 	 0.0000027699 	 0.0000005414 	 0.7515789028 	
2401 	 7.9793732579 	1996.2215970004 	 0.1563794198 	 0.0000984200 	 0.0678410465 	 0.1766251662 	 0.0003897493 	 0.0034543407 	 0.0000090734 	 0.0000027683 	 0.0000005407 	 0.7515788951 	
2402 	 7.9794929831 	1996.2563840312 	 0.1563770731 	 0.0000982859 	 0.0678413394 	 0.1766277651 	 0.0003892185 	 0.0034521425 	 0.0000090545 	 0.0000027667 	 0.0000005399 	 0.7515788875 	
2403 	 7.9796127083 	1996.2911710620 	 0.1563747265 	 0.0000981519 	 0.0678416323 	 0.1766303641 	 0.0003886878 	 0.0034499443 	 0.0000090356 	 0.0000027651 	 0.0000005392 	 0.7515788799 	
2404 	 7.9797324335 	1996.3259580929 	 0.1563723798 	 0.0000980178 	 0.0678419251 	 0.1766329631 	 0.0003881570 	 0.0034477462 	 0.0000090167 	 0.0000027634 	 0.0000005384 	 0.7515788722 	
2405 	 7.9798521587 	1996.3607451237 	 0.1563700331 	 0.0000978838 	 0.0678422180 	 0.1766355621 	 0.0003876263 	 0.0034455480 	 0.0000089978 	 0.0000027618 	 0.0000005377 	 0.7515788646 	
2406 	 7.9799718839 	1996.3955321545 	 0.1563676864 	 0.0000977497 	 0.0678425109 	 0.1766381611 	 0.0003870955 	 0.0034433498 	 0.0000089790 	 0.0000027602 	 0.0000005369 	 0.7515788569 	
2407 	 7.9800916091 	1996.4303191853 	 0.1563653398 	 0.0000976157 	 0.0678428038 	 0.1766407601 	 0.0003865648 	 0.0034411517 	 0.0000089601 	 0.0000027585 	 0.0000005362 	 0.7515788493 	
2408 	 7.9802113343 	1996.4651062162 	 0.1563629931 	 0.0000974816 	 0.0678430966 	 0.1766433590 	 0.0003860340 	 0.0034389535 	 0.0000089412 	 0.0000027569 	 0.0000005354 	 0.7515788417 	
2409 	 7.9803310595 	1996.4998932470 	 0.1563606464 	 0.0000973476 	 0.0678433895 	 0.1766459580 	 0.0003855033 	 0.0034367554 	 0.0000089223 	 0.0000027553 	 0.0000005346 	 0.7515788340 	
2410 	 7.9804440621 	1996.5327320055 	 0.1563584331 	 0.0000972215 	 0.0678436867 	 0.1766484176 	 0.0003850044 	 0.0034346504 	 0.0000089049 	 0.0000027538 	 0.0000005339 	 0.7515788268 	
2411 	 7.9805568368 	1996.5655047208 	 0.1563562242 	 0.0000970958 	 0.0678439840 	 0.1766508724 	 0.0003845066 	 0.0034325486 	 0.0000088875 	 0.0000027523 	 0.0000005332 	 0.7515788197 	
2412 	 7.9806696116 	1996.5982774361 	 0.1563540154 	 0.0000969700 	 0.0678442813 	 0.1766533272 	 0.0003840088 	 0.0034304468 	 0.0000088701 	 0.0000027508 	 0.0000005325 	 0.7515788125 	
2413 	 7.9807823863 	1996.6310501514 	 0.1563518065 	 0.0000968442 	 0.0678445786 	 0.1766557820 	 0.0003835110 	 0.0034283451 	 0.0000088527 	 0.0000027493 	 0.0000005318 	 0.7515788053 	
2414 	 7.9808951610 	1996.6638228667 	 0.1563495976 	 0.0000967185 	 0.0678448759 	 0.1766582368 	 0.0003830132 	 0.0034262433 	 0.0000088353 	 0.0000027478 	 0.0000005311 	 0.7515787982 	
2415 	 7.9810079357 	1996.6965955820 	 0.1563473888 	 0.0000965927 	 0.0678451732 	 0.1766606916 	 0.0003825155 	 0.0034241415 	 0.0000088179 	 0.0000027463 	 0.0000005304 	 0.7515787910 	
2416 	 7.9811207104 	1996.7293682973 	 0.1563451799 	 0.0000964670 	 0.0678454705 	 0.1766631464 	 0.0003820177 	 0.0034220397 	 0.0000088005 	 0.0000027447 	 0.0000005297 	 0.7515787838 	
2417 	 7.9812334852 	1996.7621410126 	 0.1563429711 	 0.0000963412 	 0.0678457678 	 0.1766656012 	 0.0003815199 	 0.0034199379 	 0.0000087831 	 0.0000027432 	 0.0000005290 	 0.7515787766 	
2418 	 7.9813462599 	1996.7949137279 	 0.1563407622 	 0.0000962154 	 0.0678460651 	 0.1766680560 	 0.0003810221 	 0.0034178361 	 0.0000087657 	 0.0000027417 	 0.0000005283 	 0.7515787695 	
2419 	 7.9814590346 	1996.8276864432 	 0.1563385534 	 0.0000960897 	 0.0678463624 	 0.1766705108 	 0.0003805243 	 0.0034157344 	 0.0000087483 	 0.0000027402 	 0.0000005276 	 0.7515787623 	
2420 	 7.9815718093 	1996.8604591585 	 0.1563363445 	 0.0000959639 	 0.0678466597 	 0.1766729657 	 0.0003800265 	 0.0034136326 	 0.0000087309 	 0.0000027387 	 0.0000005269 	 0.7515787551 	
2421 	 7.9816845840 	1996.8932318738 	 0.1563341357 	 0.0000958382 	 0.0678469570 	 0.1766754205 	 0.0003795287 	 0.0034115308 	 0.0000087135 	 0.0000027372 	 0.0000005262 	 0.7515787479 	
2422 	 7.9817973588 	1996.9260045891 	 0.1563319268 	 0.0000957124 	 0.0678472543 	 0.1766778753 	 0.0003790309 	 0.0034094290 	 0.0000086961 	 0.0000027357 	 0.0000005255 	 0.7515787408 	
2423 	 7.9819101335 	1996.9587773044 	 0.1563297179 	 0.0000955866 	 0.0678475517 	 0.1766803301 	 0.0003785331 	 0.0034073272 	 0.0000086787 	 0.0000027342 	 0.0000005248 	 0.7515787336 	
2424 	 7.9820229082 	1996.9915500197 	 0.1563275091 	 0.0000954609 	 0.0678478490 	 0.1766827849 	 0.0003780354 	 0.0034052254 	 0.0000086613 	 0.0000027327 	 0.0000005241 	 0.7515787264 	
2425 	 7.9821356829 	1997.0243227350 	 0.1563253002 	 0.0000953351 	 0.0678481463 	 0.1766852397 	 0.0003775376 	 0.0034031236 	 0.0000086439 	 0.0000027312 	 0.0000005234 	 0.7515787193 	
2426 	 7.9822484576 	1997.0570954504 	 0.1563230914 	 0.0000952094 	 0.0678484436 	 0.1766876945 	 0.0003770398 	 0.0034010219 	 0.0000086265 	 0.0000027297 	 0.0000005227 	 0.7515787121 	
2427 	 7.9823612324 	1997.0898681657 	 0.1563208825 	 0.0000950836 	 0.0678487409 	 0.1766901493 	 0.0003765420 	 0.0033989201 	 0.0000086091 	 0.0000027282 	 0.0000005220 	 0.7515787049 	
2428 	 7.9824740071 	1997.1226408810 	 0.1563186737 	 0.0000949578 	 0.0678490382 	 0.1766926041 	 0.0003760442 	 0.0033968183 	 0.0000085917 	 0.0000027267 	 0.0000005213 	 0.7515786977 	
2429 	 7.9825867818 	1997.1554135963 	 0.1563164648 	 0.0000948321 	 0.0678493355 	 0.1766950589 	 0.0003755464 	 0.0033947165 	 0.0000085743 	 0.0000027252 	 0.0000005206 	 0.7515786906 	
2430 	 7.9826995565 	1997.1881863116 	 0.1563142560 	 0.0000947063 	 0.0678496328 	 0.1766975137 	 0.0003750486 	 0.0033926147 	 0.0000085569 	 0.0000027237 	 0.0000005199 	 0.7515786834 	
2431 	 7.9828123312 	1997.2209590269 	 0.1563120471 	 0.0000945805 	 0.0678499301 	 0.1766999686 	 0.0003745508 	 0.0033905129 	 0.0000085395 	 0.0000027222 	 0.0000005192 	 0.7515786762 	
2432 	 7.9829251060 	1997.2537317422 	 0.1563098382 	 0.0000944548 	 0.0678502274 	 0.1767024234 	 0.0003740531 	 0.0033884112 	 0.0000085221 	 0.0000027207 	 0.0000005185 	 0.7515786691 	
2433 	 7.9830378807 	1997.2865044575 	 0.1563076294 	 0.0000943290 	 0.0678505247 	 0.1767048782 	 0.0003735553 	 0.0033863094 	 0.0000085047 	 0.0000027192 	 0.0000005178 	 0.7515786619 	
2434 	 7.9831481937 	1997.3185635046 	 0.1563054693 	 0.0000942062 	 0.0678508231 	 0.1767072817 	 0.0003730691 	 0.0033842425 	 0.0000084878 	 0.0000027177 	 0.0000005171 	 0.7515786549 	
2435 	 7.9832545784 	1997.3494837195 	 0.1563033870 	 0.0000940880 	 0.0678511231 	 0.1767096035 	 0.0003726016 	 0.0033822313 	 0.0000084717 	 0.0000027163 	 0.0000005164 	 0.7515786481 	
2436 	 7.9833609632 	1997.3804039344 	 0.1563013047 	 0.0000939699 	 0.0678514231 	 0.1767119252 	 0.0003721340 	 0.0033802201 	 0.0000084557 	 0.0000027149 	 0.0000005158 	 0.7515786414 	
2437 	 7.9834673479 	1997.4113241493 	 0.1562992224 	 0.0000938517 	 0.0678517232 	 0.1767142469 	 0.0003716665 	 0.0033782089 	 0.0000084396 	 0.0000027135 	 0.0000005151 	 0.7515786346 	
2438 	 7.9835737326 	1997.4422443642 	 0.1562971401 	 0.0000937336 	 0.0678520232 	 0.1767165687 	 0.0003711989 	 0.0033761977 	 0.0000084235 	 0.0000027121 	 0.0000005144 	 0.7515786279 	
2439 	 7.9836801174 	1997.4731645790 	 0.1562950578 	 0.0000936154 	 0.0678523232 	 0.1767188904 	 0.0003707314 	 0.0033741865 	 0.0000084075 	 0.0000027107 	 0.0000005138 	 0.7515786212 	
2440 	 7.9837865021 	1997.5040847939 	 0.1562929755 	 0.0000934973 	 0.0678526233 	 0.1767212122 	 0.0003702638 	 0.0033721753 	 0.0000083914 	 0.0000027093 	 0.0000005131 	 0.7515786144 	
2441 	 7.9838928868 	1997.5350050088 	 0.1562908932 	 0.0000933791 	 0.0678529233 	 0.1767235339 	 0.0003697962 	 0.0033701641 	 0.0000083753 	 0.0000027079 	 0.0000005125 	 0.7515786077 	
2442 	 7.9839992716 	1997.5659252237 	 0.1562888110 	 0.0000932610 	 0.0678532234 	 0.1767258557 	 0.0003693287 	 0.0033681528 	 0.0000083593 	 0.0000027065 	 0.0000005118 	 0.7515786009 	
2443 	 7.9841056563 	1997.5968454386 	 0.1562867287 	 0.0000931428 	 0.0678535234 	 0.1767281774 	 0.0003688611 	 0.0033661416 	 0.0000083432 	 0.0000027052 	 0.0000005112 	 0.7515785942 	
2444 	 7.9842120410 	1997.6277656535 	 0.1562846464 	 0.0000930246 	 0.0678538234 	 0.1767304991 	 0.0003683936 	 0.0033641304 	 0.0000083271 	 0.0000027038 	 0.0000005105 	 0.7515785874 	
2445 	 7.9843184258 	1997.6586858684 	 0.1562825641 	 0.0000929065 	 0.0678541235 	 0.1767328209 	 0.0003679260 	 0.0033621192 	 0.0000083110 	 0.0000027024 	 0.0000005098 	 0.7515785807 	
2446 	 7.9844248105 	1997.6896060832 	 0.1562804818 	 0.0000927883 	 0.0678544235 	 0.1767351426 	 0.0003674585 	 0.0033601080 	 0.0000082950 	 0.0000027010 	 0.0000005092 	 0.7515785739 	
2447 	 7.9845311953 	1997.7205262981 	 0.1562783995 	 0.0000926702 	 0.0678547235 	 0.1767374644 	 0.0003669909 	 0.0033580968 	 0.0000082789 	 0.0000026996 	 0.0000005085 	 0.7515785672 	
2448 	 7.9846375800 	1997.7514465130 	 0.1562763172 	 0.0000925520 	 0.0678550236 	 0.1767397861 	 0.0003665234 	 0.0033560856 	 0.0000082628 	 0.0000026982 	 0.0000005079 	 0.7515785605 	
2449 	 7.9847439647 	1997.7823667279 	 0.1562742349 	 0.0000924339 	 0.0678553236 	 0.1767421079 	 0.0003660558 	 0.0033540744 	 0.0000082468 	 0.0000026968 	 0.0000005072 	 0.7515785537 	
2450 	 7.9848503495 	1997.8132869428 	 0.1562721526 	 0.0000923157 	 0.0678556237 	 0.1767444296 	 0.0003655882 	 0.0033520632 	 0.0000082307 	 0.0000026954 	 0.0000005065 	 0.7515785470 	
2451 	 7.9849567342 	1997.8442071577 	 0.1562700703 	 0.0000921976 	 0.0678559237 	 0.1767467513 	 0.0003651207 	 0.0033500520 	 0.0000082146 	 0.0000026940 	 0.0000005059 	 0.7515785402 	
2452 	 7.9850631189 	1997.8751273726 	 0.1562679880 	 0.0000920794 	 0.0678562237 	 0.1767490731 	 0.0003646531 	 0.0033480408 	 0.0000081986 	 0.0000026926 	 0.0000005052 	 0.7515785335 	
2453 	 7.9851695037 	1997.9060475874 	 0.1562659057 	 0.0000919613 	 0.0678565238 	 0.1767513948 	 0.0003641856 	 0.0033460296 	 0.0000081825 	 0.0000026912 	 0.0000005046 	 0.7515785267 	
2454 	 7.9852758884 	1997.9369678023 	 0.1562638234 	 0.0000918431 	 0.0678568238 	 0.1767537166 	 0.0003637180 	 0.0033440184 	 0.0000081664 	 0.0000026898 	 0.0000005039 	 0.7515785200 	
2455 	 7.9853822731 	1997.9678880172 	 0.1562617411 	 0.0000917250 	 0.0678571238 	 0.1767560383 	 0.0003632505 	 0.0033420072 	 0.0000081504 	 0.0000026884 	 0.0000005032 	 0.7515785132 	
2456 	 7.9854886579 	1997.9988082321 	 0.1562596589 	 0.0000916068 	 0.0678574239 	 0.1767583600 	 0.0003627829 	 0.0033399960 	 0.0000081343 	 0.0000026870 	 0.0000005026 	 0.7515785065 	
2457 	 7.9855950426 	1998.0297284470 	 0.1562575766 	 0.0000914886 	 0.0678577239 	 0.1767606818 	 0.0003623154 	 0.0033379848 	 0.0000081182 	 0.0000026857 	 0.0000005019 	 0.7515784998 	
2458 	 7.9857014274 	1998.0606486619 	 0.1562554943 	 0.0000913705 	 0.0678580240 	 0.1767630035 	 0.0003618478 	 0.0033359736 	 0.0000081021 	 0.0000026843 	 0.0000005013 	 0.7515784930 	
2459 	 7.9858030825 	1998.0901973154 	 0.1562535056 	 0.0000912580 	 0.0678583250 	 0.1767652264 	 0.0003614026 	 0.0033340308 	 0.0000080870 	 0.0000026830 	 0.0000005006 	 0.7515784866 	
2460 	 7.9859035794 	1998.1194100762 	 0.1562515398 	 0.0000911468 	 0.0678586264 	 0.1767674251 	 0.0003609628 	 0.0033321049 	 0.0000080722 	 0.0000026817 	 0.0000005000 	 0.7515784802 	
2461 	 7.9860040763 	1998.1486228371 	 0.1562495740 	 0.0000910356 	 0.0678589277 	 0.1767696238 	 0.0003605230 	 0.0033301789 	 0.0000080573 	 0.0000026804 	 0.0000004994 	 0.7515784739 	
2462 	 7.9861045733 	1998.1778355980 	 0.1562476082 	 0.0000909245 	 0.0678592291 	 0.1767718225 	 0.0003600833 	 0.0033282529 	 0.0000080424 	 0.0000026791 	 0.0000004988 	 0.7515784675 	
2463 	 7.9862050702 	1998.2070483589 	 0.1562456424 	 0.0000908133 	 0.0678595304 	 0.1767740211 	 0.0003596435 	 0.0033263270 	 0.0000080276 	 0.0000026778 	 0.0000004982 	 0.7515784612 	
2464 	 7.9863055671 	1998.2362611198 	 0.1562436766 	 0.0000907022 	 0.0678598318 	 0.1767762198 	 0.0003592037 	 0.0033244010 	 0.0000080127 	 0.0000026765 	 0.0000004975 	 0.7515784548 	
2465 	 7.9864060640 	1998.2654738807 	 0.1562417108 	 0.0000905910 	 0.0678601331 	 0.1767784185 	 0.0003587640 	 0.0033224750 	 0.0000079978 	 0.0000026752 	 0.0000004969 	 0.7515784485 	
2466 	 7.9865065609 	1998.2946866416 	 0.1562397450 	 0.0000904798 	 0.0678604345 	 0.1767806172 	 0.0003583242 	 0.0033205491 	 0.0000079830 	 0.0000026739 	 0.0000004963 	 0.7515784421 	
2467 	 7.9866070578 	1998.3238994025 	 0.1562377792 	 0.0000903687 	 0.0678607358 	 0.1767828158 	 0.0003578844 	 0.0033186231 	 0.0000079681 	 0.0000026726 	 0.0000004957 	 0.7515784358 	
2468 	 7.9867075547 	1998.3531121634 	 0.1562358134 	 0.0000902575 	 0.0678610372 	 0.1767850145 	 0.0003574446 	 0.0033166971 	 0.0000079532 	 0.0000026713 	 0.0000004951 	 0.7515784294 	
2469 	 7.9868080516 	1998.3823249243 	 0.1562338476 	 0.0000901464 	 0.0678613385 	 0.1767872132 	 0.0003570049 	 0.0033147712 	 0.0000079384 	 0.0000026701 	 0.0000004945 	 0.7515784231 	
2470 	 7.9869085485 	1998.4115376852 	 0.1562318818 	 0.0000900352 	 0.0678616398 	 0.1767894119 	 0.0003565651 	 0.0033128452 	 0.0000079235 	 0.0000026688 	 0.0000004938 	 0.7515784167 	
2471 	 7.9870090454 	1998.4407504461 	 0.1562299160 	 0.0000899241 	 0.0678619412 	 0.1767916105 	 0.0003561253 	 0.0033109192 	 0.0000079086 	 0.0000026675 	 0.0000004932 	 0.7515784104 	
2472 	 7.9871095423 	1998.4699632070 	 0.1562279502 	 0.0000898129 	 0.0678622425 	 0.1767938092 	 0.0003556856 	 0.0033089933 	 0.0000078937 	 0.0000026662 	 0.0000004926 	 0.7515784040 	
2473 	 7.9872100393 	1998.4991759678 	 0.1562259844 	 0.0000897017 	 0.0678625439 	 0.1767960079 	 0.0003552458 	 0.0033070673 	 0.0000078789 	 0.0000026649 	 0.0000004920 	 0.7515783977 	
2474 	 7.9873105362 	1998.5283887287 	 0.1562240186 	 0.0000895906 	 0.0678628452 	 0.1767982066 	 0.0003548060 	 0.0033051413 	 0.0000078640 	 0.0000026636 	 0.0000004914 	 0.7515783913 	
2475 	 7.9874110331 	1998.5576014896 	 0.1562220528 	 0.0000894794 	 0.0678631466 	 0.1768004053 	 0.0003543663 	 0.0033032154 	 0.0000078491 	 0.0000026623 	 0.0000004907 	 0.7515783850 	
2476 	 7.9875115300 	1998.5868142505 	 0.1562200870 	 0.0000893683 	 0.0678634479 	 0.1768026039 	 0.0003539265 	 0.0033012894 	 0.0000078343 	 0.0000026610 	 0.0000004901 	 0.7515783786 	
2477 	 7.9876120269 	1998.6160270114 	 0.1562181212 	 0.0000892571 	 0.0678637493 	 0.1768048026 	 0.0003534867 	 0.0032993634 	 0.0000078194 	 0.0000026597 	 0.0000004895 	 0.7515783723 	
2478 	 7.9877125238 	1998.6452397723 	 0.1562161554 	 0.0000891459 	 0.0678640506 	 0.1768070013 	 0.0003530469 	 0.0032974375 	 0.0000078045 	 0.0000026584 	 0.0000004889 	 0.7515783659 	
2479 	 7.9878130207 	1998.6744525332 	 0.1562141896 	 0.0000890348 	 0.0678643519 	 0.1768092000 	 0.0003526072 	 0.0032955115 	 0.0000077897 	 0.0000026572 	 0.0000004883 	 0.7515783596 	
2480 	 7.9879135176 	1998.7036652941 	 0.1562122238 	 0.0000889236 	 0.0678646533 	 0.1768113986 	 0.0003521674 	 0.0032935855 	 0.0000077748 	 0.0000026559 	 0.0000004876 	 0.7515783532 	
2481 	 7.9880140145 	1998.7328780550 	 0.1562102580 	 0.0000888125 	 0.0678649546 	 0.1768135973 	 0.0003517276 	 0.0032916596 	 0.0000077599 	 0.0000026546 	 0.0000004870 	 0.7515783469 	
2482 	 7.9881145114 	1998.7620908159 	 0.1562082922 	 0.0000887013 	 0.0678652560 	 0.1768157960 	 0.0003512879 	 0.0032897336 	 0.0000077451 	 0.0000026533 	 0.0000004864 	 0.7515783405 	
2483 	 7.9882138052 	1998.7909545525 	 0.1562063502 	 0.0000885916 	 0.0678655574 	 0.1768179694 	 0.0003508538 	 0.0032878254 	 0.0000077304 	 0.0000026520 	 0.0000004858 	 0.7515783343 	
2484 	 7.9883088654 	1998.8185902407 	 0.1562044919 	 0.0000884869 	 0.0678658588 	 0.1768200541 	 0.0003504396 	 0.0032859797 	 0.0000077166 	 0.0000026508 	 0.0000004852 	 0.7515783283 	
2485 	 7.9884039257 	1998.8462259289 	 0.1562026336 	 0.0000883822 	 0.0678661603 	 0.1768221387 	 0.0003500254 	 0.0032841341 	 0.0000077029 	 0.0000026496 	 0.0000004846 	 0.7515783223 	
2486 	 7.9884989859 	1998.8738616172 	 0.1562007752 	 0.0000882774 	 0.0678664617 	 0.1768242233 	 0.0003496112 	 0.0032822884 	 0.0000076891 	 0.0000026484 	 0.0000004841 	 0.7515783163 	
2487 	 7.9885940462 	1998.9014973054 	 0.1561989169 	 0.0000881727 	 0.0678667632 	 0.1768263080 	 0.0003491970 	 0.0032804428 	 0.0000076753 	 0.0000026472 	 0.0000004835 	 0.7515783103 	
2488 	 7.9886891064 	1998.9291329936 	 0.1561970586 	 0.0000880680 	 0.0678670647 	 0.1768283926 	 0.0003487829 	 0.0032785971 	 0.0000076615 	 0.0000026460 	 0.0000004829 	 0.7515783043 	
2489 	 7.9887841667 	1998.9567686818 	 0.1561952002 	 0.0000879633 	 0.0678673661 	 0.1768304772 	 0.0003483687 	 0.0032767515 	 0.0000076477 	 0.0000026449 	 0.0000004823 	 0.7515782984 	
2490 	 7.9888792269 	1998.9844043700 	 0.1561933419 	 0.0000878586 	 0.0678676676 	 0.1768325619 	 0.0003479545 	 0.0032749058 	 0.0000076339 	 0.0000026437 	 0.0000004817 	 0.7515782924 	
2491 	 7.9889742872 	1999.0120400583 	 0.1561914836 	 0.0000877539 	 0.0678679690 	 0.1768346465 	 0.0003475403 	 0.0032730601 	 0.0000076202 	 0.0000026425 	 0.0000004811 	 0.7515782864 	
2492 	 7.9890693475 	1999.0396757465 	 0.1561896252 	 0.0000876492 	 0.0678682705 	 0.1768367312 	 0.0003471261 	 0.0032712145 	 0.0000076064 	 0.0000026413 	 0.0000004806 	 0.7515782804 	
2493 	 7.9891644077 	1999.0673114347 	 0.1561877669 	 0.0000875445 	 0.0678685719 	 0.1768388158 	 0.0003467119 	 0.0032693688 	 0.0000075926 	 0.0000026401 	 0.0000004800 	 0.7515782744 	
2494 	 7.9892594680 	1999.0949471229 	 0.1561859086 	 0.0000874397 	 0.0678688734 	 0.1768409004 	 0.0003462978 	 0.0032675232 	 0.0000075788 	 0.0000026389 	 0.0000004794 	 0.7515782684 	
2495 	 7.9893545282 	1999.1225828112 	 0.1561840502 	 0.0000873350 	 0.0678691749 	 0.1768429851 	 0.0003458836 	 0.0032656775 	 0.0000075650 	 0.0000026377 	 0.0000004788 	 0.7515782624 	
2496 	 7.9894495885 	1999.1502184994 	 0.1561821919 	 0.0000872303 	 0.0678694763 	 0.1768450697 	 0.0003454694 	 0.0032638319 	 0.0000075512 	 0.0000026365 	 0.0000004782 	 0.7515782565 	
2497 	 7.9895446487 	1999.1778541876 	 0.1561803336 	 0.0000871256 	 0.0678697778 	 0.1768471543 	 0.0003450552 	 0.0032619862 	 0.0000075375 	 0.0000026353 	 0.0000004777 	 0.7515782505 	
2498 	 7.9896397090 	1999.2054898758 	 0.1561784752 	 0.0000870209 	 0.0678700792 	 0.1768492390 	 0.0003446410 	 0.0032601405 	 0.0000075237 	 0.0000026341 	 0.0000004771 	 0.7515782445 	
2499 	 7.9897347692 	1999.2331255641 	 0.1561766169 	 0.0000869162 	 0.0678703807 	 0.1768513236 	 0.0003442268 	 0.0032582949 	 0.0000075099 	 0.0000026329 	 0.0000004765 	 0.7515782385 	
2500 	 7.9898298295 	1999.2607612523 	 0.1561747586 	 0.0000868115 	 0.0678706822 	 0.1768534083 	 0.0003438127 	 0.0032564492 	 0.0000074961 	 0.0000026317 	 0.0000004759 	 0.7515782325 	
2501 	 7.9899248897 	1999.2883969405 	 0.1561729002 	 0.0000867068 	 0.0678709836 	 0.1768554929 	 0.0003433985 	 0.0032546036 	 0.0000074823 	 0.0000026305 	 0.0000004753 	 0.7515782265 	
2502 	 7.9900199500 	1999.3160326287 	 0.1561710419 	 0.0000866021 	 0.0678712851 	 0.1768575775 	 0.0003429843 	 0.0032527579 	 0.0000074685 	 0.0000026293 	 0.0000004747 	 0.7515782205 	
2503 	 7.9901150103 	1999.3436683169 	 0.1561691836 	 0.0000864973 	 0.0678715865 	 0.1768596622 	 0.0003425701 	 0.0032509123 	 0.0000074548 	 0.0000026281 	 0.0000004742 	 0.7515782146 	
2504 	 7.9902100705 	1999.3713040052 	 0.1561673252 	 0.0000863926 	 0.0678718880 	 0.1768617468 	 0.0003421559 	 0.0032490666 	 0.0000074410 	 0.0000026269 	 0.0000004736 	 0.7515782086 	
2505 	 7.9903051308 	1999.3989396934 	 0.1561654669 	 0.0000862879 	 0.0678721895 	 0.1768638314 	 0.0003417418 	 0.0032472210 	 0.0000074272 	 0.0000026257 	 0.0000004730 	 0.7515782026 	
2506 	 7.9904001910 	1999.4265753816 	 0.1561636086 	 0.0000861832 	 0.0678724909 	 0.1768659161 	 0.0003413276 	 0.0032453753 	 0.0000074134 	 0.0000026245 	 0.0000004724 	 0.7515781966 	
2507 	 7.9904952513 	1999.4542110698 	 0.1561617502 	 0.0000860785 	 0.0678727924 	 0.1768680007 	 0.0003409134 	 0.0032435296 	 0.0000073996 	 0.0000026233 	 0.0000004718 	 0.7515781906 	
2508 	 7.9905870955 	1999.4809135970 	 0.1561599554 	 0.0000859776 	 0.0678730933 	 0.1768700177 	 0.0003405143 	 0.0032417324 	 0.0000073865 	 0.0000026222 	 0.0000004713 	 0.7515781848 	
2509 	 7.9906771256 	1999.5070897257 	 0.1561581964 	 0.0000858788 	 0.0678733938 	 0.1768719964 	 0.0003401237 	 0.0032399625 	 0.0000073737 	 0.0000026211 	 0.0000004707 	 0.7515781792 	
2510 	 7.9907671557 	1999.5332658544 	 0.1561564374 	 0.0000857801 	 0.0678736944 	 0.1768739752 	 0.0003397332 	 0.0032381926 	 0.0000073609 	 0.0000026200 	 0.0000004702 	 0.7515781735 	
2511 	 7.9908571857 	1999.5594419831 	 0.1561546784 	 0.0000856813 	 0.0678739950 	 0.1768759540 	 0.0003393426 	 0.0032364227 	 0.0000073481 	 0.0000026189 	 0.0000004696 	 0.7515781679 	
2512 	 7.9909472158 	1999.5856181117 	 0.1561529194 	 0.0000855825 	 0.0678742956 	 0.1768779327 	 0.0003389520 	 0.0032346528 	 0.0000073353 	 0.0000026178 	 0.0000004691 	 0.7515781622 	
2513 	 7.9910372459 	1999.6117942404 	 0.1561511604 	 0.0000854838 	 0.0678745961 	 0.1768799115 	 0.0003385614 	 0.0032328829 	 0.0000073225 	 0.0000026167 	 0.0000004685 	 0.7515781566 	
2514 	 7.9911272759 	1999.6379703691 	 0.1561494014 	 0.0000853850 	 0.0678748967 	 0.1768818902 	 0.0003381709 	 0.0032311130 	 0.0000073097 	 0.0000026156 	 0.0000004680 	 0.7515781509 	
2515 	 7.9912173060 	1999.6641464978 	 0.1561476424 	 0.0000852863 	 0.0678751973 	 0.1768838690 	 0.0003377803 	 0.0032293431 	 0.0000072969 	 0.0000026145 	 0.0000004674 	 0.7515781453 	
2516 	 7.9913073361 	1999.6903226265 	 0.1561458834 	 0.0000851875 	 0.0678754979 	 0.1768858478 	 0.0003373897 	 0.0032275732 	 0.0000072841 	 0.0000026134 	 0.0000004669 	 0.7515781396 	
2517 	 7.9913973661 	1999.7164987551 	 0.1561441244 	 0.0000850887 	 0.0678757984 	 0.1768878265 	 0.0003369991 	 0.0032258033 	 0.0000072713 	 0.0000026122 	 0.0000004663 	 0.7515781340 	
2518 	 7.9914873962 	1999.7426748838 	 0.1561423655 	 0.0000849900 	 0.0678760990 	 0.1768898053 	 0.0003366086 	 0.0032240335 	 0.0000072585 	 0.0000026111 	 0.0000004658 	 0.7515781283 	
2519 	 7.9915774263 	1999.7688510125 	 0.1561406065 	 0.0000848912 	 0.0678763996 	 0.1768917841 	 0.0003362180 	 0.0032222636 	 0.0000072457 	 0.0000026100 	 0.0000004653 	 0.7515781227 	
2520 	 7.9916674564 	1999.7950271412 	 0.1561388475 	 0.0000847925 	 0.0678767002 	 0.1768937628 	 0.0003358274 	 0.0032204937 	 0.0000072329 	 0.0000026089 	 0.0000004647 	 0.7515781170 	
2521 	 7.9917574864 	1999.8212032699 	 0.1561370885 	 0.0000846937 	 0.0678770007 	 0.1768957416 	 0.0003354368 	 0.0032187238 	 0.0000072201 	 0.0000026078 	 0.0000004642 	 0.7515781114 	
2522 	 7.9918475165 	1999.8473793985 	 0.1561353295 	 0.0000845949 	 0.0678773013 	 0.1768977204 	 0.0003350463 	 0.0032169539 	 0.0000072073 	 0.0000026067 	 0.0000004636 	 0.7515781057 	
2523 	 7.9919375466 	1999.8735555272 	 0.1561335705 	 0.0000844962 	 0.0678776019 	 0.1768996991 	 0.0003346557 	 0.0032151840 	 0.0000071945 	 0.0000026056 	 0.0000004631 	 0.7515781001 	
2524 	 7.9920275766 	1999.8997316559 	 0.1561318115 	 0.0000843974 	 0.0678779024 	 0.1769016779 	 0.0003342651 	 0.0032134141 	 0.0000071817 	 0.0000026045 	 0.0000004625 	 0.7515780944 	
2525 	 7.9921176067 	1999.9259077846 	 0.1561300525 	 0.0000842987 	 0.0678782030 	 0.1769036566 	 0.0003338745 	 0.0032116442 	 0.0000071689 	 0.0000026034 	 0.0000004620 	 0.7515780888 	
2526 	 7.9922076368 	1999.9520839133 	 0.1561282935 	 0.0000841999 	 0.0678785036 	 0.1769056354 	 0.0003334840 	 0.0032098743 	 0.0000071561 	 0.0000026023 	 0.0000004614 	 0.7515780831 	
2527 	 7.9922976668 	1999.9782600419 	 0.1561265345 	 0.0000841011 	 0.0678788042 	 0.1769076142 	 0.0003330934 	 0.0032081044 	 0.0000071433 	 0.0000026012 	 0.0000004609 	 0.7515780775 	
2528 	 7.9923876969 	2000.0044361706 	 0.1561247755 	 0.0000840024 	 0.0678791047 	 0.1769095929 	 0.0003327028 	 0.0032063345 	 0.0000071305 	 0.0000026001 	 0.0000004603 	 0.7515780718 	
2529 	 7.9924777270 	2000.0306122993 	 0.1561230165 	 0.0000839036 	 0.0678794053 	 0.1769115717 	 0.0003323122 	 0.0032045646 	 0.0000071177 	 0.0000025990 	 0.0000004598 	 0.7515780662 	
2530 	 7.9925677571 	2000.0567884280 	 0.1561212575 	 0.0000838048 	 0.0678797059 	 0.1769135505 	 0.0003319217 	 0.0032027947 	 0.0000071049 	 0.0000025979 	 0.0000004592 	 0.7515780605 	
2531 	 7.9926577871 	2000.0829645567 	 0.1561194985 	 0.0000837061 	 0.0678800065 	 0.1769155292 	 0.0003315311 	 0.0032010248 	 0.0000070921 	 0.0000025967 	 0.0000004587 	 0.7515780549 	
2532 	 7.9927475496 	2000.1090630327 	 0.1561177448 	 0.0000836076 	 0.0678803069 	 0.1769175023 	 0.0003311418 	 0.0031992590 	 0.0000070793 	 0.0000025956 	 0.0000004581 	 0.7515780493 	
2533 	 7.9928329167 	2000.1338857877 	 0.1561160778 	 0.0000835144 	 0.0678806058 	 0.1769193826 	 0.0003307730 	 0.0031975607 	 0.0000070674 	 0.0000025946 	 0.0000004576 	 0.7515780439 	
2534 	 7.9929182837 	2000.1587085427 	 0.1561144108 	 0.0000834211 	 0.0678809046 	 0.1769212629 	 0.0003304043 	 0.0031958623 	 0.0000070555 	 0.0000025936 	 0.0000004571 	 0.7515780386 	
2535 	 7.9930036508 	2000.1835312977 	 0.1561127438 	 0.0000833279 	 0.0678812035 	 0.1769231432 	 0.0003300355 	 0.0031941640 	 0.0000070436 	 0.0000025926 	 0.0000004566 	 0.7515780332 	
2536 	 7.9930890178 	2000.2083540527 	 0.1561110768 	 0.0000832346 	 0.0678815023 	 0.1769250235 	 0.0003296667 	 0.0031924656 	 0.0000070317 	 0.0000025915 	 0.0000004561 	 0.7515780279 	
2537 	 7.9931743849 	2000.2331768077 	 0.1561094098 	 0.0000831414 	 0.0678818012 	 0.1769269038 	 0.0003292980 	 0.0031907673 	 0.0000070198 	 0.0000025905 	 0.0000004556 	 0.7515780226 	
2538 	 7.9932597519 	2000.2579995627 	 0.1561077428 	 0.0000830481 	 0.0678821000 	 0.1769287841 	 0.0003289292 	 0.0031890689 	 0.0000070079 	 0.0000025895 	 0.0000004550 	 0.7515780172 	
2539 	 7.9933451190 	2000.2828223177 	 0.1561060759 	 0.0000829548 	 0.0678823989 	 0.1769306644 	 0.0003285605 	 0.0031873706 	 0.0000069960 	 0.0000025885 	 0.0000004545 	 0.7515780119 	
2540 	 7.9934304860 	2000.3076450727 	 0.1561044089 	 0.0000828616 	 0.0678826977 	 0.1769325447 	 0.0003281917 	 0.0031856722 	 0.0000069841 	 0.0000025874 	 0.0000004540 	 0.7515780065 	
2541 	 7.9935158530 	2000.3324678277 	 0.1561027419 	 0.0000827683 	 0.0678829966 	 0.1769344250 	 0.0003278230 	 0.0031839739 	 0.0000069722 	 0.0000025864 	 0.0000004535 	 0.7515780012 	
2542 	 7.9936012201 	2000.3572905827 	 0.1561010749 	 0.0000826751 	 0.0678832954 	 0.1769363053 	 0.0003274542 	 0.0031822755 	 0.0000069603 	 0.0000025854 	 0.0000004530 	 0.7515779959 	
2543 	 7.9936865871 	2000.3821133377 	 0.1560994079 	 0.0000825818 	 0.0678835943 	 0.1769381856 	 0.0003270855 	 0.0031805772 	 0.0000069484 	 0.0000025843 	 0.0000004525 	 0.7515779905 	
2544 	 7.9937719542 	2000.4069360927 	 0.1560977409 	 0.0000824886 	 0.0678838931 	 0.1769400659 	 0.0003267167 	 0.0031788788 	 0.0000069365 	 0.0000025833 	 0.0000004519 	 0.7515779852 	
2545 	 7.9938573212 	2000.4317588477 	 0.1560960739 	 0.0000823953 	 0.0678841920 	 0.1769419462 	 0.0003263480 	 0.0031771805 	 0.0000069246 	 0.0000025823 	 0.0000004514 	 0.7515779798 	
2546 	 7.9939426883 	2000.4565816027 	 0.1560944069 	 0.0000823020 	 0.0678844908 	 0.1769438265 	 0.0003259792 	 0.0031754821 	 0.0000069127 	 0.0000025813 	 0.0000004509 	 0.7515779745 	
2547 	 7.9940280553 	2000.4814043577 	 0.1560927399 	 0.0000822088 	 0.0678847897 	 0.1769457068 	 0.0003256105 	 0.0031737838 	 0.0000069008 	 0.0000025802 	 0.0000004504 	 0.7515779692 	
2548 	 7.9941134224 	2000.5062271127 	 0.1560910729 	 0.0000821155 	 0.0678850885 	 0.1769475871 	 0.0003252417 	 0.0031720854 	 0.0000068888 	 0.0000025792 	 0.0000004499 	 0.7515779638 	
2549 	 7.9941987894 	2000.5310498676 	 0.1560894059 	 0.0000820223 	 0.0678853874 	 0.1769494674 	 0.0003248730 	 0.0031703871 	 0.0000068769 	 0.0000025782 	 0.0000004494 	 0.7515779585 	
2550 	 7.9942841564 	2000.5558726226 	 0.1560877390 	 0.0000819290 	 0.0678856862 	 0.1769513477 	 0.0003245042 	 0.0031686888 	 0.0000068650 	 0.0000025772 	 0.0000004488 	 0.7515779531 	
2551 	 7.9943695235 	2000.5806953776 	 0.1560860720 	 0.0000818357 	 0.0678859851 	 0.1769532280 	 0.0003241354 	 0.0031669904 	 0.0000068531 	 0.0000025761 	 0.0000004483 	 0.7515779478 	
2552 	 7.9944548905 	2000.6055181326 	 0.1560844050 	 0.0000817425 	 0.0678862839 	 0.1769551083 	 0.0003237667 	 0.0031652921 	 0.0000068412 	 0.0000025751 	 0.0000004478 	 0.7515779425 	
2553 	 7.9945402576 	2000.6303408876 	 0.1560827380 	 0.0000816492 	 0.0678865828 	 0.1769569886 	 0.0003233979 	 0.0031635937 	 0.0000068293 	 0.0000025741 	 0.0000004473 	 0.7515779371 	
2554 	 7.9946256246 	2000.6551636426 	 0.1560810710 	 0.0000815560 	 0.0678868816 	 0.1769588689 	 0.0003230292 	 0.0031618954 	 0.0000068174 	 0.0000025731 	 0.0000004468 	 0.7515779318 	
2555 	 7.9947109917 	2000.6799863976 	 0.1560794040 	 0.0000814627 	 0.0678871805 	 0.1769607492 	 0.0003226604 	 0.0031601970 	 0.0000068055 	 0.0000025720 	 0.0000004463 	 0.7515779264 	
2556 	 7.9947963587 	2000.7048091526 	 0.1560777370 	 0.0000813695 	 0.0678874793 	 0.1769626295 	 0.0003222917 	 0.0031584987 	 0.0000067936 	 0.0000025710 	 0.0000004457 	 0.7515779211 	
2557 	 7.9948796670 	2000.7290342275 	 0.1560761106 	 0.0000812786 	 0.0678877770 	 0.1769644661 	 0.0003219325 	 0.0031568325 	 0.0000067821 	 0.0000025700 	 0.0000004452 	 0.7515779159 	
2558 	 7.9949607035 	2000.7525997934 	 0.1560745290 	 0.0000811905 	 0.0678880734 	 0.1769662547 	 0.0003215840 	 0.0031552018 	 0.0000067710 	 0.0000025691 	 0.0000004448 	 0.7515779108 	
2559 	 7.9950417400 	2000.7761653592 	 0.1560729474 	 0.0000811023 	 0.0678883699 	 0.1769680433 	 0.0003212354 	 0.0031535711 	 0.0000067599 	 0.0000025681 	 0.0000004443 	 0.7515779058 	
2560 	 7.9951227765 	2000.7997309251 	 0.1560713658 	 0.0000810141 	 0.0678886663 	 0.1769698318 	 0.0003208869 	 0.0031519404 	 0.0000067488 	 0.0000025672 	 0.0000004438 	 0.7515779007 	
2561 	 7.9952038131 	2000.8232964910 	 0.1560697841 	 0.0000809260 	 0.0678889627 	 0.1769716204 	 0.0003205383 	 0.0031503097 	 0.0000067377 	 0.0000025662 	 0.0000004433 	 0.7515778957 	
2562 	 7.9952848496 	2000.8468620568 	 0.1560682025 	 0.0000808378 	 0.0678892591 	 0.1769734090 	 0.0003201898 	 0.0031486790 	 0.0000067266 	 0.0000025652 	 0.0000004428 	 0.7515778906 	
2563 	 7.9953658861 	2000.8704276227 	 0.1560666209 	 0.0000807497 	 0.0678895556 	 0.1769751975 	 0.0003198412 	 0.0031470483 	 0.0000067155 	 0.0000025643 	 0.0000004423 	 0.7515778856 	
2564 	 7.9954469226 	2000.8939931885 	 0.1560650393 	 0.0000806615 	 0.0678898520 	 0.1769769861 	 0.0003194927 	 0.0031454176 	 0.0000067044 	 0.0000025633 	 0.0000004418 	 0.7515778805 	
2565 	 7.9955279591 	2000.9175587544 	 0.1560634577 	 0.0000805734 	 0.0678901484 	 0.1769787746 	 0.0003191441 	 0.0031437869 	 0.0000066934 	 0.0000025624 	 0.0000004413 	 0.7515778755 	
2566 	 7.9956089956 	2000.9411243203 	 0.1560618760 	 0.0000804852 	 0.0678904448 	 0.1769805632 	 0.0003187956 	 0.0031421562 	 0.0000066823 	 0.0000025614 	 0.0000004409 	 0.7515778704 	
2567 	 7.9956900322 	2000.9646898861 	 0.1560602944 	 0.0000803970 	 0.0678907413 	 0.1769823518 	 0.0003184471 	 0.0031405255 	 0.0000066712 	 0.0000025605 	 0.0000004404 	 0.7515778654 	
2568 	 7.9957710687 	2000.9882554520 	 0.1560587128 	 0.0000803089 	 0.0678910377 	 0.1769841403 	 0.0003180985 	 0.0031388949 	 0.0000066601 	 0.0000025595 	 0.0000004399 	 0.7515778603 	
2569 	 7.9958521052 	2001.0118210178 	 0.1560571312 	 0.0000802207 	 0.0678913341 	 0.1769859289 	 0.0003177500 	 0.0031372642 	 0.0000066490 	 0.0000025586 	 0.0000004394 	 0.7515778552 	
2570 	 7.9959331417 	2001.0353865837 	 0.1560555496 	 0.0000801326 	 0.0678916305 	 0.1769877174 	 0.0003174014 	 0.0031356335 	 0.0000066379 	 0.0000025576 	 0.0000004389 	 0.7515778502 	
2571 	 7.9960141782 	2001.0589521495 	 0.1560539680 	 0.0000800444 	 0.0678919270 	 0.1769895060 	 0.0003170529 	 0.0031340028 	 0.0000066268 	 0.0000025567 	 0.0000004384 	 0.7515778451 	
2572 	 7.9960952148 	2001.0825177154 	 0.1560523863 	 0.0000799562 	 0.0678922234 	 0.1769912946 	 0.0003167043 	 0.0031323721 	 0.0000066157 	 0.0000025557 	 0.0000004379 	 0.7515778401 	
2573 	 7.9961762513 	2001.1060832813 	 0.1560508047 	 0.0000798681 	 0.0678925198 	 0.1769930831 	 0.0003163558 	 0.0031307414 	 0.0000066046 	 0.0000025548 	 0.0000004374 	 0.7515778350 	
2574 	 7.9962572878 	2001.1296488471 	 0.1560492231 	 0.0000797799 	 0.0678928162 	 0.1769948717 	 0.0003160072 	 0.0031291107 	 0.0000065935 	 0.0000025538 	 0.0000004370 	 0.7515778300 	
2575 	 7.9963383243 	2001.1532144130 	 0.1560476415 	 0.0000796918 	 0.0678931127 	 0.1769966603 	 0.0003156587 	 0.0031274800 	 0.0000065824 	 0.0000025529 	 0.0000004365 	 0.7515778249 	
2576 	 7.9964193608 	2001.1767799788 	 0.1560460599 	 0.0000796036 	 0.0678934091 	 0.1769984488 	 0.0003153101 	 0.0031258493 	 0.0000065714 	 0.0000025519 	 0.0000004360 	 0.7515778199 	
2577 	 7.9965003973 	2001.2003455447 	 0.1560444783 	 0.0000795154 	 0.0678937055 	 0.1770002374 	 0.0003149616 	 0.0031242186 	 0.0000065603 	 0.0000025510 	 0.0000004355 	 0.7515778148 	
2578 	 7.9965814339 	2001.2239111106 	 0.1560428966 	 0.0000794273 	 0.0678940019 	 0.1770020259 	 0.0003146130 	 0.0031225879 	 0.0000065492 	 0.0000025500 	 0.0000004350 	 0.7515778098 	
2579 	 7.9966624704 	2001.2474766764 	 0.1560413150 	 0.0000793391 	 0.0678942983 	 0.1770038145 	 0.0003142645 	 0.0031209572 	 0.0000065381 	 0.0000025491 	 0.0000004345 	 0.7515778047 	
2580 	 7.9967435069 	2001.2710422423 	 0.1560397334 	 0.0000792510 	 0.0678945948 	 0.1770056031 	 0.0003139159 	 0.0031193265 	 0.0000065270 	 0.0000025481 	 0.0000004340 	 0.7515777996 	
2581 	 7.9968245434 	2001.2946078081 	 0.1560381518 	 0.0000791628 	 0.0678948912 	 0.1770073916 	 0.0003135674 	 0.0031176958 	 0.0000065159 	 0.0000025472 	 0.0000004336 	 0.7515777946 	
2582 	 7.9969019806 	2001.3171281684 	 0.1560366411 	 0.0000790789 	 0.0678951849 	 0.1770091037 	 0.0003132356 	 0.0031161224 	 0.0000065055 	 0.0000025463 	 0.0000004331 	 0.7515777898 	
2583 	 7.9969789885 	2001.3395238710 	 0.1560351388 	 0.0000789954 	 0.0678954783 	 0.1770108067 	 0.0003129058 	 0.0031145557 	 0.0000064951 	 0.0000025454 	 0.0000004326 	 0.7515777850 	
2584 	 7.9970559963 	2001.3619195737 	 0.1560336365 	 0.0000789120 	 0.0678957717 	 0.1770125096 	 0.0003125760 	 0.0031129891 	 0.0000064848 	 0.0000025445 	 0.0000004322 	 0.7515777802 	
2585 	 7.9971330042 	2001.3843152764 	 0.1560321343 	 0.0000788286 	 0.0678960651 	 0.1770142126 	 0.0003122462 	 0.0031114224 	 0.0000064744 	 0.0000025436 	 0.0000004317 	 0.7515777754 	
2586 	 7.9972100121 	2001.4067109791 	 0.1560306320 	 0.0000787452 	 0.0678963586 	 0.1770159155 	 0.0003119164 	 0.0031098558 	 0.0000064641 	 0.0000025427 	 0.0000004312 	 0.7515777706 	
2587 	 7.9972870200 	2001.4291066817 	 0.1560291298 	 0.0000786617 	 0.0678966520 	 0.1770176185 	 0.0003115866 	 0.0031082891 	 0.0000064537 	 0.0000025418 	 0.0000004308 	 0.7515777658 	
2588 	 7.9973640278 	2001.4515023844 	 0.1560276275 	 0.0000785783 	 0.0678969454 	 0.1770193215 	 0.0003112567 	 0.0031067225 	 0.0000064434 	 0.0000025410 	 0.0000004303 	 0.7515777610 	
2589 	 7.9974410357 	2001.4738980871 	 0.1560261253 	 0.0000784949 	 0.0678972388 	 0.1770210244 	 0.0003109269 	 0.0031051558 	 0.0000064330 	 0.0000025401 	 0.0000004299 	 0.7515777562 	
2590 	 7.9975180436 	2001.4962937898 	 0.1560246230 	 0.0000784114 	 0.0678975322 	 0.1770227274 	 0.0003105971 	 0.0031035892 	 0.0000064227 	 0.0000025392 	 0.0000004294 	 0.7515777514 	
2591 	 7.9975950515 	2001.5186894924 	 0.1560231207 	 0.0000783280 	 0.0678978256 	 0.1770244303 	 0.0003102673 	 0.0031020225 	 0.0000064123 	 0.0000025383 	 0.0000004289 	 0.7515777466 	
2592 	 7.9976720593 	2001.5410851951 	 0.1560216185 	 0.0000782446 	 0.0678981190 	 0.1770261333 	 0.0003099375 	 0.0031004559 	 0.0000064020 	 0.0000025374 	 0.0000004285 	 0.7515777418 	
2593 	 7.9977490672 	2001.5634808978 	 0.1560201162 	 0.0000781612 	 0.0678984124 	 0.1770278363 	 0.0003096077 	 0.0030988893 	 0.0000063916 	 0.0000025365 	 0.0000004280 	 0.7515777370 	
2594 	 7.9978260751 	2001.5858766005 	 0.1560186140 	 0.0000780777 	 0.0678987058 	 0.1770295392 	 0.0003092779 	 0.0030973226 	 0.0000063813 	 0.0000025357 	 0.0000004276 	 0.7515777322 	
2595 	 7.9979030830 	2001.6082723031 	 0.1560171117 	 0.0000779943 	 0.0678989992 	 0.1770312422 	 0.0003089481 	 0.0030957560 	 0.0000063709 	 0.0000025348 	 0.0000004271 	 0.7515777274 	
2596 	 7.9979800908 	2001.6306680058 	 0.1560156094 	 0.0000779109 	 0.0678992926 	 0.1770329451 	 0.0003086183 	 0.0030941893 	 0.0000063606 	 0.0000025339 	 0.0000004266 	 0.7515777227 	
2597 	 7.9980570987 	2001.6530637085 	 0.1560141072 	 0.0000778275 	 0.0678995860 	 0.1770346481 	 0.0003082885 	 0.0030926227 	 0.0000063502 	 0.0000025330 	 0.0000004262 	 0.7515777179 	
2598 	 7.9981341066 	2001.6754594112 	 0.1560126049 	 0.0000777440 	 0.0678998795 	 0.1770363510 	 0.0003079587 	 0.0030910560 	 0.0000063399 	 0.0000025321 	 0.0000004257 	 0.7515777131 	
2599 	 7.9982111145 	2001.6978551138 	 0.1560111027 	 0.0000776606 	 0.0679001729 	 0.1770380540 	 0.0003076289 	 0.0030894894 	 0.0000063295 	 0.0000025312 	 0.0000004253 	 0.7515777083 	
2600 	 7.9982881223 	2001.7202508165 	 0.1560096004 	 0.0000775772 	 0.0679004663 	 0.1770397570 	 0.0003072991 	 0.0030879227 	 0.0000063192 	 0.0000025304 	 0.0000004248 	 0.7515777035 	
2601 	 7.9983651302 	2001.7426465192 	 0.1560080981 	 0.0000774937 	 0.0679007597 	 0.1770414599 	 0.0003069693 	 0.0030863561 	 0.0000063089 	 0.0000025295 	 0.0000004243 	 0.7515776987 	
2602 	 7.9984421381 	2001.7650422219 	 0.1560065959 	 0.0000774103 	 0.0679010531 	 0.1770431629 	 0.0003066395 	 0.0030847894 	 0.0000062985 	 0.0000025286 	 0.0000004239 	 0.7515776939 	
2603 	 7.9985191460 	2001.7874379245 	 0.1560050936 	 0.0000773269 	 0.0679013465 	 0.1770448658 	 0.0003063097 	 0.0030832228 	 0.0000062882 	 0.0000025277 	 0.0000004234 	 0.7515776891 	
2604 	 7.9985961538 	2001.8098336272 	 0.1560035914 	 0.0000772435 	 0.0679016399 	 0.1770465688 	 0.0003059799 	 0.0030816561 	 0.0000062778 	 0.0000025268 	 0.0000004230 	 0.7515776843 	
2605 	 7.9986731617 	2001.8322293299 	 0.1560020891 	 0.0000771600 	 0.0679019333 	 0.1770482718 	 0.0003056501 	 0.0030800895 	 0.0000062675 	 0.0000025259 	 0.0000004225 	 0.7515776795 	
2606 	 7.9987490003 	2001.8542853940 	 0.1560006099 	 0.0000770780 	 0.0679022256 	 0.1770499498 	 0.0003053257 	 0.0030785418 	 0.0000062573 	 0.0000025251 	 0.0000004220 	 0.7515776748 	
2607 	 7.9988222544 	2001.8755906783 	 0.1559991815 	 0.0000769989 	 0.0679025155 	 0.1770515727 	 0.0003050133 	 0.0030770358 	 0.0000062477 	 0.0000025242 	 0.0000004216 	 0.7515776702 	
2608 	 7.9988955084 	2001.8968959626 	 0.1559977531 	 0.0000769199 	 0.0679028054 	 0.1770531957 	 0.0003047009 	 0.0030755299 	 0.0000062380 	 0.0000025234 	 0.0000004212 	 0.7515776657 	
2609 	 7.9989687624 	2001.9182012468 	 0.1559963247 	 0.0000768409 	 0.0679030953 	 0.1770548186 	 0.0003043885 	 0.0030740240 	 0.0000062283 	 0.0000025226 	 0.0000004207 	 0.7515776611 	
2610 	 7.9990420164 	2001.9395065311 	 0.1559948964 	 0.0000767619 	 0.0679033852 	 0.1770564416 	 0.0003040761 	 0.0030725180 	 0.0000062186 	 0.0000025218 	 0.0000004203 	 0.7515776565 	
2611 	 7.9991152705 	2001.9608118153 	 0.1559934680 	 0.0000766828 	 0.0679036750 	 0.1770580645 	 0.0003037637 	 0.0030710121 	 0.0000062090 	 0.0000025210 	 0.0000004199 	 0.7515776520 	
2612 	 7.9991885245 	2001.9821170996 	 0.1559920396 	 0.0000766038 	 0.0679039649 	 0.1770596875 	 0.0003034513 	 0.0030695062 	 0.0000061993 	 0.0000025201 	 0.0000004194 	 0.7515776474 	
2613 	 7.9992617785 	2002.0034223838 	 0.1559906113 	 0.0000765248 	 0.0679042548 	 0.1770613104 	 0.0003031390 	 0.0030680002 	 0.0000061896 	 0.0000025193 	 0.0000004190 	 0.7515776429 	
2614 	 7.9993350325 	2002.0247276681 	 0.1559891829 	 0.0000764457 	 0.0679045447 	 0.1770629334 	 0.0003028266 	 0.0030664943 	 0.0000061800 	 0.0000025185 	 0.0000004186 	 0.7515776383 	
2615 	 7.9994082865 	2002.0460329523 	 0.1559877545 	 0.0000763667 	 0.0679048346 	 0.1770645563 	 0.0003025142 	 0.0030649884 	 0.0000061703 	 0.0000025177 	 0.0000004181 	 0.7515776337 	
2616 	 7.9994815406 	2002.0673382366 	 0.1559863262 	 0.0000762877 	 0.0679051245 	 0.1770661793 	 0.0003022018 	 0.0030634825 	 0.0000061606 	 0.0000025169 	 0.0000004177 	 0.7515776292 	
2617 	 7.9995547946 	2002.0886435208 	 0.1559848978 	 0.0000762087 	 0.0679054144 	 0.1770678022 	 0.0003018894 	 0.0030619765 	 0.0000061510 	 0.0000025160 	 0.0000004173 	 0.7515776246 	
2618 	 7.9996280486 	2002.1099488051 	 0.1559834694 	 0.0000761296 	 0.0679057042 	 0.1770694252 	 0.0003015770 	 0.0030604706 	 0.0000061413 	 0.0000025152 	 0.0000004168 	 0.7515776201 	
2619 	 7.9997013026 	2002.1312540893 	 0.1559820411 	 0.0000760506 	 0.0679059941 	 0.1770710481 	 0.0003012646 	 0.0030589647 	 0.0000061316 	 0.0000025144 	 0.0000004164 	 0.7515776155 	
2620 	 7.9997745566 	2002.1525593736 	 0.1559806127 	 0.0000759716 	 0.0679062840 	 0.1770726711 	 0.0003009522 	 0.0030574587 	 0.0000061220 	 0.0000025136 	 0.0000004159 	 0.7515776109 	
2621 	 7.9998478107 	2002.1738646578 	 0.1559791843 	 0.0000758925 	 0.0679065739 	 0.1770742940 	 0.0003006399 	 0.0030559528 	 0.0000061123 	 0.0000025128 	 0.0000004155 	 0.7515776064 	
2622 	 7.9999210647 	2002.1951699421 	 0.1559777559 	 0.0000758135 	 0.0679068638 	 0.1770759170 	 0.0003003275 	 0.0030544469 	 0.0000061026 	 0.0000025119 	 0.0000004151 	 0.7515776018 	
2623 	 7.9999943187 	2002.2164752263 	 0.1559763276 	 0.0000757345 	 0.0679071537 	 0.1770775399 	 0.0003000151 	 0.0030529409 	 0.0000060930 	 0.0000025111 	 0.0000004146 	 0.7515775973 	
2624 	 8.0000675727 	2002.2377805106 	 0.1559748992 	 0.0000756554 	 0.0679074435 	 0.1770791629 	 0.0002997027 	 0.0030514350 	 0.0000060833 	 0.0000025103 	 0.0000004142 	 0.7515775927 	
2625 	 8.0001408267 	2002.2590857948 	 0.1559734708 	 0.0000755764 	 0.0679077334 	 0.1770807858 	 0.0002993903 	 0.0030499291 	 0.0000060736 	 0.0000025095 	 0.0000004138 	 0.7515775881 	
2626 	 8.0002140808 	2002.2803910791 	 0.1559720425 	 0.0000754974 	 0.0679080233 	 0.1770824088 	 0.0002990779 	 0.0030484232 	 0.0000060639 	 0.0000025087 	 0.0000004133 	 0.7515775836 	
2627 	 8.0002873348 	2002.3016963633 	 0.1559706141 	 0.0000754184 	 0.0679083132 	 0.1770840317 	 0.0002987655 	 0.0030469172 	 0.0000060543 	 0.0000025078 	 0.0000004129 	 0.7515775790 	
2628 	 8.0003605888 	2002.3230016476 	 0.1559691857 	 0.0000753393 	 0.0679086031 	 0.1770856546 	 0.0002984531 	 0.0030454113 	 0.0000060446 	 0.0000025070 	 0.0000004125 	 0.7515775745 	
2629 	 8.0004338428 	2002.3443069318 	 0.1559677574 	 0.0000752603 	 0.0679088930 	 0.1770872776 	 0.0002981407 	 0.0030439054 	 0.0000060349 	 0.0000025062 	 0.0000004120 	 0.7515775699 	
2630 	 8.0005070968 	2002.3656122161 	 0.1559663290 	 0.0000751813 	 0.0679091829 	 0.1770889005 	 0.0002978284 	 0.0030423994 	 0.0000060253 	 0.0000025054 	 0.0000004116 	 0.7515775653 	
2631 	 8.0005777953 	2002.3861748168 	 0.1559649509 	 0.0000751052 	 0.0679094698 	 0.1770904688 	 0.0002975278 	 0.0030409356 	 0.0000060161 	 0.0000025046 	 0.0000004112 	 0.7515775609 	
2632 	 8.0006475461 	2002.4064620405 	 0.1559635914 	 0.0000750303 	 0.0679097558 	 0.1770920169 	 0.0002972316 	 0.0030394873 	 0.0000060070 	 0.0000025038 	 0.0000004108 	 0.7515775566 	
2633 	 8.0007172970 	2002.4267492642 	 0.1559622319 	 0.0000749554 	 0.0679100417 	 0.1770935649 	 0.0002969355 	 0.0030380390 	 0.0000059980 	 0.0000025031 	 0.0000004104 	 0.7515775522 	
2634 	 8.0007870478 	2002.4470364879 	 0.1559608725 	 0.0000748804 	 0.0679103276 	 0.1770951130 	 0.0002966393 	 0.0030365908 	 0.0000059889 	 0.0000025023 	 0.0000004099 	 0.7515775478 	
2635 	 8.0008567987 	2002.4673237115 	 0.1559595130 	 0.0000748055 	 0.0679106135 	 0.1770966610 	 0.0002963431 	 0.0030351425 	 0.0000059799 	 0.0000025016 	 0.0000004095 	 0.7515775435 	
2636 	 8.0009265496 	2002.4876109352 	 0.1559581536 	 0.0000747306 	 0.0679108994 	 0.1770982090 	 0.0002960470 	 0.0030336942 	 0.0000059708 	 0.0000025008 	 0.0000004091 	 0.7515775391 	
2637 	 8.0009963004 	2002.5078981589 	 0.1559567941 	 0.0000746556 	 0.0679111853 	 0.1770997571 	 0.0002957508 	 0.0030322460 	 0.0000059618 	 0.0000025000 	 0.0000004087 	 0.7515775348 	
2638 	 8.0010660513 	2002.5281853826 	 0.1559554346 	 0.0000745807 	 0.0679114712 	 0.1771013051 	 0.0002954546 	 0.0030307977 	 0.0000059527 	 0.0000024993 	 0.0000004083 	 0.7515775304 	
2639 	 8.0011358021 	2002.5484726063 	 0.1559540752 	 0.0000745058 	 0.0679117571 	 0.1771028531 	 0.0002951584 	 0.0030293494 	 0.0000059437 	 0.0000024985 	 0.0000004079 	 0.7515775260 	
2640 	 8.0012055530 	2002.5687598299 	 0.1559527157 	 0.0000744309 	 0.0679120430 	 0.1771044012 	 0.0002948623 	 0.0030279012 	 0.0000059346 	 0.0000024977 	 0.0000004075 	 0.7515775217 	
2641 	 8.0012753039 	2002.5890470536 	 0.1559513562 	 0.0000743559 	 0.0679123289 	 0.1771059492 	 0.0002945661 	 0.0030264529 	 0.0000059256 	 0.0000024970 	 0.0000004071 	 0.7515775173 	
2642 	 8.0013450547 	2002.6093342773 	 0.1559499968 	 0.0000742810 	 0.0679126148 	 0.1771074973 	 0.0002942699 	 0.0030250046 	 0.0000059165 	 0.0000024962 	 0.0000004066 	 0.7515775130 	
2643 	 8.0014148056 	2002.6296215010 	 0.1559486373 	 0.0000742061 	 0.0679129007 	 0.1771090453 	 0.0002939738 	 0.0030235564 	 0.0000059075 	 0.0000024955 	 0.0000004062 	 0.7515775086 	
2644 	 8.0014845564 	2002.6499087247 	 0.1559472778 	 0.0000741311 	 0.0679131867 	 0.1771105933 	 0.0002936776 	 0.0030221081 	 0.0000058985 	 0.0000024947 	 0.0000004058 	 0.7515775042 	
2645 	 8.0015543073 	2002.6701959484 	 0.1559459184 	 0.0000740562 	 0.0679134726 	 0.1771121414 	 0.0002933814 	 0.0030206598 	 0.0000058894 	 0.0000024939 	 0.0000004054 	 0.7515774999 	
2646 	 8.0016240581 	2002.6904831720 	 0.1559445589 	 0.0000739813 	 0.0679137585 	 0.1771136894 	 0.0002930853 	 0.0030192116 	 0.0000058804 	 0.0000024932 	 0.0000004050 	 0.7515774955 	
2647 	 8.0016938090 	2002.7107703957 	 0.1559431994 	 0.0000739063 	 0.0679140444 	 0.1771152374 	 0.0002927891 	 0.0030177633 	 0.0000058713 	 0.0000024924 	 0.0000004046 	 0.7515774912 	
2648 	 8.0017635599 	2002.7310576194 	 0.1559418400 	 0.0000738314 	 0.0679143303 	 0.1771167855 	 0.0002924929 	 0.0030163150 	 0.0000058623 	 0.0000024917 	 0.0000004042 	 0.7515774868 	
2649 	 8.0018333107 	2002.7513448431 	 0.1559404805 	 0.0000737565 	 0.0679146162 	 0.1771183335 	 0.0002921968 	 0.0030148668 	 0.0000058532 	 0.0000024909 	 0.0000004038 	 0.7515774824 	
2650 	 8.0019030616 	2002.7716320668 	 0.1559391210 	 0.0000736815 	 0.0679149021 	 0.1771198816 	 0.0002919006 	 0.0030134185 	 0.0000058442 	 0.0000024901 	 0.0000004033 	 0.7515774781 	
2651 	 8.0019728124 	2002.7919192904 	 0.1559377616 	 0.0000736066 	 0.0679151880 	 0.1771214296 	 0.0002916044 	 0.0030119702 	 0.0000058351 	 0.0000024894 	 0.0000004029 	 0.7515774737 	
2652 	 8.0020425633 	2002.8122065141 	 0.1559364021 	 0.0000735317 	 0.0679154739 	 0.1771229776 	 0.0002913082 	 0.0030105220 	 0.0000058261 	 0.0000024886 	 0.0000004025 	 0.7515774694 	
2653 	 8.0021123142 	2002.8324937378 	 0.1559350427 	 0.0000734567 	 0.0679157598 	 0.1771245257 	 0.0002910121 	 0.0030090737 	 0.0000058170 	 0.0000024878 	 0.0000004021 	 0.7515774650 	
2654 	 8.0021820650 	2002.8527809615 	 0.1559336832 	 0.0000733818 	 0.0679160457 	 0.1771260737 	 0.0002907159 	 0.0030076254 	 0.0000058080 	 0.0000024871 	 0.0000004017 	 0.7515774606 	
2655 	 8.0022513327 	2002.8729276790 	 0.1559323332 	 0.0000733075 	 0.0679163310 	 0.1771276114 	 0.0002904220 	 0.0030061853 	 0.0000057990 	 0.0000024863 	 0.0000004013 	 0.7515774563 	
2656 	 8.0023178091 	2002.8922625830 	 0.1559310381 	 0.0000732363 	 0.0679166125 	 0.1771290891 	 0.0002901410 	 0.0030047919 	 0.0000057906 	 0.0000024856 	 0.0000004009 	 0.7515774521 	
2657 	 8.0023842854 	2002.9115974870 	 0.1559297430 	 0.0000731652 	 0.0679168940 	 0.1771305669 	 0.0002898599 	 0.0030033986 	 0.0000057821 	 0.0000024849 	 0.0000004005 	 0.7515774479 	
2658 	 8.0024507617 	2002.9309323910 	 0.1559284479 	 0.0000730941 	 0.0679171755 	 0.1771320446 	 0.0002895789 	 0.0030020052 	 0.0000057736 	 0.0000024842 	 0.0000004001 	 0.7515774437 	
2659 	 8.0025172380 	2002.9502672950 	 0.1559271528 	 0.0000730230 	 0.0679174570 	 0.1771335224 	 0.0002892979 	 0.0030006119 	 0.0000057651 	 0.0000024835 	 0.0000003997 	 0.7515774395 	
2660 	 8.0025837144 	2002.9696021990 	 0.1559258577 	 0.0000729519 	 0.0679177384 	 0.1771350001 	 0.0002890169 	 0.0029992185 	 0.0000057567 	 0.0000024828 	 0.0000003993 	 0.7515774353 	
2661 	 8.0026501907 	2002.9889371030 	 0.1559245626 	 0.0000728808 	 0.0679180199 	 0.1771364779 	 0.0002887358 	 0.0029978252 	 0.0000057482 	 0.0000024821 	 0.0000003989 	 0.7515774311 	
2662 	 8.0027166670 	2003.0082720070 	 0.1559232675 	 0.0000728097 	 0.0679183014 	 0.1771379557 	 0.0002884548 	 0.0029964319 	 0.0000057397 	 0.0000024814 	 0.0000003985 	 0.7515774269 	
2663 	 8.0027831433 	2003.0276069111 	 0.1559219724 	 0.0000727386 	 0.0679185829 	 0.1771394334 	 0.0002881738 	 0.0029950385 	 0.0000057312 	 0.0000024807 	 0.0000003982 	 0.7515774227 	
2664 	 8.0028496197 	2003.0469418151 	 0.1559206773 	 0.0000726675 	 0.0679188644 	 0.1771409112 	 0.0002878928 	 0.0029936452 	 0.0000057228 	 0.0000024800 	 0.0000003978 	 0.7515774185 	
2665 	 8.0029160960 	2003.0662767191 	 0.1559193822 	 0.0000725964 	 0.0679191459 	 0.1771423889 	 0.0002876118 	 0.0029922518 	 0.0000057143 	 0.0000024793 	 0.0000003974 	 0.7515774143 	
2666 	 8.0029825723 	2003.0856116231 	 0.1559180871 	 0.0000725253 	 0.0679194274 	 0.1771438667 	 0.0002873307 	 0.0029908585 	 0.0000057058 	 0.0000024786 	 0.0000003970 	 0.7515774101 	
2667 	 8.0030490487 	2003.1049465271 	 0.1559167920 	 0.0000724542 	 0.0679197089 	 0.1771453444 	 0.0002870497 	 0.0029894651 	 0.0000056974 	 0.0000024778 	 0.0000003966 	 0.7515774059 	
2668 	 8.0031155250 	2003.1242814311 	 0.1559154969 	 0.0000723831 	 0.0679199904 	 0.1771468222 	 0.0002867687 	 0.0029880718 	 0.0000056889 	 0.0000024771 	 0.0000003962 	 0.7515774017 	
2669 	 8.0031820013 	2003.1436163351 	 0.1559142018 	 0.0000723120 	 0.0679202718 	 0.1771482999 	 0.0002864877 	 0.0029866784 	 0.0000056804 	 0.0000024764 	 0.0000003958 	 0.7515773975 	
2670 	 8.0032484776 	2003.1629512391 	 0.1559129067 	 0.0000722409 	 0.0679205533 	 0.1771497777 	 0.0002862066 	 0.0029852851 	 0.0000056719 	 0.0000024757 	 0.0000003954 	 0.7515773933 	
2671 	 8.0033149540 	2003.1822861431 	 0.1559116116 	 0.0000721698 	 0.0679208348 	 0.1771512554 	 0.0002859256 	 0.0029838918 	 0.0000056635 	 0.0000024750 	 0.0000003950 	 0.7515773891 	
2672 	 8.0033814303 	2003.2016210471 	 0.1559103165 	 0.0000720987 	 0.0679211163 	 0.1771527332 	 0.0002856446 	 0.0029824984 	 0.0000056550 	 0.0000024743 	 0.0000003946 	 0.7515773849 	
2673 	 8.0034479066 	2003.2209559511 	 0.1559090214 	 0.0000720276 	 0.0679213978 	 0.1771542109 	 0.0002853636 	 0.0029811051 	 0.0000056465 	 0.0000024736 	 0.0000003943 	 0.7515773807 	
2674 	 8.0035143829 	2003.2402908551 	 0.1559077263 	 0.0000719565 	 0.0679216793 	 0.1771556887 	 0.0002850825 	 0.0029797117 	 0.0000056380 	 0.0000024729 	 0.0000003939 	 0.7515773765 	
2675 	 8.0035808593 	2003.2596257591 	 0.1559064312 	 0.0000718854 	 0.0679219608 	 0.1771571664 	 0.0002848015 	 0.0029783184 	 0.0000056296 	 0.0000024722 	 0.0000003935 	 0.7515773723 	
2676 	 8.0036473356 	2003.2789606632 	 0.1559051361 	 0.0000718143 	 0.0679222423 	 0.1771586442 	 0.0002845205 	 0.0029769250 	 0.0000056211 	 0.0000024715 	 0.0000003931 	 0.7515773681 	
2677 	 8.0037138119 	2003.2982955672 	 0.1559038410 	 0.0000717432 	 0.0679225237 	 0.1771601219 	 0.0002842395 	 0.0029755317 	 0.0000056126 	 0.0000024708 	 0.0000003927 	 0.7515773639 	
2678 	 8.0037802882 	2003.3176304712 	 0.1559025459 	 0.0000716721 	 0.0679228052 	 0.1771615997 	 0.0002839585 	 0.0029741383 	 0.0000056042 	 0.0000024701 	 0.0000003923 	 0.7515773597 	
2679 	 8.0038467646 	2003.3369653752 	 0.1559012508 	 0.0000716010 	 0.0679230867 	 0.1771630775 	 0.0002836774 	 0.0029727450 	 0.0000055957 	 0.0000024694 	 0.0000003919 	 0.7515773555 	
2680 	 8.0039115051 	2003.3557948545 	 0.1558999898 	 0.0000715320 	 0.0679233654 	 0.1771645178 	 0.0002834045 	 0.0029713814 	 0.0000055875 	 0.0000024687 	 0.0000003915 	 0.7515773513 	
2681 	 8.0039749124 	2003.3742361089 	 0.1558987550 	 0.0000714645 	 0.0679236420 	 0.1771659293 	 0.0002831376 	 0.0029700406 	 0.0000055796 	 0.0000024680 	 0.0000003912 	 0.7515773472 	
2682 	 8.0040383196 	2003.3926773634 	 0.1558975202 	 0.0000713969 	 0.0679239186 	 0.1771673409 	 0.0002828708 	 0.0029686999 	 0.0000055716 	 0.0000024674 	 0.0000003908 	 0.7515773431 	
2683 	 8.0041017269 	2003.4111186179 	 0.1558962853 	 0.0000713294 	 0.0679241952 	 0.1771687524 	 0.0002826040 	 0.0029673591 	 0.0000055637 	 0.0000024667 	 0.0000003904 	 0.7515773390 	
2684 	 8.0041651341 	2003.4295598724 	 0.1558950505 	 0.0000712619 	 0.0679244718 	 0.1771701640 	 0.0002823372 	 0.0029660184 	 0.0000055557 	 0.0000024661 	 0.0000003900 	 0.7515773349 	
2685 	 8.0042285414 	2003.4480011269 	 0.1558938157 	 0.0000711944 	 0.0679247483 	 0.1771715755 	 0.0002820704 	 0.0029646776 	 0.0000055478 	 0.0000024654 	 0.0000003897 	 0.7515773308 	
2686 	 8.0042919486 	2003.4664423814 	 0.1558925809 	 0.0000711269 	 0.0679250249 	 0.1771729871 	 0.0002818036 	 0.0029633369 	 0.0000055398 	 0.0000024647 	 0.0000003893 	 0.7515773267 	
2687 	 8.0043553559 	2003.4848836359 	 0.1558913461 	 0.0000710594 	 0.0679253015 	 0.1771743987 	 0.0002815368 	 0.0029619961 	 0.0000055319 	 0.0000024641 	 0.0000003889 	 0.7515773226 	
2688 	 8.0044187631 	2003.5033248904 	 0.1558901113 	 0.0000709919 	 0.0679255781 	 0.1771758102 	 0.0002812699 	 0.0029606554 	 0.0000055239 	 0.0000024634 	 0.0000003886 	 0.7515773185 	
2689 	 8.0044821704 	2003.5217661448 	 0.1558888764 	 0.0000709244 	 0.0679258547 	 0.1771772218 	 0.0002810031 	 0.0029593146 	 0.0000055160 	 0.0000024628 	 0.0000003882 	 0.7515773144 	
2690 	 8.0045455776 	2003.5402073993 	 0.1558876416 	 0.0000708569 	 0.0679261312 	 0.1771786333 	 0.0002807363 	 0.0029579739 	 0.0000055081 	 0.0000024621 	 0.0000003878 	 0.7515773103 	
2691 	 8.0046089849 	2003.5586486538 	 0.1558864068 	 0.0000707894 	 0.0679264078 	 0.1771800449 	 0.0002804695 	 0.0029566332 	 0.0000055001 	 0.0000024615 	 0.0000003874 	 0.7515773062 	
2692 	 8.0046723922 	2003.5770899083 	 0.1558851720 	 0.0000707219 	 0.0679266844 	 0.1771814564 	 0.0002802027 	 0.0029552924 	 0.0000054922 	 0.0000024608 	 0.0000003871 	 0.7515773021 	
2693 	 8.0047357994 	2003.5955311628 	 0.1558839372 	 0.0000706544 	 0.0679269610 	 0.1771828680 	 0.0002799359 	 0.0029539517 	 0.0000054842 	 0.0000024602 	 0.0000003867 	 0.7515772980 	
2694 	 8.0047992067 	2003.6139724173 	 0.1558827024 	 0.0000705869 	 0.0679272376 	 0.1771842795 	 0.0002796691 	 0.0029526109 	 0.0000054763 	 0.0000024595 	 0.0000003863 	 0.7515772939 	
2695 	 8.0048626139 	2003.6324136718 	 0.1558814675 	 0.0000705194 	 0.0679275141 	 0.1771856911 	 0.0002794023 	 0.0029512702 	 0.0000054683 	 0.0000024588 	 0.0000003860 	 0.7515772899 	
2696 	 8.0049260212 	2003.6508549263 	 0.1558802327 	 0.0000704519 	 0.0679277907 	 0.1771871027 	 0.0002791354 	 0.0029499294 	 0.0000054604 	 0.0000024582 	 0.0000003856 	 0.7515772858 	
2697 	 8.0049894284 	2003.6692961807 	 0.1558789979 	 0.0000703844 	 0.0679280673 	 0.1771885142 	 0.0002788686 	 0.0029485887 	 0.0000054524 	 0.0000024575 	 0.0000003852 	 0.7515772817 	
2698 	 8.0050528357 	2003.6877374352 	 0.1558777631 	 0.0000703169 	 0.0679283439 	 0.1771899258 	 0.0002786018 	 0.0029472479 	 0.0000054445 	 0.0000024569 	 0.0000003849 	 0.7515772776 	
2699 	 8.0051162429 	2003.7061786897 	 0.1558765283 	 0.0000702494 	 0.0679286204 	 0.1771913373 	 0.0002783350 	 0.0029459072 	 0.0000054366 	 0.0000024562 	 0.0000003845 	 0.7515772735 	
2700 	 8.0051796502 	2003.7246199442 	 0.1558752935 	 0.0000701819 	 0.0679288970 	 0.1771927489 	 0.0002780682 	 0.0029445664 	 0.0000054286 	 0.0000024556 	 0.0000003841 	 0.7515772694 	
2701 	 8.0052430574 	2003.7430611987 	 0.1558740587 	 0.0000701144 	 0.0679291736 	 0.1771941604 	 0.0002778014 	 0.0029432257 	 0.0000054207 	 0.0000024549 	 0.0000003837 	 0.7515772653 	
2702 	 8.0053064647 	2003.7615024532 	 0.1558728238 	 0.0000700469 	 0.0679294502 	 0.1771955720 	 0.0002775346 	 0.0029418849 	 0.0000054127 	 0.0000024542 	 0.0000003834 	 0.7515772612 	
2703 	 8.0053698719 	2003.7799437077 	 0.1558715890 	 0.0000699794 	 0.0679297268 	 0.1771969836 	 0.0002772678 	 0.0029405442 	 0.0000054048 	 0.0000024536 	 0.0000003830 	 0.7515772571 	
2704 	 8.0054332792 	2003.7983849622 	 0.1558703542 	 0.0000699119 	 0.0679300033 	 0.1771983951 	 0.0002770009 	 0.0029392034 	 0.0000053968 	 0.0000024529 	 0.0000003826 	 0.7515772530 	
2705 	 8.0054938339 	2003.8159943278 	 0.1558691754 	 0.0000698477 	 0.0679302746 	 0.1771997447 	 0.0002767474 	 0.0029379128 	 0.0000053894 	 0.0000024523 	 0.0000003823 	 0.7515772489 	
2706 	 8.0055543411 	2003.8335898287 	 0.1558679975 	 0.0000697836 	 0.0679305457 	 0.1772010933 	 0.0002764940 	 0.0029366229 	 0.0000053819 	 0.0000024517 	 0.0000003819 	 0.7515772449 	
2707 	 8.0056148483 	2003.8511853295 	 0.1558668196 	 0.0000697195 	 0.0679308168 	 0.1772024419 	 0.0002762406 	 0.0029353331 	 0.0000053745 	 0.0000024511 	 0.0000003816 	 0.7515772409 	
2708 	 8.0056753555 	2003.8687808304 	 0.1558656417 	 0.0000696554 	 0.0679310879 	 0.1772037905 	 0.0002759873 	 0.0029340433 	 0.0000053670 	 0.0000024505 	 0.0000003812 	 0.7515772368 	
2709 	 8.0057358626 	2003.8863763312 	 0.1558644638 	 0.0000695913 	 0.0679313590 	 0.1772051392 	 0.0002757339 	 0.0029327535 	 0.0000053596 	 0.0000024499 	 0.0000003809 	 0.7515772328 	
2710 	 8.0057963698 	2003.9039718321 	 0.1558632859 	 0.0000695272 	 0.0679316301 	 0.1772064878 	 0.0002754806 	 0.0029314637 	 0.0000053521 	 0.0000024493 	 0.0000003805 	 0.7515772287 	
2711 	 8.0058568770 	2003.9215673329 	 0.1558621080 	 0.0000694632 	 0.0679319012 	 0.1772078364 	 0.0002752272 	 0.0029301739 	 0.0000053447 	 0.0000024487 	 0.0000003802 	 0.7515772247 	
2712 	 8.0059173842 	2003.9391628338 	 0.1558609301 	 0.0000693991 	 0.0679321723 	 0.1772091850 	 0.0002749738 	 0.0029288841 	 0.0000053372 	 0.0000024481 	 0.0000003798 	 0.7515772206 	
2713 	 8.0059778914 	2003.9567583346 	 0.1558597523 	 0.0000693350 	 0.0679324435 	 0.1772105336 	 0.0002747205 	 0.0029275943 	 0.0000053298 	 0.0000024475 	 0.0000003795 	 0.7515772166 	
2714 	 8.0060383986 	2003.9743538355 	 0.1558585744 	 0.0000692709 	 0.0679327146 	 0.1772118822 	 0.0002744671 	 0.0029263045 	 0.0000053223 	 0.0000024468 	 0.0000003791 	 0.7515772126 	
2715 	 8.0060989057 	2003.9919493363 	 0.1558573965 	 0.0000692068 	 0.0679329857 	 0.1772132308 	 0.0002742138 	 0.0029250147 	 0.0000053149 	 0.0000024462 	 0.0000003788 	 0.7515772085 	
2716 	 8.0061594129 	2004.0095448372 	 0.1558562186 	 0.0000691427 	 0.0679332568 	 0.1772145794 	 0.0002739604 	 0.0029237249 	 0.0000053074 	 0.0000024456 	 0.0000003784 	 0.7515772045 	
2717 	 8.0062199201 	2004.0271403380 	 0.1558550407 	 0.0000690786 	 0.0679335279 	 0.1772159280 	 0.0002737070 	 0.0029224350 	 0.0000053000 	 0.0000024450 	 0.0000003781 	 0.7515772004 	
2718 	 8.0062804273 	2004.0447358389 	 0.1558538628 	 0.0000690145 	 0.0679337990 	 0.1772172766 	 0.0002734537 	 0.0029211452 	 0.0000052925 	 0.0000024444 	 0.0000003777 	 0.7515771964 	
2719 	 8.0063409345 	2004.0623313397 	 0.1558526849 	 0.0000689504 	 0.0679340701 	 0.1772186252 	 0.0002732003 	 0.0029198554 	 0.0000052850 	 0.0000024438 	 0.0000003774 	 0.7515771924 	
2720 	 8.0064014416 	2004.0799268406 	 0.1558515070 	 0.0000688863 	 0.0679343413 	 0.1772199738 	 0.0002729469 	 0.0029185656 	 0.0000052776 	 0.0000024432 	 0.0000003770 	 0.7515771883 	
2721 	 8.0064619488 	2004.0975223414 	 0.1558503291 	 0.0000688222 	 0.0679346124 	 0.1772213224 	 0.0002726936 	 0.0029172758 	 0.0000052701 	 0.0000024426 	 0.0000003767 	 0.7515771843 	
2722 	 8.0065224560 	2004.1151178423 	 0.1558491512 	 0.0000687581 	 0.0679348835 	 0.1772226710 	 0.0002724402 	 0.0029159860 	 0.0000052627 	 0.0000024420 	 0.0000003763 	 0.7515771802 	
2723 	 8.0065829632 	2004.1327133431 	 0.1558479733 	 0.0000686940 	 0.0679351546 	 0.1772240196 	 0.0002721869 	 0.0029146962 	 0.0000052552 	 0.0000024414 	 0.0000003760 	 0.7515771762 	
2724 	 8.0066434704 	2004.1503088440 	 0.1558467955 	 0.0000686299 	 0.0679354257 	 0.1772253682 	 0.0002719335 	 0.0029134064 	 0.0000052478 	 0.0000024408 	 0.0000003756 	 0.7515771722 	
2725 	 8.0067039775 	2004.1679043448 	 0.1558456176 	 0.0000685659 	 0.0679356968 	 0.1772267168 	 0.0002716801 	 0.0029121166 	 0.0000052403 	 0.0000024402 	 0.0000003753 	 0.7515771681 	
2726 	 8.0067644847 	2004.1854998457 	 0.1558444397 	 0.0000685018 	 0.0679359679 	 0.1772280654 	 0.0002714268 	 0.0029108268 	 0.0000052329 	 0.0000024395 	 0.0000003749 	 0.7515771641 	
2727 	 8.0068249919 	2004.2030953465 	 0.1558432618 	 0.0000684377 	 0.0679362391 	 0.1772294140 	 0.0002711734 	 0.0029095369 	 0.0000052254 	 0.0000024389 	 0.0000003745 	 0.7515771600 	
2728 	 8.0068854991 	2004.2206908474 	 0.1558420839 	 0.0000683736 	 0.0679365102 	 0.1772307626 	 0.0002709201 	 0.0029082471 	 0.0000052180 	 0.0000024383 	 0.0000003742 	 0.7515771560 	
2729 	 8.0069448702 	2004.2379552072 	 0.1558409283 	 0.0000683108 	 0.0679367789 	 0.1772320864 	 0.0002706719 	 0.0029069777 	 0.0000052107 	 0.0000024377 	 0.0000003739 	 0.7515771520 	
2730 	 8.0070025489 	2004.2547262345 	 0.1558398059 	 0.0000682500 	 0.0679370441 	 0.1772333734 	 0.0002704315 	 0.0029057385 	 0.0000052037 	 0.0000024372 	 0.0000003735 	 0.7515771480 	
2731 	 8.0070602276 	2004.2714972617 	 0.1558386834 	 0.0000681892 	 0.0679373093 	 0.1772346604 	 0.0002701912 	 0.0029044993 	 0.0000051967 	 0.0000024366 	 0.0000003732 	 0.7515771441 	
2732 	 8.0071179062 	2004.2882682890 	 0.1558375610 	 0.0000681284 	 0.0679375745 	 0.1772359473 	 0.0002699508 	 0.0029032601 	 0.0000051898 	 0.0000024360 	 0.0000003729 	 0.7515771401 	
2733 	 8.0071755849 	2004.3050393163 	 0.1558364386 	 0.0000680676 	 0.0679378398 	 0.1772372343 	 0.0002697104 	 0.0029020210 	 0.0000051828 	 0.0000024355 	 0.0000003725 	 0.7515771362 	
2734 	 8.0072332635 	2004.3218103436 	 0.1558353162 	 0.0000680068 	 0.0679381050 	 0.1772385212 	 0.0002694701 	 0.0029007818 	 0.0000051758 	 0.0000024349 	 0.0000003722 	 0.7515771322 	
2735 	 8.0072909422 	2004.3385813709 	 0.1558341937 	 0.0000679460 	 0.0679383702 	 0.1772398082 	 0.0002692297 	 0.0028995426 	 0.0000051688 	 0.0000024344 	 0.0000003719 	 0.7515771283 	
2736 	 8.0073486209 	2004.3553523981 	 0.1558330713 	 0.0000678853 	 0.0679386354 	 0.1772410952 	 0.0002689893 	 0.0028983035 	 0.0000051618 	 0.0000024338 	 0.0000003715 	 0.7515771243 	
2737 	 8.0074062995 	2004.3721234254 	 0.1558319489 	 0.0000678245 	 0.0679389006 	 0.1772423821 	 0.0002687490 	 0.0028970643 	 0.0000051548 	 0.0000024332 	 0.0000003712 	 0.7515771204 	
2738 	 8.0074639782 	2004.3888944527 	 0.1558308265 	 0.0000677637 	 0.0679391658 	 0.1772436691 	 0.0002685086 	 0.0028958251 	 0.0000051478 	 0.0000024327 	 0.0000003709 	 0.7515771164 	
2739 	 8.0075216569 	2004.4056654800 	 0.1558297041 	 0.0000677029 	 0.0679394310 	 0.1772449560 	 0.0002682682 	 0.0028945859 	 0.0000051409 	 0.0000024321 	 0.0000003705 	 0.7515771125 	
2740 	 8.0075793355 	2004.4224365073 	 0.1558285816 	 0.0000676421 	 0.0679396962 	 0.1772462430 	 0.0002680279 	 0.0028933468 	 0.0000051339 	 0.0000024315 	 0.0000003702 	 0.7515771085 	
2741 	 8.0076370142 	2004.4392075345 	 0.1558274592 	 0.0000675813 	 0.0679399615 	 0.1772475300 	 0.0002677875 	 0.0028921076 	 0.0000051269 	 0.0000024310 	 0.0000003699 	 0.7515771045 	
2742 	 8.0076946929 	2004.4559785618 	 0.1558263368 	 0.0000675205 	 0.0679402267 	 0.1772488169 	 0.0002675471 	 0.0028908684 	 0.0000051199 	 0.0000024304 	 0.0000003695 	 0.7515771006 	
2743 	 8.0077523715 	2004.4727495891 	 0.1558252144 	 0.0000674597 	 0.0679404919 	 0.1772501039 	 0.0002673068 	 0.0028896292 	 0.0000051129 	 0.0000024298 	 0.0000003692 	 0.7515770966 	
2744 	 8.0078100502 	2004.4895206164 	 0.1558240920 	 0.0000673989 	 0.0679407571 	 0.1772513908 	 0.0002670664 	 0.0028883901 	 0.0000051059 	 0.0000024293 	 0.0000003689 	 0.7515770927 	
2745 	 8.0078677289 	2004.5062916437 	 0.1558229695 	 0.0000673381 	 0.0679410223 	 0.1772526778 	 0.0002668260 	 0.0028871509 	 0.0000050989 	 0.0000024287 	 0.0000003685 	 0.7515770887 	
2746 	 8.0079254075 	2004.5230626709 	 0.1558218471 	 0.0000672773 	 0.0679412875 	 0.1772539648 	 0.0002665857 	 0.0028859117 	 0.0000050920 	 0.0000024282 	 0.0000003682 	 0.7515770848 	
2747 	 8.0079830862 	2004.5398336982 	 0.1558207247 	 0.0000672165 	 0.0679415527 	 0.1772552517 	 0.0002663453 	 0.0028846725 	 0.0000050850 	 0.0000024276 	 0.0000003679 	 0.7515770808 	
2748 	 8.0080407648 	2004.5566047255 	 0.1558196023 	 0.0000671557 	 0.0679418179 	 0.1772565387 	 0.0002661049 	 0.0028834334 	 0.0000050780 	 0.0000024270 	 0.0000003675 	 0.7515770769 	
2749 	 8.0080984435 	2004.5733757528 	 0.1558184799 	 0.0000670949 	 0.0679420831 	 0.1772578257 	 0.0002658646 	 0.0028821942 	 0.0000050710 	 0.0000024265 	 0.0000003672 	 0.7515770729 	
2750 	 8.0081561222 	2004.5901467801 	 0.1558173574 	 0.0000670341 	 0.0679423484 	 0.1772591126 	 0.0002656242 	 0.0028809550 	 0.0000050640 	 0.0000024259 	 0.0000003669 	 0.7515770690 	
2751 	 8.0082138008 	2004.6069178073 	 0.1558162350 	 0.0000669733 	 0.0679426136 	 0.1772603996 	 0.0002653838 	 0.0028797159 	 0.0000050570 	 0.0000024253 	 0.0000003665 	 0.7515770650 	
2752 	 8.0082714795 	2004.6236888346 	 0.1558151126 	 0.0000669125 	 0.0679428788 	 0.1772616865 	 0.0002651434 	 0.0028784767 	 0.0000050500 	 0.0000024248 	 0.0000003662 	 0.7515770610 	
2753 	 8.0083291582 	2004.6404598619 	 0.1558139902 	 0.0000668518 	 0.0679431440 	 0.1772629735 	 0.0002649031 	 0.0028772375 	 0.0000050431 	 0.0000024242 	 0.0000003659 	 0.7515770571 	
2754 	 8.0083830235 	2004.6561332414 	 0.1558129424 	 0.0000667950 	 0.0679434021 	 0.1772641791 	 0.0002646790 	 0.0028760651 	 0.0000050366 	 0.0000024237 	 0.0000003655 	 0.7515770539 	
2755 	 8.0084360499 	2004.6715651383 	 0.1558119110 	 0.0000667392 	 0.0679436586 	 0.1772653668 	 0.0002644584 	 0.0028749074 	 0.0000050303 	 0.0000024232 	 0.0000003652 	 0.7515770508 	
2756 	 8.0084890763 	2004.6869970353 	 0.1558108796 	 0.0000666834 	 0.0679439152 	 0.1772665546 	 0.0002642378 	 0.0028737497 	 0.0000050240 	 0.0000024227 	 0.0000003649 	 0.7515770477 	
2757 	 8.0085421026 	2004.7024289322 	 0.1558098483 	 0.0000666276 	 0.0679441717 	 0.1772677423 	 0.0002640173 	 0.0028725920 	 0.0000050177 	 0.0000024222 	 0.0000003646 	 0.7515770447 	
2758 	 8.0085951290 	2004.7178608292 	 0.1558088169 	 0.0000665717 	 0.0679444283 	 0.1772689300 	 0.0002637967 	 0.0028714343 	 0.0000050114 	 0.0000024217 	 0.0000003643 	 0.7515770416 	
2759 	 8.0086481554 	2004.7332927261 	 0.1558077855 	 0.0000665159 	 0.0679446848 	 0.1772701177 	 0.0002635762 	 0.0028702765 	 0.0000050051 	 0.0000024212 	 0.0000003640 	 0.7515770386 	
2760 	 8.0087011818 	2004.7487246231 	 0.1558067542 	 0.0000664601 	 0.0679449413 	 0.1772713055 	 0.0002633556 	 0.0028691188 	 0.0000049988 	 0.0000024207 	 0.0000003637 	 0.7515770355 	
2761 	 8.0087542082 	2004.7641565201 	 0.1558057228 	 0.0000664043 	 0.0679451979 	 0.1772724932 	 0.0002631351 	 0.0028679611 	 0.0000049925 	 0.0000024202 	 0.0000003634 	 0.7515770324 	
2762 	 8.0088072346 	2004.7795884170 	 0.1558046914 	 0.0000663484 	 0.0679454544 	 0.1772736809 	 0.0002629145 	 0.0028668034 	 0.0000049862 	 0.0000024197 	 0.0000003631 	 0.7515770294 	
2763 	 8.0088602610 	2004.7950203140 	 0.1558036601 	 0.0000662926 	 0.0679457110 	 0.1772748686 	 0.0002626939 	 0.0028656457 	 0.0000049799 	 0.0000024192 	 0.0000003628 	 0.7515770263 	
2764 	 8.0089132873 	2004.8104522109 	 0.1558026287 	 0.0000662368 	 0.0679459675 	 0.1772760564 	 0.0002624734 	 0.0028644880 	 0.0000049736 	 0.0000024187 	 0.0000003625 	 0.7515770233 	
2765 	 8.0089663137 	2004.8258841079 	 0.1558015973 	 0.0000661810 	 0.0679462240 	 0.1772772441 	 0.0002622528 	 0.0028633303 	 0.0000049673 	 0.0000024182 	 0.0000003622 	 0.7515770202 	
2766 	 8.0090193401 	2004.8413160048 	 0.1558005659 	 0.0000661251 	 0.0679464806 	 0.1772784318 	 0.0002620323 	 0.0028621725 	 0.0000049609 	 0.0000024177 	 0.0000003619 	 0.7515770171 	
2767 	 8.0090723665 	2004.8567479018 	 0.1557995346 	 0.0000660693 	 0.0679467371 	 0.1772796195 	 0.0002618117 	 0.0028610148 	 0.0000049546 	 0.0000024172 	 0.0000003616 	 0.7515770141 	
2768 	 8.0091253929 	2004.8721797987 	 0.1557985032 	 0.0000660135 	 0.0679469937 	 0.1772808073 	 0.0002615912 	 0.0028598571 	 0.0000049483 	 0.0000024167 	 0.0000003613 	 0.7515770110 	
2769 	 8.0091784193 	2004.8876116957 	 0.1557974718 	 0.0000659577 	 0.0679472502 	 0.1772819950 	 0.0002613706 	 0.0028586994 	 0.0000049420 	 0.0000024162 	 0.0000003610 	 0.7515770080 	
2770 	 8.0092314457 	2004.9030435927 	 0.1557964405 	 0.0000659018 	 0.0679475067 	 0.1772831827 	 0.0002611500 	 0.0028575417 	 0.0000049357 	 0.0000024157 	 0.0000003607 	 0.7515770049 	
2771 	 8.0092844721 	2004.9184754896 	 0.1557954091 	 0.0000658460 	 0.0679477633 	 0.1772843704 	 0.0002609295 	 0.0028563840 	 0.0000049294 	 0.0000024152 	 0.0000003604 	 0.7515770018 	
2772 	 8.0093374984 	2004.9339073866 	 0.1557943777 	 0.0000657902 	 0.0679480198 	 0.1772855582 	 0.0002607089 	 0.0028552263 	 0.0000049231 	 0.0000024147 	 0.0000003601 	 0.7515769988 	
2773 	 8.0093905248 	2004.9493392835 	 0.1557933464 	 0.0000657344 	 0.0679482764 	 0.1772867459 	 0.0002604884 	 0.0028540685 	 0.0000049168 	 0.0000024142 	 0.0000003597 	 0.7515769957 	
2774 	 8.0094435512 	2004.9647711805 	 0.1557923150 	 0.0000656785 	 0.0679485329 	 0.1772879336 	 0.0002602678 	 0.0028529108 	 0.0000049105 	 0.0000024137 	 0.0000003594 	 0.7515769927 	
2775 	 8.0094965776 	2004.9802030774 	 0.1557912836 	 0.0000656227 	 0.0679487895 	 0.1772891214 	 0.0002600472 	 0.0028517531 	 0.0000049042 	 0.0000024132 	 0.0000003591 	 0.7515769896 	
2776 	 8.0095496040 	2004.9956349744 	 0.1557902523 	 0.0000655669 	 0.0679490460 	 0.1772903091 	 0.0002598267 	 0.0028505954 	 0.0000048979 	 0.0000024127 	 0.0000003588 	 0.7515769865 	
2777 	 8.0096026304 	2005.0110668713 	 0.1557892209 	 0.0000655111 	 0.0679493025 	 0.1772914968 	 0.0002596061 	 0.0028494377 	 0.0000048916 	 0.0000024122 	 0.0000003585 	 0.7515769835 	
2778 	 8.0096556568 	2005.0264987683 	 0.1557881895 	 0.0000654552 	 0.0679495591 	 0.1772926845 	 0.0002593856 	 0.0028482800 	 0.0000048853 	 0.0000024117 	 0.0000003582 	 0.7515769804 	
2779 	 8.0097086831 	2005.0419306653 	 0.1557871581 	 0.0000653994 	 0.0679498156 	 0.1772938723 	 0.0002591650 	 0.0028471223 	 0.0000048790 	 0.0000024112 	 0.0000003579 	 0.7515769774 	
2780 	 8.0097617095 	2005.0573625622 	 0.1557861268 	 0.0000653436 	 0.0679500722 	 0.1772950600 	 0.0002589445 	 0.0028459645 	 0.0000048727 	 0.0000024107 	 0.0000003576 	 0.7515769743 	
2781 	 8.0098147359 	2005.0727944592 	 0.1557850954 	 0.0000652878 	 0.0679503287 	 0.1772962477 	 0.0002587239 	 0.0028448068 	 0.0000048664 	 0.0000024102 	 0.0000003573 	 0.7515769712 	
2782 	 8.0098677623 	2005.0882263561 	 0.1557840640 	 0.0000652319 	 0.0679505852 	 0.1772974354 	 0.0002585033 	 0.0028436491 	 0.0000048601 	 0.0000024097 	 0.0000003570 	 0.7515769682 	
2783 	 8.0099207887 	2005.1036582531 	 0.1557830327 	 0.0000651761 	 0.0679508418 	 0.1772986232 	 0.0002582828 	 0.0028424914 	 0.0000048537 	 0.0000024092 	 0.0000003567 	 0.7515769651 	
2784 	 8.0099738151 	2005.1190901500 	 0.1557820013 	 0.0000651203 	 0.0679510983 	 0.1772998109 	 0.0002580622 	 0.0028413337 	 0.0000048474 	 0.0000024087 	 0.0000003564 	 0.7515769621 	
2785 	 8.0100268415 	2005.1345220470 	 0.1557809699 	 0.0000650645 	 0.0679513549 	 0.1773009986 	 0.0002578417 	 0.0028401760 	 0.0000048411 	 0.0000024082 	 0.0000003561 	 0.7515769590 	
2786 	 8.0100798679 	2005.1499539439 	 0.1557799386 	 0.0000650086 	 0.0679516114 	 0.1773021863 	 0.0002576211 	 0.0028390183 	 0.0000048348 	 0.0000024077 	 0.0000003558 	 0.7515769559 	
2787 	 8.0101328942 	2005.1653858409 	 0.1557789072 	 0.0000649528 	 0.0679518679 	 0.1773033741 	 0.0002574006 	 0.0028378605 	 0.0000048285 	 0.0000024072 	 0.0000003555 	 0.7515769529 	
2788 	 8.0101859206 	2005.1808177379 	 0.1557778758 	 0.0000648970 	 0.0679521245 	 0.1773045618 	 0.0002571800 	 0.0028367028 	 0.0000048222 	 0.0000024067 	 0.0000003552 	 0.7515769498 	
2789 	 8.0102389470 	2005.1962496348 	 0.1557768444 	 0.0000648412 	 0.0679523810 	 0.1773057495 	 0.0002569594 	 0.0028355451 	 0.0000048159 	 0.0000024062 	 0.0000003549 	 0.7515769468 	
2790 	 8.0102919734 	2005.2116815318 	 0.1557758131 	 0.0000647854 	 0.0679526376 	 0.1773069372 	 0.0002567389 	 0.0028343874 	 0.0000048096 	 0.0000024057 	 0.0000003546 	 0.7515769437 	
2791 	 8.0103449998 	2005.2271134287 	 0.1557747817 	 0.0000647295 	 0.0679528941 	 0.1773081250 	 0.0002565183 	 0.0028332297 	 0.0000048033 	 0.0000024052 	 0.0000003543 	 0.7515769406 	
2792 	 8.0103980262 	2005.2425453257 	 0.1557737503 	 0.0000646737 	 0.0679531506 	 0.1773093127 	 0.0002562978 	 0.0028320720 	 0.0000047970 	 0.0000024047 	 0.0000003539 	 0.7515769376 	
2793 	 8.0104510526 	2005.2579772226 	 0.1557727190 	 0.0000646179 	 0.0679534072 	 0.1773105004 	 0.0002560772 	 0.0028309143 	 0.0000047907 	 0.0000024042 	 0.0000003536 	 0.7515769345 	
2794 	 8.0105040789 	2005.2734091196 	 0.1557716876 	 0.0000645621 	 0.0679536637 	 0.1773116881 	 0.0002558567 	 0.0028297565 	 0.0000047844 	 0.0000024038 	 0.0000003533 	 0.7515769314 	
2795 	 8.0105571053 	2005.2888410165 	 0.1557706562 	 0.0000645062 	 0.0679539203 	 0.1773128759 	 0.0002556361 	 0.0028285988 	 0.0000047781 	 0.0000024033 	 0.0000003530 	 0.7515769284 	
2796 	 8.0106101317 	2005.3042729135 	 0.1557696249 	 0.0000644504 	 0.0679541768 	 0.1773140636 	 0.0002554155 	 0.0028274411 	 0.0000047718 	 0.0000024028 	 0.0000003527 	 0.7515769253 	
2797 	 8.0106631581 	2005.3197048104 	 0.1557685935 	 0.0000643946 	 0.0679544334 	 0.1773152513 	 0.0002551950 	 0.0028262834 	 0.0000047655 	 0.0000024023 	 0.0000003524 	 0.7515769223 	
2798 	 8.0107161845 	2005.3351367074 	 0.1557675621 	 0.0000643388 	 0.0679546899 	 0.1773164390 	 0.0002549744 	 0.0028251257 	 0.0000047592 	 0.0000024018 	 0.0000003521 	 0.7515769192 	
2799 	 8.0107692109 	2005.3505686044 	 0.1557665307 	 0.0000642829 	 0.0679549464 	 0.1773176268 	 0.0002547539 	 0.0028239680 	 0.0000047528 	 0.0000024013 	 0.0000003518 	 0.7515769161 	
2800 	 8.0108222373 	2005.3660005013 	 0.1557654994 	 0.0000642271 	 0.0679552030 	 0.1773188145 	 0.0002545333 	 0.0028228103 	 0.0000047465 	 0.0000024008 	 0.0000003515 	 0.7515769131 	
2801 	 8.0108752636 	2005.3814323983 	 0.1557644680 	 0.0000641713 	 0.0679554595 	 0.1773200022 	 0.0002543128 	 0.0028216525 	 0.0000047402 	 0.0000024003 	 0.0000003512 	 0.7515769100 	
2802 	 8.0109282900 	2005.3968642952 	 0.1557634366 	 0.0000641155 	 0.0679557161 	 0.1773211899 	 0.0002540922 	 0.0028204948 	 0.0000047339 	 0.0000023998 	 0.0000003509 	 0.7515769070 	
2803 	 8.0109784934 	2005.4114750054 	 0.1557624606 	 0.0000640629 	 0.0679559662 	 0.1773223163 	 0.0002538844 	 0.0028193882 	 0.0000047281 	 0.0000023993 	 0.0000003506 	 0.7515769041 	
2804 	 8.0110272147 	2005.4256545924 	 0.1557615135 	 0.0000640120 	 0.0679562131 	 0.1773234104 	 0.0002536833 	 0.0028183083 	 0.0000047224 	 0.0000023989 	 0.0000003503 	 0.7515769013 	
2805 	 8.0110759360 	2005.4398341795 	 0.1557605665 	 0.0000639611 	 0.0679564599 	 0.1773245045 	 0.0002534822 	 0.0028172285 	 0.0000047168 	 0.0000023984 	 0.0000003501 	 0.7515768985 	
2806 	 8.0111246573 	2005.4540137665 	 0.1557596194 	 0.0000639102 	 0.0679567068 	 0.1773255987 	 0.0002532811 	 0.0028161486 	 0.0000047112 	 0.0000023980 	 0.0000003498 	 0.7515768957 	
2807 	 8.0111733785 	2005.4681933535 	 0.1557586724 	 0.0000638593 	 0.0679569536 	 0.1773266928 	 0.0002530800 	 0.0028150688 	 0.0000047056 	 0.0000023976 	 0.0000003495 	 0.7515768929 	
2808 	 8.0112220998 	2005.4823729406 	 0.1557577253 	 0.0000638084 	 0.0679572005 	 0.1773277869 	 0.0002528789 	 0.0028139889 	 0.0000046999 	 0.0000023971 	 0.0000003492 	 0.7515768901 	
2809 	 8.0112708211 	2005.4965525276 	 0.1557567783 	 0.0000637575 	 0.0679574473 	 0.1773288811 	 0.0002526778 	 0.0028129091 	 0.0000046943 	 0.0000023967 	 0.0000003489 	 0.7515768873 	
2810 	 8.0113195424 	2005.5107321147 	 0.1557558313 	 0.0000637066 	 0.0679576942 	 0.1773299752 	 0.0002524767 	 0.0028118292 	 0.0000046887 	 0.0000023963 	 0.0000003487 	 0.7515768845 	
2811 	 8.0113682637 	2005.5249117017 	 0.1557548842 	 0.0000636557 	 0.0679579410 	 0.1773310693 	 0.0002522756 	 0.0028107494 	 0.0000046831 	 0.0000023959 	 0.0000003484 	 0.7515768817 	
2812 	 8.0114169850 	2005.5390912888 	 0.1557539372 	 0.0000636048 	 0.0679581879 	 0.1773321634 	 0.0002520745 	 0.0028096695 	 0.0000046774 	 0.0000023954 	 0.0000003481 	 0.7515768789 	
2813 	 8.0114657062 	2005.5532708758 	 0.1557529901 	 0.0000635539 	 0.0679584347 	 0.1773332576 	 0.0002518734 	 0.0028085897 	 0.0000046718 	 0.0000023950 	 0.0000003478 	 0.7515768761 	
2814 	 8.0115144275 	2005.5674504629 	 0.1557520431 	 0.0000635030 	 0.0679586816 	 0.1773343517 	 0.0002516723 	 0.0028075098 	 0.0000046662 	 0.0000023946 	 0.0000003476 	 0.7515768733 	
2815 	 8.0115631488 	2005.5816300499 	 0.1557510960 	 0.0000634521 	 0.0679589284 	 0.1773354458 	 0.0002514712 	 0.0028064300 	 0.0000046605 	 0.0000023941 	 0.0000003473 	 0.7515768705 	
2816 	 8.0116118701 	2005.5958096370 	 0.1557501490 	 0.0000634012 	 0.0679591753 	 0.1773365400 	 0.0002512701 	 0.0028053502 	 0.0000046549 	 0.0000023937 	 0.0000003470 	 0.7515768677 	
2817 	 8.0116605914 	2005.6099892240 	 0.1557492020 	 0.0000633503 	 0.0679594221 	 0.1773376341 	 0.0002510690 	 0.0028042703 	 0.0000046493 	 0.0000023933 	 0.0000003467 	 0.7515768649 	
2818 	 8.0117093127 	2005.6241688111 	 0.1557482549 	 0.0000632994 	 0.0679596690 	 0.1773387282 	 0.0002508679 	 0.0028031905 	 0.0000046437 	 0.0000023928 	 0.0000003464 	 0.7515768621 	
2819 	 8.0117580339 	2005.6383483981 	 0.1557473079 	 0.0000632485 	 0.0679599158 	 0.1773398223 	 0.0002506668 	 0.0028021106 	 0.0000046380 	 0.0000023924 	 0.0000003462 	 0.7515768593 	
2820 	 8.0118067552 	2005.6525279852 	 0.1557463608 	 0.0000631976 	 0.0679601627 	 0.1773409165 	 0.0002504657 	 0.0028010308 	 0.0000046324 	 0.0000023920 	 0.0000003459 	 0.7515768565 	
2821 	 8.0118554765 	2005.6667075722 	 0.1557454138 	 0.0000631467 	 0.0679604095 	 0.1773420106 	 0.0002502646 	 0.0027999509 	 0.0000046268 	 0.0000023915 	 0.0000003456 	 0.7515768537 	
2822 	 8.0119041978 	2005.6808871593 	 0.1557444667 	 0.0000630958 	 0.0679606564 	 0.1773431047 	 0.0002500635 	 0.0027988711 	 0.0000046211 	 0.0000023911 	 0.0000003453 	 0.7515768509 	
2823 	 8.0119529191 	2005.6950667463 	 0.1557435197 	 0.0000630449 	 0.0679609032 	 0.1773441989 	 0.0002498624 	 0.0027977912 	 0.0000046155 	 0.0000023907 	 0.0000003451 	 0.7515768481 	
2824 	 8.0120016404 	2005.7092463333 	 0.1557425727 	 0.0000629940 	 0.0679611501 	 0.1773452930 	 0.0002496613 	 0.0027967114 	 0.0000046099 	 0.0000023902 	 0.0000003448 	 0.7515768453 	
2825 	 8.0120503616 	2005.7234259204 	 0.1557416256 	 0.0000629431 	 0.0679613969 	 0.1773463871 	 0.0002494602 	 0.0027956315 	 0.0000046043 	 0.0000023898 	 0.0000003445 	 0.7515768425 	
2826 	 8.0120990829 	2005.7376055074 	 0.1557406786 	 0.0000628922 	 0.0679616438 	 0.1773474812 	 0.0002492591 	 0.0027945517 	 0.0000045986 	 0.0000023894 	 0.0000003442 	 0.7515768397 	
2827 	 8.0121478042 	2005.7517850945 	 0.1557397315 	 0.0000628413 	 0.0679618907 	 0.1773485754 	 0.0002490580 	 0.0027934718 	 0.0000045930 	 0.0000023889 	 0.0000003439 	 0.7515768369 	
2828 	 8.0121965255 	2005.7659646815 	 0.1557387845 	 0.0000627904 	 0.0679621375 	 0.1773496695 	 0.0002488569 	 0.0027923920 	 0.0000045874 	 0.0000023885 	 0.0000003437 	 0.7515768342 	
2829 	 8.0122452468 	2005.7801442686 	 0.1557378374 	 0.0000627395 	 0.0679623844 	 0.1773507636 	 0.0002486558 	 0.0027913121 	 0.0000045818 	 0.0000023881 	 0.0000003434 	 0.7515768314 	
2830 	 8.0122939681 	2005.7943238556 	 0.1557368904 	 0.0000626886 	 0.0679626312 	 0.1773518578 	 0.0002484547 	 0.0027902323 	 0.0000045761 	 0.0000023876 	 0.0000003431 	 0.7515768286 	
2831 	 8.0123426893 	2005.8085034427 	 0.1557359434 	 0.0000626377 	 0.0679628781 	 0.1773529519 	 0.0002482536 	 0.0027891524 	 0.0000045705 	 0.0000023872 	 0.0000003428 	 0.7515768258 	
2832 	 8.0123914106 	2005.8226830297 	 0.1557349963 	 0.0000625869 	 0.0679631249 	 0.1773540460 	 0.0002480525 	 0.0027880726 	 0.0000045649 	 0.0000023868 	 0.0000003426 	 0.7515768230 	
2833 	 8.0124401319 	2005.8368626168 	 0.1557340493 	 0.0000625360 	 0.0679633718 	 0.1773551401 	 0.0002478514 	 0.0027869927 	 0.0000045592 	 0.0000023864 	 0.0000003423 	 0.7515768202 	
2834 	 8.0124888532 	2005.8510422038 	 0.1557331022 	 0.0000624851 	 0.0679636186 	 0.1773562343 	 0.0002476503 	 0.0027859129 	 0.0000045536 	 0.0000023859 	 0.0000003420 	 0.7515768174 	
2835 	 8.0125375745 	2005.8652217909 	 0.1557321552 	 0.0000624342 	 0.0679638655 	 0.1773573284 	 0.0002474492 	 0.0027848330 	 0.0000045480 	 0.0000023855 	 0.0000003417 	 0.7515768146 	
2836 	 8.0125862958 	2005.8794013779 	 0.1557312081 	 0.0000623833 	 0.0679641123 	 0.1773584225 	 0.0002472481 	 0.0027837532 	 0.0000045424 	 0.0000023851 	 0.0000003414 	 0.7515768118 	
2837 	 8.0126350170 	2005.8935809650 	 0.1557302611 	 0.0000623324 	 0.0679643592 	 0.1773595167 	 0.0002470470 	 0.0027826734 	 0.0000045367 	 0.0000023846 	 0.0000003412 	 0.7515768090 	
2838 	 8.0126837383 	2005.9077605520 	 0.1557293140 	 0.0000622815 	 0.0679646060 	 0.1773606108 	 0.0002468459 	 0.0027815935 	 0.0000045311 	 0.0000023842 	 0.0000003409 	 0.7515768062 	
2839 	 8.0127324596 	2005.9219401391 	 0.1557283670 	 0.0000622306 	 0.0679648529 	 0.1773617049 	 0.0002466448 	 0.0027805137 	 0.0000045255 	 0.0000023838 	 0.0000003406 	 0.7515768034 	
2840 	 8.0127811809 	2005.9361197261 	 0.1557274200 	 0.0000621797 	 0.0679650997 	 0.1773627990 	 0.0002464437 	 0.0027794338 	 0.0000045199 	 0.0000023833 	 0.0000003403 	 0.7515768006 	
2841 	 8.0128299022 	2005.9502993131 	 0.1557264729 	 0.0000621288 	 0.0679653466 	 0.1773638932 	 0.0002462426 	 0.0027783540 	 0.0000045142 	 0.0000023829 	 0.0000003401 	 0.7515767978 	
2842 	 8.0128786235 	2005.9644789002 	 0.1557255259 	 0.0000620779 	 0.0679655934 	 0.1773649873 	 0.0002460415 	 0.0027772741 	 0.0000045086 	 0.0000023825 	 0.0000003398 	 0.7515767950 	
2843 	 8.0129273447 	2005.9786584872 	 0.1557245788 	 0.0000620270 	 0.0679658403 	 0.1773660814 	 0.0002458404 	 0.0027761943 	 0.0000045030 	 0.0000023820 	 0.0000003395 	 0.7515767922 	
2844 	 8.0129760660 	2005.9928380743 	 0.1557236318 	 0.0000619761 	 0.0679660871 	 0.1773671756 	 0.0002456393 	 0.0027751144 	 0.0000044973 	 0.0000023816 	 0.0000003392 	 0.7515767894 	
2845 	 8.0130247873 	2006.0070176613 	 0.1557226847 	 0.0000619252 	 0.0679663340 	 0.1773682697 	 0.0002454382 	 0.0027740346 	 0.0000044917 	 0.0000023812 	 0.0000003389 	 0.7515767866 	
2846 	 8.0130735086 	2006.0211972484 	 0.1557217377 	 0.0000618743 	 0.0679665808 	 0.1773693638 	 0.0002452371 	 0.0027729547 	 0.0000044861 	 0.0000023807 	 0.0000003387 	 0.7515767838 	
2847 	 8.0131222299 	2006.0353768354 	 0.1557207907 	 0.0000618234 	 0.0679668277 	 0.1773704579 	 0.0002450360 	 0.0027718749 	 0.0000044805 	 0.0000023803 	 0.0000003384 	 0.7515767810 	
2848 	 8.0131709512 	2006.0495564225 	 0.1557198436 	 0.0000617725 	 0.0679670745 	 0.1773715521 	 0.0002448349 	 0.0027707950 	 0.0000044748 	 0.0000023799 	 0.0000003381 	 0.7515767782 	
2849 	 8.0132196724 	2006.0637360095 	 0.1557188966 	 0.0000617216 	 0.0679673214 	 0.1773726462 	 0.0002446338 	 0.0027697152 	 0.0000044692 	 0.0000023794 	 0.0000003378 	 0.7515767754 	
2850 	 8.0132683937 	2006.0779155966 	 0.1557179495 	 0.0000616707 	 0.0679675682 	 0.1773737403 	 0.0002444327 	 0.0027686353 	 0.0000044636 	 0.0000023790 	 0.0000003376 	 0.7515767726 	
2851 	 8.0133171150 	2006.0920951836 	 0.1557170025 	 0.0000616198 	 0.0679678151 	 0.1773748345 	 0.0002442316 	 0.0027675555 	 0.0000044580 	 0.0000023786 	 0.0000003373 	 0.7515767698 	
2852 	 8.0133639438 	2006.1057241665 	 0.1557160925 	 0.0000615711 	 0.0679680571 	 0.1773758873 	 0.0002440390 	 0.0027665107 	 0.0000044526 	 0.0000023782 	 0.0000003370 	 0.7515767671 	
2853 	 8.0134088169 	2006.1187841916 	 0.1557152207 	 0.0000615245 	 0.0679682941 	 0.1773768974 	 0.0002438552 	 0.0027655021 	 0.0000044476 	 0.0000023778 	 0.0000003368 	 0.7515767646 	
2854 	 8.0134536901 	2006.1318442167 	 0.1557143490 	 0.0000614780 	 0.0679685312 	 0.1773779076 	 0.0002436713 	 0.0027644935 	 0.0000044425 	 0.0000023774 	 0.0000003365 	 0.7515767620 	
2855 	 8.0134985632 	2006.1449042419 	 0.1557134772 	 0.0000614315 	 0.0679687682 	 0.1773789177 	 0.0002434875 	 0.0027634848 	 0.0000044375 	 0.0000023771 	 0.0000003363 	 0.7515767595 	
2856 	 8.0135434363 	2006.1579642670 	 0.1557126055 	 0.0000613850 	 0.0679690053 	 0.1773799279 	 0.0002433037 	 0.0027624762 	 0.0000044325 	 0.0000023767 	 0.0000003360 	 0.7515767569 	
2857 	 8.0135883095 	2006.1710242921 	 0.1557117338 	 0.0000613384 	 0.0679692423 	 0.1773809380 	 0.0002431198 	 0.0027614676 	 0.0000044274 	 0.0000023763 	 0.0000003357 	 0.7515767543 	
2858 	 8.0136331826 	2006.1840843173 	 0.1557108620 	 0.0000612919 	 0.0679694793 	 0.1773819482 	 0.0002429360 	 0.0027604590 	 0.0000044224 	 0.0000023759 	 0.0000003355 	 0.7515767518 	
2859 	 8.0136780558 	2006.1971443424 	 0.1557099903 	 0.0000612454 	 0.0679697164 	 0.1773829583 	 0.0002427522 	 0.0027594504 	 0.0000044173 	 0.0000023756 	 0.0000003352 	 0.7515767492 	
2860 	 8.0137229289 	2006.2102043676 	 0.1557091185 	 0.0000611989 	 0.0679699534 	 0.1773839685 	 0.0002425684 	 0.0027584418 	 0.0000044123 	 0.0000023752 	 0.0000003350 	 0.7515767466 	
2861 	 8.0137678021 	2006.2232643927 	 0.1557082468 	 0.0000611523 	 0.0679701905 	 0.1773849786 	 0.0002423845 	 0.0027574332 	 0.0000044073 	 0.0000023748 	 0.0000003347 	 0.7515767441 	
2862 	 8.0138126752 	2006.2363244178 	 0.1557073750 	 0.0000611058 	 0.0679704275 	 0.1773859887 	 0.0002422007 	 0.0027564246 	 0.0000044022 	 0.0000023744 	 0.0000003345 	 0.7515767415 	
2863 	 8.0138575484 	2006.2493844430 	 0.1557065033 	 0.0000610593 	 0.0679706646 	 0.1773869989 	 0.0002420169 	 0.0027554160 	 0.0000043972 	 0.0000023741 	 0.0000003342 	 0.7515767390 	
2864 	 8.0139024215 	2006.2624444681 	 0.1557056316 	 0.0000610128 	 0.0679709016 	 0.1773880090 	 0.0002418331 	 0.0027544074 	 0.0000043921 	 0.0000023737 	 0.0000003340 	 0.7515767364 	
2865 	 8.0139472947 	2006.2755044933 	 0.1557047598 	 0.0000609662 	 0.0679711387 	 0.1773890192 	 0.0002416492 	 0.0027533988 	 0.0000043871 	 0.0000023733 	 0.0000003337 	 0.7515767338 	
2866 	 8.0139921678 	2006.2885645184 	 0.1557038881 	 0.0000609197 	 0.0679713757 	 0.1773900293 	 0.0002414654 	 0.0027523902 	 0.0000043821 	 0.0000023730 	 0.0000003335 	 0.7515767313 	
2867 	 8.0140370409 	2006.3016245435 	 0.1557030163 	 0.0000608732 	 0.0679716127 	 0.1773910395 	 0.0002412816 	 0.0027513815 	 0.0000043770 	 0.0000023726 	 0.0000003332 	 0.7515767287 	
2868 	 8.0140819141 	2006.3146845687 	 0.1557021446 	 0.0000608267 	 0.0679718498 	 0.1773920496 	 0.0002410977 	 0.0027503729 	 0.0000043720 	 0.0000023722 	 0.0000003330 	 0.7515767261 	
2869 	 8.0141267872 	2006.3277445938 	 0.1557012729 	 0.0000607801 	 0.0679720868 	 0.1773930598 	 0.0002409139 	 0.0027493643 	 0.0000043669 	 0.0000023718 	 0.0000003327 	 0.7515767236 	
2870 	 8.0141716604 	2006.3408046190 	 0.1557004011 	 0.0000607336 	 0.0679723239 	 0.1773940699 	 0.0002407301 	 0.0027483557 	 0.0000043619 	 0.0000023715 	 0.0000003325 	 0.7515767210 	
2871 	 8.0142165335 	2006.3538646441 	 0.1556995294 	 0.0000606871 	 0.0679725609 	 0.1773950801 	 0.0002405463 	 0.0027473471 	 0.0000043569 	 0.0000023711 	 0.0000003322 	 0.7515767185 	
2872 	 8.0142614067 	2006.3669246692 	 0.1556986576 	 0.0000606406 	 0.0679727980 	 0.1773960902 	 0.0002403624 	 0.0027463385 	 0.0000043518 	 0.0000023707 	 0.0000003319 	 0.7515767159 	
2873 	 8.0143062798 	2006.3799846944 	 0.1556977859 	 0.0000605940 	 0.0679730350 	 0.1773971004 	 0.0002401786 	 0.0027453299 	 0.0000043468 	 0.0000023703 	 0.0000003317 	 0.7515767133 	
2874 	 8.0143511530 	2006.3930447195 	 0.1556969141 	 0.0000605475 	 0.0679732720 	 0.1773981105 	 0.0002399948 	 0.0027443213 	 0.0000043417 	 0.0000023700 	 0.0000003314 	 0.7515767108 	
2875 	 8.0143960261 	2006.4061047446 	 0.1556960424 	 0.0000605010 	 0.0679735091 	 0.1773991206 	 0.0002398110 	 0.0027433127 	 0.0000043367 	 0.0000023696 	 0.0000003312 	 0.7515767082 	
2876 	 8.0144408993 	2006.4191647698 	 0.1556951707 	 0.0000604545 	 0.0679737461 	 0.1774001308 	 0.0002396271 	 0.0027423041 	 0.0000043316 	 0.0000023692 	 0.0000003309 	 0.7515767056 	
2877 	 8.0144857724 	2006.4322247949 	 0.1556942989 	 0.0000604079 	 0.0679739832 	 0.1774011409 	 0.0002394433 	 0.0027412955 	 0.0000043266 	 0.0000023688 	 0.0000003307 	 0.7515767031 	
2878 	 8.0145306456 	2006.4452848201 	 0.1556934272 	 0.0000603614 	 0.0679742202 	 0.1774021511 	 0.0002392595 	 0.0027402868 	 0.0000043216 	 0.0000023685 	 0.0000003304 	 0.7515767005 	
2879 	 8.0145755187 	2006.4583448452 	 0.1556925554 	 0.0000603149 	 0.0679744573 	 0.1774031612 	 0.0002390756 	 0.0027392782 	 0.0000043165 	 0.0000023681 	 0.0000003302 	 0.7515766980 	
2880 	 8.0146203918 	2006.4714048703 	 0.1556916837 	 0.0000602684 	 0.0679746943 	 0.1774041714 	 0.0002388918 	 0.0027382696 	 0.0000043115 	 0.0000023677 	 0.0000003299 	 0.7515766954 	
2881 	 8.0146652650 	2006.4844648955 	 0.1556908119 	 0.0000602219 	 0.0679749314 	 0.1774051815 	 0.0002387080 	 0.0027372610 	 0.0000043064 	 0.0000023673 	 0.0000003297 	 0.7515766928 	
2882 	 8.0147101381 	2006.4975249206 	 0.1556899402 	 0.0000601753 	 0.0679751684 	 0.1774061917 	 0.0002385242 	 0.0027362524 	 0.0000043014 	 0.0000023670 	 0.0000003294 	 0.7515766903 	
2883 	 8.0147550113 	2006.5105849458 	 0.1556890685 	 0.0000601288 	 0.0679754054 	 0.1774072018 	 0.0002383403 	 0.0027352438 	 0.0000042964 	 0.0000023666 	 0.0000003292 	 0.7515766877 	
2884 	 8.0147998844 	2006.5236449709 	 0.1556881967 	 0.0000600823 	 0.0679756425 	 0.1774082120 	 0.0002381565 	 0.0027342352 	 0.0000042913 	 0.0000023662 	 0.0000003289 	 0.7515766851 	
2885 	 8.0148447576 	2006.5367049960 	 0.1556873250 	 0.0000600358 	 0.0679758795 	 0.1774092221 	 0.0002379727 	 0.0027332266 	 0.0000042863 	 0.0000023659 	 0.0000003287 	 0.7515766826 	
2886 	 8.0148896307 	2006.5497650212 	 0.1556864532 	 0.0000599892 	 0.0679761166 	 0.1774102323 	 0.0002377889 	 0.0027322180 	 0.0000042812 	 0.0000023655 	 0.0000003284 	 0.7515766800 	
2887 	 8.0149345039 	2006.5628250463 	 0.1556855815 	 0.0000599427 	 0.0679763536 	 0.1774112424 	 0.0002376050 	 0.0027312094 	 0.0000042762 	 0.0000023651 	 0.0000003281 	 0.7515766775 	
2888 	 8.0149793770 	2006.5758850715 	 0.1556847097 	 0.0000598962 	 0.0679765907 	 0.1774122525 	 0.0002374212 	 0.0027302008 	 0.0000042712 	 0.0000023647 	 0.0000003279 	 0.7515766749 	
2889 	 8.0150242502 	2006.5889450966 	 0.1556838380 	 0.0000598497 	 0.0679768277 	 0.1774132627 	 0.0002372374 	 0.0027291922 	 0.0000042661 	 0.0000023644 	 0.0000003276 	 0.7515766723 	
2890 	 8.0150691233 	2006.6020051217 	 0.1556829663 	 0.0000598031 	 0.0679770647 	 0.1774142728 	 0.0002370535 	 0.0027281835 	 0.0000042611 	 0.0000023640 	 0.0000003274 	 0.7515766698 	
2891 	 8.0151139964 	2006.6150651469 	 0.1556820945 	 0.0000597566 	 0.0679773018 	 0.1774152830 	 0.0002368697 	 0.0027271749 	 0.0000042560 	 0.0000023636 	 0.0000003271 	 0.7515766672 	
2892 	 8.0151588696 	2006.6281251720 	 0.1556812228 	 0.0000597101 	 0.0679775388 	 0.1774162931 	 0.0002366859 	 0.0027261663 	 0.0000042510 	 0.0000023632 	 0.0000003269 	 0.7515766647 	
2893 	 8.0152037427 	2006.6411851972 	 0.1556803510 	 0.0000596636 	 0.0679777759 	 0.1774173033 	 0.0002365021 	 0.0027251577 	 0.0000042460 	 0.0000023629 	 0.0000003266 	 0.7515766621 	
2894 	 8.0152486159 	2006.6542452223 	 0.1556794793 	 0.0000596170 	 0.0679780129 	 0.1774183134 	 0.0002363182 	 0.0027241491 	 0.0000042409 	 0.0000023625 	 0.0000003264 	 0.7515766595 	
2895 	 8.0152934890 	2006.6673052474 	 0.1556786075 	 0.0000595705 	 0.0679782500 	 0.1774193236 	 0.0002361344 	 0.0027231405 	 0.0000042359 	 0.0000023621 	 0.0000003261 	 0.7515766570 	
2896 	 8.0153383622 	2006.6803652726 	 0.1556777358 	 0.0000595240 	 0.0679784870 	 0.1774203337 	 0.0002359506 	 0.0027221319 	 0.0000042308 	 0.0000023617 	 0.0000003259 	 0.7515766544 	
2897 	 8.0153832353 	2006.6934252977 	 0.1556768641 	 0.0000594775 	 0.0679787241 	 0.1774213439 	 0.0002357668 	 0.0027211233 	 0.0000042258 	 0.0000023614 	 0.0000003256 	 0.7515766518 	
2898 	 8.0154281085 	2006.7064853228 	 0.1556759923 	 0.0000594309 	 0.0679789611 	 0.1774223540 	 0.0002355829 	 0.0027201147 	 0.0000042208 	 0.0000023610 	 0.0000003254 	 0.7515766493 	
2899 	 8.0154729816 	2006.7195453480 	 0.1556751206 	 0.0000593844 	 0.0679791981 	 0.1774233642 	 0.0002353991 	 0.0027191061 	 0.0000042157 	 0.0000023606 	 0.0000003251 	 0.7515766467 	
2900 	 8.0155178548 	2006.7326053731 	 0.1556742488 	 0.0000593379 	 0.0679794352 	 0.1774243743 	 0.0002352153 	 0.0027180975 	 0.0000042107 	 0.0000023603 	 0.0000003249 	 0.7515766442 	
2901 	 8.0155615957 	2006.7453359640 	 0.1556733992 	 0.0000592926 	 0.0679796690 	 0.1774253596 	 0.0002350365 	 0.0027171103 	 0.0000042058 	 0.0000023599 	 0.0000003246 	 0.7515766417 	
2902 	 8.0156030157 	2006.7573912145 	 0.1556725950 	 0.0000592500 	 0.0679798963 	 0.1774262942 	 0.0002348680 	 0.0027161670 	 0.0000042013 	 0.0000023596 	 0.0000003244 	 0.7515766393 	
2903 	 8.0156444357 	2006.7694464650 	 0.1556717908 	 0.0000592074 	 0.0679801236 	 0.1774272287 	 0.0002346996 	 0.0027152237 	 0.0000041967 	 0.0000023593 	 0.0000003241 	 0.7515766370 	
2904 	 8.0156858557 	2006.7815017155 	 0.1556709865 	 0.0000591647 	 0.0679803508 	 0.1774281632 	 0.0002345312 	 0.0027142805 	 0.0000041922 	 0.0000023589 	 0.0000003239 	 0.7515766346 	
2905 	 8.0157272757 	2006.7935569660 	 0.1556701823 	 0.0000591221 	 0.0679805781 	 0.1774290977 	 0.0002343627 	 0.0027133372 	 0.0000041877 	 0.0000023586 	 0.0000003237 	 0.7515766322 	
2906 	 8.0157686957 	2006.8056122165 	 0.1556693781 	 0.0000590795 	 0.0679808054 	 0.1774300322 	 0.0002341943 	 0.0027123940 	 0.0000041832 	 0.0000023583 	 0.0000003234 	 0.7515766299 	
2907 	 8.0158101157 	2006.8176674670 	 0.1556685738 	 0.0000590369 	 0.0679810326 	 0.1774309667 	 0.0002340258 	 0.0027114507 	 0.0000041786 	 0.0000023580 	 0.0000003232 	 0.7515766275 	
2908 	 8.0158515358 	2006.8297227175 	 0.1556677696 	 0.0000589942 	 0.0679812599 	 0.1774319012 	 0.0002338574 	 0.0027105074 	 0.0000041741 	 0.0000023576 	 0.0000003230 	 0.7515766252 	
2909 	 8.0158929558 	2006.8417779680 	 0.1556669654 	 0.0000589516 	 0.0679814872 	 0.1774328357 	 0.0002336889 	 0.0027095642 	 0.0000041696 	 0.0000023573 	 0.0000003227 	 0.7515766228 	
2910 	 8.0159343758 	2006.8538332185 	 0.1556661611 	 0.0000589090 	 0.0679817144 	 0.1774337702 	 0.0002335205 	 0.0027086209 	 0.0000041650 	 0.0000023570 	 0.0000003225 	 0.7515766205 	
2911 	 8.0159757958 	2006.8658884690 	 0.1556653569 	 0.0000588663 	 0.0679819417 	 0.1774347047 	 0.0002333521 	 0.0027076776 	 0.0000041605 	 0.0000023567 	 0.0000003223 	 0.7515766181 	
2912 	 8.0160172158 	2006.8779437195 	 0.1556645527 	 0.0000588237 	 0.0679821690 	 0.1774356392 	 0.0002331836 	 0.0027067344 	 0.0000041560 	 0.0000023564 	 0.0000003221 	 0.7515766158 	
2913 	 8.0160586358 	2006.8899989700 	 0.1556637484 	 0.0000587811 	 0.0679823962 	 0.1774365737 	 0.0002330152 	 0.0027057911 	 0.0000041514 	 0.0000023560 	 0.0000003218 	 0.7515766134 	
2914 	 8.0161000558 	2006.9020542206 	 0.1556629442 	 0.0000587385 	 0.0679826235 	 0.1774375082 	 0.0002328467 	 0.0027048478 	 0.0000041469 	 0.0000023557 	 0.0000003216 	 0.7515766111 	
2915 	 8.0161414758 	2006.9141094711 	 0.1556621400 	 0.0000586958 	 0.0679828508 	 0.1774384427 	 0.0002326783 	 0.0027039046 	 0.0000041424 	 0.0000023554 	 0.0000003214 	 0.7515766087 	
2916 	 8.0161828958 	2006.9261647216 	 0.1556613357 	 0.0000586532 	 0.0679830780 	 0.1774393772 	 0.0002325098 	 0.0027029613 	 0.0000041379 	 0.0000023551 	 0.0000003211 	 0.7515766064 	
2917 	 8.0162243158 	2006.9382199721 	 0.1556605315 	 0.0000586106 	 0.0679833053 	 0.1774403117 	 0.0002323414 	 0.0027020181 	 0.0000041333 	 0.0000023547 	 0.0000003209 	 0.7515766040 	
2918 	 8.0162657358 	2006.9502752226 	 0.1556597273 	 0.0000585679 	 0.0679835326 	 0.1774412462 	 0.0002321730 	 0.0027010748 	 0.0000041288 	 0.0000023544 	 0.0000003207 	 0.7515766017 	
2919 	 8.0163071558 	2006.9623304731 	 0.1556589230 	 0.0000585253 	 0.0679837598 	 0.1774421808 	 0.0002320045 	 0.0027001315 	 0.0000041243 	 0.0000023541 	 0.0000003204 	 0.7515765993 	
2920 	 8.0163485758 	2006.9743857236 	 0.1556581188 	 0.0000584827 	 0.0679839871 	 0.1774431153 	 0.0002318361 	 0.0026991883 	 0.0000041197 	 0.0000023538 	 0.0000003202 	 0.7515765970 	
2921 	 8.0163899958 	2006.9864409741 	 0.1556573146 	 0.0000584401 	 0.0679842143 	 0.1774440498 	 0.0002316676 	 0.0026982450 	 0.0000041152 	 0.0000023535 	 0.0000003200 	 0.7515765946 	
2922 	 8.0164314158 	2006.9984962246 	 0.1556565103 	 0.0000583974 	 0.0679844416 	 0.1774449843 	 0.0002314992 	 0.0026973017 	 0.0000041107 	 0.0000023531 	 0.0000003197 	 0.7515765923 	
2923 	 8.0164728358 	2007.0105514751 	 0.1556557061 	 0.0000583548 	 0.0679846689 	 0.1774459188 	 0.0002313307 	 0.0026963585 	 0.0000041061 	 0.0000023528 	 0.0000003195 	 0.7515765899 	
2924 	 8.0165142558 	2007.0226067256 	 0.1556549019 	 0.0000583122 	 0.0679848961 	 0.1774468533 	 0.0002311623 	 0.0026954152 	 0.0000041016 	 0.0000023525 	 0.0000003193 	 0.7515765875 	
2925 	 8.0165556758 	2007.0346619761 	 0.1556540976 	 0.0000582695 	 0.0679851234 	 0.1774477878 	 0.0002309939 	 0.0026944720 	 0.0000040971 	 0.0000023522 	 0.0000003190 	 0.7515765852 	
2926 	 8.0165970958 	2007.0467172266 	 0.1556532934 	 0.0000582269 	 0.0679853507 	 0.1774487223 	 0.0002308254 	 0.0026935287 	 0.0000040926 	 0.0000023518 	 0.0000003188 	 0.7515765828 	
2927 	 8.0166385158 	2007.0587724771 	 0.1556524892 	 0.0000581843 	 0.0679855779 	 0.1774496568 	 0.0002306570 	 0.0026925854 	 0.0000040880 	 0.0000023515 	 0.0000003186 	 0.7515765805 	
2928 	 8.0166799358 	2007.0708277277 	 0.1556516849 	 0.0000581416 	 0.0679858052 	 0.1774505913 	 0.0002304885 	 0.0026916422 	 0.0000040835 	 0.0000023512 	 0.0000003183 	 0.7515765781 	
2929 	 8.0167213558 	2007.0828829782 	 0.1556508807 	 0.0000580990 	 0.0679860325 	 0.1774515258 	 0.0002303201 	 0.0026906989 	 0.0000040790 	 0.0000023509 	 0.0000003181 	 0.7515765758 	
2930 	 8.0167627758 	2007.0949382287 	 0.1556500765 	 0.0000580564 	 0.0679862597 	 0.1774524603 	 0.0002301516 	 0.0026897556 	 0.0000040744 	 0.0000023505 	 0.0000003179 	 0.7515765734 	
2931 	 8.0168041958 	2007.1069934792 	 0.1556492722 	 0.0000580138 	 0.0679864870 	 0.1774533948 	 0.0002299832 	 0.0026888124 	 0.0000040699 	 0.0000023502 	 0.0000003176 	 0.7515765711 	
2932 	 8.0168456158 	2007.1190487297 	 0.1556484680 	 0.0000579711 	 0.0679867143 	 0.1774543293 	 0.0002298148 	 0.0026878691 	 0.0000040654 	 0.0000023499 	 0.0000003174 	 0.7515765687 	
2933 	 8.0168870358 	2007.1311039802 	 0.1556476638 	 0.0000579285 	 0.0679869415 	 0.1774552638 	 0.0002296463 	 0.0026869259 	 0.0000040608 	 0.0000023496 	 0.0000003172 	 0.7515765664 	
2934 	 8.0169284558 	2007.1431592307 	 0.1556468595 	 0.0000578859 	 0.0679871688 	 0.1774561983 	 0.0002294779 	 0.0026859826 	 0.0000040563 	 0.0000023493 	 0.0000003170 	 0.7515765640 	
2935 	 8.0169698758 	2007.1552144812 	 0.1556460553 	 0.0000578432 	 0.0679873961 	 0.1774571329 	 0.0002293094 	 0.0026850393 	 0.0000040518 	 0.0000023489 	 0.0000003167 	 0.7515765617 	
2936 	 8.0170112958 	2007.1672697317 	 0.1556452511 	 0.0000578006 	 0.0679876233 	 0.1774580674 	 0.0002291410 	 0.0026840961 	 0.0000040473 	 0.0000023486 	 0.0000003165 	 0.7515765593 	
2937 	 8.0170527158 	2007.1793249822 	 0.1556444468 	 0.0000577580 	 0.0679878506 	 0.1774590019 	 0.0002289726 	 0.0026831528 	 0.0000040427 	 0.0000023483 	 0.0000003163 	 0.7515765570 	
2938 	 8.0170941358 	2007.1913802327 	 0.1556436426 	 0.0000577154 	 0.0679880779 	 0.1774599364 	 0.0002288041 	 0.0026822095 	 0.0000040382 	 0.0000023480 	 0.0000003160 	 0.7515765546 	
2939 	 8.0171355558 	2007.2034354832 	 0.1556428384 	 0.0000576727 	 0.0679883051 	 0.1774608709 	 0.0002286357 	 0.0026812663 	 0.0000040337 	 0.0000023476 	 0.0000003158 	 0.7515765523 	
2940 	 8.0171769758 	2007.2154907337 	 0.1556420341 	 0.0000576301 	 0.0679885324 	 0.1774618054 	 0.0002284672 	 0.0026803230 	 0.0000040291 	 0.0000023473 	 0.0000003156 	 0.7515765499 	
2941 	 8.0172183959 	2007.2275459843 	 0.1556412299 	 0.0000575875 	 0.0679887597 	 0.1774627399 	 0.0002282988 	 0.0026793797 	 0.0000040246 	 0.0000023470 	 0.0000003153 	 0.7515765475 	
2942 	 8.0172598159 	2007.2396012348 	 0.1556404257 	 0.0000575448 	 0.0679889869 	 0.1774636744 	 0.0002281303 	 0.0026784365 	 0.0000040201 	 0.0000023467 	 0.0000003151 	 0.7515765452 	
2943 	 8.0173012359 	2007.2516564853 	 0.1556396214 	 0.0000575022 	 0.0679892142 	 0.1774646089 	 0.0002279619 	 0.0026774932 	 0.0000040155 	 0.0000023464 	 0.0000003149 	 0.7515765428 	
2944 	 8.0173426559 	2007.2637117358 	 0.1556388172 	 0.0000574596 	 0.0679894415 	 0.1774655434 	 0.0002277935 	 0.0026765500 	 0.0000040110 	 0.0000023460 	 0.0000003146 	 0.7515765405 	
2945 	 8.0173840759 	2007.2757669863 	 0.1556380130 	 0.0000574169 	 0.0679896687 	 0.1774664779 	 0.0002276250 	 0.0026756067 	 0.0000040065 	 0.0000023457 	 0.0000003144 	 0.7515765381 	
2946 	 8.0174254959 	2007.2878222368 	 0.1556372087 	 0.0000573743 	 0.0679898960 	 0.1774674124 	 0.0002274566 	 0.0026746634 	 0.0000040020 	 0.0000023454 	 0.0000003142 	 0.7515765358 	
2947 	 8.0174669159 	2007.2998774873 	 0.1556364045 	 0.0000573317 	 0.0679901233 	 0.1774683469 	 0.0002272881 	 0.0026737202 	 0.0000039974 	 0.0000023451 	 0.0000003139 	 0.7515765334 	
2948 	 8.0175083359 	2007.3119327378 	 0.1556356003 	 0.0000572891 	 0.0679903505 	 0.1774692814 	 0.0002271197 	 0.0026727769 	 0.0000039929 	 0.0000023447 	 0.0000003137 	 0.7515765311 	
2949 	 8.0175497559 	2007.3239879883 	 0.1556347960 	 0.0000572464 	 0.0679905778 	 0.1774702159 	 0.0002269512 	 0.0026718336 	 0.0000039884 	 0.0000023444 	 0.0000003135 	 0.7515765287 	
2950 	 8.0175906661 	2007.3358948778 	 0.1556340018 	 0.0000572044 	 0.0679908035 	 0.1774711392 	 0.0002267850 	 0.0026709002 	 0.0000039839 	 0.0000023441 	 0.0000003132 	 0.7515765264 	
2951 	 8.0176289761 	2007.3470451258 	 0.1556332583 	 0.0000571652 	 0.0679910211 	 0.1774720054 	 0.0002266304 	 0.0026700170 	 0.0000039798 	 0.0000023438 	 0.0000003130 	 0.7515765242 	
2952 	 8.0176672862 	2007.3581953738 	 0.1556325148 	 0.0000571261 	 0.0679912387 	 0.1774728715 	 0.0002264757 	 0.0026691339 	 0.0000039757 	 0.0000023436 	 0.0000003128 	 0.7515765221 	
2953 	 8.0177055963 	2007.3693456218 	 0.1556317713 	 0.0000570869 	 0.0679914563 	 0.1774737377 	 0.0002263210 	 0.0026682507 	 0.0000039717 	 0.0000023433 	 0.0000003126 	 0.7515765199 	
2954 	 8.0177439064 	2007.3804958698 	 0.1556310278 	 0.0000570478 	 0.0679916739 	 0.1774746038 	 0.0002261663 	 0.0026673675 	 0.0000039676 	 0.0000023430 	 0.0000003124 	 0.7515765177 	
2955 	 8.0177822165 	2007.3916461178 	 0.1556302843 	 0.0000570086 	 0.0679918916 	 0.1774754700 	 0.0002260116 	 0.0026664843 	 0.0000039635 	 0.0000023427 	 0.0000003122 	 0.7515765156 	
2956 	 8.0178205266 	2007.4027963658 	 0.1556295408 	 0.0000569695 	 0.0679921092 	 0.1774763361 	 0.0002258569 	 0.0026656011 	 0.0000039594 	 0.0000023424 	 0.0000003120 	 0.7515765134 	
2957 	 8.0178588367 	2007.4139466138 	 0.1556287974 	 0.0000569303 	 0.0679923268 	 0.1774772023 	 0.0002257022 	 0.0026647179 	 0.0000039553 	 0.0000023422 	 0.0000003118 	 0.7515765112 	
2958 	 8.0178971468 	2007.4250968618 	 0.1556280539 	 0.0000568912 	 0.0679925444 	 0.1774780684 	 0.0002255475 	 0.0026638347 	 0.0000039512 	 0.0000023419 	 0.0000003115 	 0.7515765091 	
2959 	 8.0179354569 	2007.4362471098 	 0.1556273104 	 0.0000568520 	 0.0679927620 	 0.1774789346 	 0.0002253928 	 0.0026629516 	 0.0000039472 	 0.0000023416 	 0.0000003113 	 0.7515765069 	
2960 	 8.0179737669 	2007.4473973578 	 0.1556265669 	 0.0000568129 	 0.0679929796 	 0.1774798007 	 0.0002252381 	 0.0026620684 	 0.0000039431 	 0.0000023413 	 0.0000003111 	 0.7515765048 	
2961 	 8.0180120770 	2007.4585476058 	 0.1556258234 	 0.0000567738 	 0.0679931973 	 0.1774806669 	 0.0002250834 	 0.0026611852 	 0.0000039390 	 0.0000023411 	 0.0000003109 	 0.7515765026 	
2962 	 8.0180503871 	2007.4696978538 	 0.1556250799 	 0.0000567346 	 0.0679934149 	 0.1774815330 	 0.0002249288 	 0.0026603020 	 0.0000039349 	 0.0000023408 	 0.0000003107 	 0.7515765004 	
2963 	 8.0180886972 	2007.4808481019 	 0.1556243364 	 0.0000566955 	 0.0679936325 	 0.1774823992 	 0.0002247741 	 0.0026594188 	 0.0000039308 	 0.0000023405 	 0.0000003105 	 0.7515764983 	
2964 	 8.0181270073 	2007.4919983499 	 0.1556235930 	 0.0000566563 	 0.0679938501 	 0.1774832653 	 0.0002246194 	 0.0026585356 	 0.0000039267 	 0.0000023402 	 0.0000003103 	 0.7515764961 	
2965 	 8.0181653174 	2007.5031485979 	 0.1556228495 	 0.0000566172 	 0.0679940677 	 0.1774841315 	 0.0002244647 	 0.0026576525 	 0.0000039226 	 0.0000023399 	 0.0000003101 	 0.7515764939 	
2966 	 8.0182036275 	2007.5142988459 	 0.1556221060 	 0.0000565780 	 0.0679942853 	 0.1774849976 	 0.0002243100 	 0.0026567693 	 0.0000039186 	 0.0000023397 	 0.0000003098 	 0.7515764918 	
2967 	 8.0182419376 	2007.5254490939 	 0.1556213625 	 0.0000565389 	 0.0679945029 	 0.1774858638 	 0.0002241553 	 0.0026558861 	 0.0000039145 	 0.0000023394 	 0.0000003096 	 0.7515764896 	
2968 	 8.0182802477 	2007.5365993419 	 0.1556206190 	 0.0000564997 	 0.0679947206 	 0.1774867299 	 0.0002240006 	 0.0026550029 	 0.0000039104 	 0.0000023391 	 0.0000003094 	 0.7515764874 	
2969 	 8.0183185578 	2007.5477495899 	 0.1556198755 	 0.0000564606 	 0.0679949382 	 0.1774875961 	 0.0002238459 	 0.0026541197 	 0.0000039063 	 0.0000023388 	 0.0000003092 	 0.7515764853 	
2970 	 8.0183568678 	2007.5588998379 	 0.1556191320 	 0.0000564214 	 0.0679951558 	 0.1774884622 	 0.0002236912 	 0.0026532365 	 0.0000039022 	 0.0000023385 	 0.0000003090 	 0.7515764831 	
2971 	 8.0183951779 	2007.5700500859 	 0.1556183886 	 0.0000563823 	 0.0679953734 	 0.1774893283 	 0.0002235365 	 0.0026523534 	 0.0000038981 	 0.0000023383 	 0.0000003088 	 0.7515764809 	
2972 	 8.0184334880 	2007.5812003339 	 0.1556176451 	 0.0000563431 	 0.0679955910 	 0.1774901945 	 0.0002233818 	 0.0026514702 	 0.0000038941 	 0.0000023380 	 0.0000003086 	 0.7515764788 	
2973 	 8.0184717981 	2007.5923505819 	 0.1556169016 	 0.0000563040 	 0.0679958086 	 0.1774910606 	 0.0002232272 	 0.0026505870 	 0.0000038900 	 0.0000023377 	 0.0000003084 	 0.7515764766 	
2974 	 8.0185101082 	2007.6035008299 	 0.1556161581 	 0.0000562648 	 0.0679960262 	 0.1774919268 	 0.0002230725 	 0.0026497038 	 0.0000038859 	 0.0000023374 	 0.0000003081 	 0.7515764744 	
2975 	 8.0185484183 	2007.6146510780 	 0.1556154146 	 0.0000562257 	 0.0679962439 	 0.1774927929 	 0.0002229178 	 0.0026488206 	 0.0000038818 	 0.0000023372 	 0.0000003079 	 0.7515764723 	
2976 	 8.0185867284 	2007.6258013260 	 0.1556146711 	 0.0000561865 	 0.0679964615 	 0.1774936591 	 0.0002227631 	 0.0026479374 	 0.0000038777 	 0.0000023369 	 0.0000003077 	 0.7515764701 	
2977 	 8.0186250385 	2007.6369515740 	 0.1556139276 	 0.0000561474 	 0.0679966791 	 0.1774945252 	 0.0002226084 	 0.0026470542 	 0.0000038736 	 0.0000023366 	 0.0000003075 	 0.7515764679 	
2978 	 8.0186633486 	2007.6481018220 	 0.1556131841 	 0.0000561082 	 0.0679968967 	 0.1774953914 	 0.0002224537 	 0.0026461711 	 0.0000038695 	 0.0000023363 	 0.0000003073 	 0.7515764658 	
2979 	 8.0187016586 	2007.6592520700 	 0.1556124407 	 0.0000560691 	 0.0679971143 	 0.1774962575 	 0.0002222990 	 0.0026452879 	 0.0000038655 	 0.0000023360 	 0.0000003071 	 0.7515764636 	
2980 	 8.0187399687 	2007.6704023180 	 0.1556116972 	 0.0000560300 	 0.0679973319 	 0.1774971237 	 0.0002221443 	 0.0026444047 	 0.0000038614 	 0.0000023358 	 0.0000003069 	 0.7515764614 	
2981 	 8.0187782788 	2007.6815525660 	 0.1556109537 	 0.0000559908 	 0.0679975496 	 0.1774979898 	 0.0002219896 	 0.0026435215 	 0.0000038573 	 0.0000023355 	 0.0000003067 	 0.7515764593 	
2982 	 8.0188165889 	2007.6927028140 	 0.1556102102 	 0.0000559517 	 0.0679977672 	 0.1774988560 	 0.0002218349 	 0.0026426383 	 0.0000038532 	 0.0000023352 	 0.0000003064 	 0.7515764571 	
2983 	 8.0188548990 	2007.7038530620 	 0.1556094667 	 0.0000559125 	 0.0679979848 	 0.1774997221 	 0.0002216802 	 0.0026417551 	 0.0000038491 	 0.0000023349 	 0.0000003062 	 0.7515764549 	
2984 	 8.0188932091 	2007.7150033100 	 0.1556087232 	 0.0000558734 	 0.0679982024 	 0.1775005883 	 0.0002215255 	 0.0026408720 	 0.0000038450 	 0.0000023347 	 0.0000003060 	 0.7515764528 	
2985 	 8.0189315192 	2007.7261535580 	 0.1556079797 	 0.0000558342 	 0.0679984200 	 0.1775014544 	 0.0002213709 	 0.0026399888 	 0.0000038410 	 0.0000023344 	 0.0000003058 	 0.7515764506 	
2986 	 8.0189698293 	2007.7373038060 	 0.1556072363 	 0.0000557951 	 0.0679986376 	 0.1775023206 	 0.0002212162 	 0.0026391056 	 0.0000038369 	 0.0000023341 	 0.0000003056 	 0.7515764485 	
2987 	 8.0190081394 	2007.7484540540 	 0.1556064928 	 0.0000557559 	 0.0679988552 	 0.1775031867 	 0.0002210615 	 0.0026382224 	 0.0000038328 	 0.0000023338 	 0.0000003054 	 0.7515764463 	
2988 	 8.0190464495 	2007.7596043021 	 0.1556057493 	 0.0000557168 	 0.0679990729 	 0.1775040529 	 0.0002209068 	 0.0026373392 	 0.0000038287 	 0.0000023335 	 0.0000003052 	 0.7515764441 	
2989 	 8.0190847595 	2007.7707545501 	 0.1556050058 	 0.0000556776 	 0.0679992905 	 0.1775049190 	 0.0002207521 	 0.0026364560 	 0.0000038246 	 0.0000023333 	 0.0000003050 	 0.7515764420 	
2990 	 8.0191230696 	2007.7819047981 	 0.1556042623 	 0.0000556385 	 0.0679995081 	 0.1775057852 	 0.0002205974 	 0.0026355728 	 0.0000038205 	 0.0000023330 	 0.0000003047 	 0.7515764398 	
2991 	 8.0191613797 	2007.7930550461 	 0.1556035188 	 0.0000555993 	 0.0679997257 	 0.1775066513 	 0.0002204427 	 0.0026346897 	 0.0000038164 	 0.0000023327 	 0.0000003045 	 0.7515764376 	
2992 	 8.0191996898 	2007.8042052941 	 0.1556027753 	 0.0000555602 	 0.0679999433 	 0.1775075175 	 0.0002202880 	 0.0026338065 	 0.0000038124 	 0.0000023324 	 0.0000003043 	 0.7515764355 	
2993 	 8.0192379999 	2007.8153555421 	 0.1556020319 	 0.0000555210 	 0.0680001609 	 0.1775083836 	 0.0002201333 	 0.0026329233 	 0.0000038083 	 0.0000023322 	 0.0000003041 	 0.7515764333 	
2994 	 8.0192763100 	2007.8265057901 	 0.1556012884 	 0.0000554819 	 0.0680003785 	 0.1775092498 	 0.0002199786 	 0.0026320401 	 0.0000038042 	 0.0000023319 	 0.0000003039 	 0.7515764311 	
2995 	 8.0193146201 	2007.8376560381 	 0.1556005449 	 0.0000554427 	 0.0680005962 	 0.1775101159 	 0.0002198239 	 0.0026311569 	 0.0000038001 	 0.0000023316 	 0.0000003037 	 0.7515764290 	
2996 	 8.0193529302 	2007.8488062861 	 0.1555998014 	 0.0000554036 	 0.0680008138 	 0.1775109820 	 0.0002196693 	 0.0026302737 	 0.0000037960 	 0.0000023313 	 0.0000003035 	 0.7515764268 	
2997 	 8.0193912403 	2007.8599565341 	 0.1555990579 	 0.0000553645 	 0.0680010314 	 0.1775118482 	 0.0002195146 	 0.0026293906 	 0.0000037919 	 0.0000023310 	 0.0000003033 	 0.7515764246 	
2998 	 8.0194295503 	2007.8711067821 	 0.1555983144 	 0.0000553253 	 0.0680012490 	 0.1775127143 	 0.0002193599 	 0.0026285074 	 0.0000037879 	 0.0000023308 	 0.0000003030 	 0.7515764225 	
2999 	 8.0194678604 	2007.8822570301 	 0.1555975709 	 0.0000552862 	 0.0680014666 	 0.1775135805 	 0.0002192052 	 0.0026276242 	 0.0000037838 	 0.0000023305 	 0.0000003028 	 0.7515764203 	
